{"type": "FeatureCollection", "features": [{"type": "Feature", "properties": {"name": "Сумский район", "NAME_1": "Сумская область", "osm_id": 11795528}, "geometry": {"type": "Polygon", "coordinates": [[[34.0131884, 51.0536971], [34.0178216, 51.0518046], [34.0232885, 51.0504165], [34.0237445, 51.0493493], [34.02526, 51.0473092], [34.022634, 51.0451786], [34.0207236, 51.0436531], [34.0247714, 51.0411925], [34.0261478, 51.0402554], [34.0274276, 51.0405869], [34.0276274, 51.0404309], [34.0279692, 51.0404112], [34.0282822, 51.0400629], [34.0281546, 51.0399851], [34.0298724, 51.0384189], [34.0309131, 51.0373665], [34.0323239, 51.0355078], [34.0372002, 51.02871], [34.0426251, 51.0213497], [34.0471539, 51.014779], [34.0496797, 51.0157864], [34.0595259, 51.0131647], [34.0603275, 51.0141025], [34.0627992, 51.0134657], [34.0633254, 51.0129449], [34.0636468, 51.0128164], [34.0652883, 51.0124587], [34.0670103, 51.0121583], [34.0678364, 51.0119862], [34.0686947, 51.0116723], [34.0695906, 51.0112031], [34.0704811, 51.0106462], [34.0712428, 51.0102581], [34.0721226, 51.0096202], [34.0724337, 51.0096033], [34.0732491, 51.0087224], [34.0741378, 51.0079476], [34.0743434, 51.0078785], [34.0746224, 51.0078076], [34.0749818, 51.0078009], [34.0750998, 51.00773], [34.0750623, 51.0071562], [34.0752554, 51.0067309], [34.0755558, 51.0063461], [34.0772939, 51.0052895], [34.078281, 51.0045259], [34.0786993, 51.0040541], [34.0788442, 51.0035849], [34.079563, 51.0026228], [34.0797508, 51.002454], [34.0799385, 51.0023966], [34.0814867, 51.0011866], [34.0814812, 51.0008902], [34.0815704, 51.0006988], [34.0814942, 51.0006175], [34.0810798, 51.0005558], [34.0808077, 51.000405], [34.0802914, 50.9994899], [34.0804921, 50.998884], [34.0805817, 50.99828], [34.0806464, 50.9980702], [34.0808724, 50.9977725], [34.0812511, 50.9974824], [34.0817088, 50.9972449], [34.0821058, 50.9970812], [34.0826315, 50.9970423], [34.0833288, 50.9970288], [34.0843058, 50.9971045], [34.0852761, 50.9969816], [34.085602, 50.9954009], [34.0857589, 50.9945844], [34.0850686, 50.9943426], [34.0847129, 50.9941556], [34.0842354, 50.9939767], [34.0826905, 50.993737], [34.0823656, 50.9939913], [34.0810616, 50.9939136], [34.080711, 50.9938281], [34.0805876, 50.9937032], [34.0805525, 50.9935794], [34.0807217, 50.9932271], [34.0806642, 50.9930261], [34.0803686, 50.9928049], [34.0799692, 50.9926563], [34.0798473, 50.9925721], [34.07974, 50.9923864], [34.0803255, 50.9914905], [34.0808759, 50.9904477], [34.0745467, 50.9897019], [34.0723888, 50.9895425], [34.0719633, 50.9874325], [34.0712416, 50.985281], [34.0699663, 50.9807609], [34.0689935, 50.976921], [34.0677417, 50.9730662], [34.0674716, 50.9707718], [34.0666938, 50.9675693], [34.0664089, 50.9666172], [34.0661411, 50.9660998], [34.0663877, 50.9660198], [34.0643227, 50.9634138], [34.0643442, 50.9630253], [34.0614121, 50.9606471], [34.0593177, 50.9597715], [34.057703, 50.9590451], [34.054855, 50.9572006], [34.0499027, 50.9550813], [34.0475333, 50.9542211], [34.0474248, 50.9540541], [34.047457, 50.9538953], [34.0487337, 50.9529964], [34.0491575, 50.9523138], [34.0490931, 50.9514858], [34.0484065, 50.9508843], [34.0470493, 50.9501847], [34.0463269, 50.9501146], [34.0468347, 50.9491235], [34.0470931, 50.948793], [34.0473608, 50.9485748], [34.0477541, 50.9481963], [34.0483421, 50.9483665], [34.0486532, 50.9483935], [34.0489215, 50.9483698], [34.049297, 50.9482921], [34.0496876, 50.9481029], [34.0511377, 50.9471853], [34.0531433, 50.9459972], [34.0538138, 50.9458587], [34.0556569, 50.9455894], [34.0579266, 50.9450071], [34.0588228, 50.9449941], [34.0603502, 50.944851], [34.0624788, 50.9448234], [34.0656713, 50.9445547], [34.0713125, 50.9440538], [34.0710458, 50.9423382], [34.0706205, 50.9400348], [34.0709975, 50.9384064], [34.0712643, 50.9371141], [34.07163, 50.9344046], [34.0772089, 50.9351889], [34.0831607, 50.9361226], [34.0863797, 50.9366182], [34.0938682, 50.9377096], [34.0946048, 50.9370634], [34.0948945, 50.9364312], [34.095844, 50.9354373], [34.0962303, 50.9352987], [34.0966058, 50.9352852], [34.0970886, 50.9354002], [34.0979416, 50.9357526], [34.0985638, 50.9359174], [34.0993255, 50.9360661], [34.0999049, 50.9361033], [34.100334, 50.9360763], [34.1012514, 50.9358498], [34.1024315, 50.9353427], [34.103499, 50.9348052], [34.1051352, 50.9333582], [34.1052961, 50.9328173], [34.1052854, 50.9324555], [34.1054571, 50.9321107], [34.1059613, 50.9316847], [34.1066855, 50.9311573], [34.1075063, 50.9306704], [34.1088313, 50.9299773], [34.1107839, 50.9290407], [34.1117558, 50.9285148], [34.1112935, 50.9280568], [34.1104674, 50.9275936], [34.1099095, 50.9273907], [34.1095018, 50.9273671], [34.1089332, 50.927242], [34.1084236, 50.9266773], [34.107855, 50.9263933], [34.1067231, 50.9260957], [34.1056716, 50.9257474], [34.1048241, 50.9253484], [34.1039067, 50.9247804], [34.1034347, 50.9245301], [34.1027372, 50.9243057], [34.1020882, 50.9243543], [34.1010235, 50.9242535], [34.0994826, 50.9239988], [34.0984299, 50.9239224], [34.0998976, 50.9203661], [34.1011993, 50.9172563], [34.1032224, 50.9123041], [34.1034078, 50.9120713], [34.1042668, 50.9099182], [34.1063599, 50.9050618], [34.1070252, 50.9041634], [34.1075055, 50.9020237], [34.1088068, 50.9002267], [34.111003, 50.897152], [34.1150074, 50.8916668], [34.1200402, 50.8847394], [34.1234922, 50.8798874], [34.1299212, 50.8711448], [34.1357565, 50.873091], [34.1377525, 50.8735923], [34.1385262, 50.8737328], [34.1403466, 50.8742605], [34.1415348, 50.8750343], [34.1418171, 50.8751487], [34.1426073, 50.8751093], [34.1427773, 50.8751961], [34.1430134, 50.8752502], [34.1435873, 50.8752265], [34.1438234, 50.8753348], [34.1446227, 50.8754533], [34.1448265, 50.8755549], [34.1451216, 50.8758324], [34.1453254, 50.8759204], [34.14554, 50.8759475], [34.1460657, 50.8759171], [34.1473041, 50.8760092], [34.1488795, 50.876421], [34.1495311, 50.8765162], [34.1505343, 50.8769935], [34.151394, 50.87717], [34.1529, 50.8773929], [34.1532969, 50.8773184], [34.1537631, 50.8775054], [34.1542947, 50.8785065], [34.1546071, 50.8787652], [34.1555661, 50.8789871], [34.156556, 50.8791028], [34.1576958, 50.8790751], [34.1589457, 50.8791293], [34.159537, 50.8792691], [34.1615305, 50.880022], [34.1635001, 50.8808758], [34.1641291, 50.8813118], [34.164809, 50.881573], [34.1655976, 50.8817591], [34.1664022, 50.8817524], [34.1669548, 50.8816813], [34.1680169, 50.881309], [34.1686553, 50.8812582], [34.1692078, 50.8813631], [34.1703451, 50.8814511], [34.1720509, 50.8784016], [34.1728548, 50.8764516], [34.1733298, 50.8756561], [34.1742367, 50.8735388], [34.1836109, 50.8696006], [34.1851007, 50.8642802], [34.1852474, 50.8636958], [34.1854244, 50.8634587], [34.1854727, 50.8631371], [34.1853064, 50.8628967], [34.1851884, 50.8625276], [34.1851079, 50.8621044], [34.1851832, 50.8618107], [34.1855854, 50.8612308], [34.1859877, 50.8607771], [34.1861325, 50.8604317], [34.1862076, 50.8600626], [34.1864243, 50.8596583], [34.1867709, 50.8594125], [34.1869962, 50.8585964], [34.1869801, 50.8577058], [34.1874751, 50.8551048], [34.187546, 50.8540742], [34.1873334, 50.8533878], [34.1866105, 50.8527027], [34.1848685, 50.8514914], [34.183283, 50.8506594], [34.1828353, 50.8500301], [34.1824191, 50.8490975], [34.1816396, 50.8469954], [34.1820127, 50.8460589], [34.1826543, 50.8453145], [34.1827083, 50.8450273], [34.1833591, 50.844616], [34.1838849, 50.8439656], [34.1843677, 50.8428749], [34.1849899, 50.8419739], [34.1851737, 50.841037], [34.1837466, 50.8398538], [34.1834528, 50.8385792], [34.1829733, 50.8373896], [34.1823068, 50.8365369], [34.1818678, 50.8361099], [34.1813459, 50.8358331], [34.1805106, 50.8355306], [34.1789114, 50.8351088], [34.1765674, 50.8341285], [34.1747975, 50.8333148], [34.1728363, 50.8324888], [34.1696666, 50.8309944], [34.1688216, 50.8298962], [34.167974, 50.8285883], [34.1669642, 50.8263004], [34.1653182, 50.8228205], [34.1644078, 50.8202751], [34.1634281, 50.8173208], [34.1617812, 50.8126286], [34.1603912, 50.8089846], [34.1582466, 50.8090626], [34.1520739, 50.8092736], [34.1475683, 50.8094616], [34.1439707, 50.8095975], [34.1423915, 50.8096515], [34.1420781, 50.8045047], [34.1414715, 50.8007723], [34.145212, 50.8005593], [34.1509044, 50.8003341], [34.1535115, 50.8000425], [34.1536832, 50.7998289], [34.1557938, 50.8001354], [34.1573354, 50.7979921], [34.1594382, 50.7976478], [34.1603351, 50.7973639], [34.1618639, 50.796618], [34.1619812, 50.7965273], [34.1617082, 50.7949254], [34.1624639, 50.7922508], [34.1630495, 50.7901718], [34.1633115, 50.787088], [34.1631621, 50.7862989], [34.1625988, 50.7843793], [34.1623001, 50.7823684], [34.1612868, 50.775942], [34.1639501, 50.7738561], [34.1664379, 50.7724492], [34.1667563, 50.772134], [34.1671425, 50.7716896], [34.1695992, 50.7695764], [34.1703746, 50.7689348], [34.1718125, 50.7679397], [34.1740341, 50.7670249], [34.1747278, 50.7669228], [34.1772973, 50.7666989], [34.1781764, 50.7665219], [34.1756329, 50.7630389], [34.1732792, 50.7599212], [34.1718471, 50.7580598], [34.1712248, 50.7574286], [34.1703864, 50.7563786], [34.1698968, 50.7561189], [34.1668449, 50.7551327], [34.1638037, 50.7541428], [34.1613279, 50.752703], [34.159922, 50.7520088], [34.157307, 50.7508433], [34.1545169, 50.749349], [34.1535075, 50.7485325], [34.1525835, 50.7479936], [34.1521921, 50.7477325], [34.1505174, 50.7466153], [34.1475938, 50.744876], [34.1464906, 50.7441523], [34.1560963, 50.7386321], [34.16389, 50.7341631], [34.1552324, 50.7280064], [34.1511477, 50.7252884], [34.1477609, 50.7230596], [34.147439, 50.7230121], [34.147321, 50.722951], [34.1472566, 50.7227676], [34.1470581, 50.7224721], [34.1448816, 50.7209723], [34.1417395, 50.7187895], [34.1401327, 50.7198197], [34.1385719, 50.7207772], [34.1345698, 50.7232498], [34.1340913, 50.7235959], [34.1325257, 50.725287], [34.1282441, 50.730056], [34.1279011, 50.7302737], [34.1268825, 50.7299633], [34.1265128, 50.7299703], [34.1225414, 50.7283087], [34.1221243, 50.7282961], [34.120869, 50.7281636], [34.1196459, 50.7278818], [34.1190174, 50.7281416], [34.1181976, 50.7278275], [34.1102217, 50.7249731], [34.1028544, 50.7223874], [34.1019756, 50.7219491], [34.1007282, 50.7210938], [34.0988374, 50.7198231], [34.0979683, 50.7193204], [34.0968418, 50.7185121], [34.0967345, 50.7183049], [34.0933442, 50.7160055], [34.0928453, 50.715547], [34.091692, 50.7147318], [34.0900853, 50.7136403], [34.085461, 50.7105842], [34.0809772, 50.7075543], [34.0826154, 50.7064432], [34.0841267, 50.7053342], [34.0888076, 50.7019772], [34.0894201, 50.7015976], [34.0921283, 50.6995782], [34.0970451, 50.695946], [34.1058677, 50.6913824], [34.1098348, 50.6892704], [34.1153026, 50.6864591], [34.1180744, 50.6854778], [34.1208442, 50.6841575], [34.1248504, 50.6816462], [34.127596, 50.6798794], [34.1285494, 50.6791773], [34.1319186, 50.6758312], [34.1320002, 50.675705], [34.1324126, 50.6753713], [34.1343946, 50.6734758], [34.1359209, 50.672328], [34.1362649, 50.672132], [34.1366082, 50.671877], [34.1387694, 50.671518], [34.1398457, 50.6712742], [34.1403419, 50.6710509], [34.140712, 50.6706191], [34.1414759, 50.669614], [34.1431264, 50.6668178], [34.1440755, 50.665264], [34.1449261, 50.6640217], [34.1453898, 50.6633225], [34.1458343, 50.6627984], [34.1463393, 50.6622207], [34.1481788, 50.6606118], [34.1508132, 50.6591296], [34.1520739, 50.6585175], [34.1532418, 50.6573915], [34.1551477, 50.656562], [34.1587764, 50.6551918], [34.1603672, 50.6552221], [34.1659695, 50.6532697], [34.1699851, 50.6518736], [34.1723192, 50.6510489], [34.1724801, 50.6512258], [34.175373, 50.6500275], [34.1776621, 50.6490965], [34.1778499, 50.6489639], [34.1792017, 50.6483856], [34.180496, 50.6477507], [34.1832273, 50.6463379], [34.1833806, 50.6463447], [34.1833591, 50.6461049], [34.1832888, 50.6460695], [34.1830357, 50.6435171], [34.1825091, 50.6389992], [34.1822326, 50.6362987], [34.1823643, 50.636294], [34.1856712, 50.6345295], [34.1882086, 50.6329813], [34.1924084, 50.6302338], [34.1946244, 50.6285475], [34.1971415, 50.6264486], [34.1988756, 50.6249787], [34.2009491, 50.6232387], [34.2035307, 50.6212195], [34.2065334, 50.6185998], [34.2081907, 50.6170258], [34.2113507, 50.614437], [34.2142126, 50.6119453], [34.2205964, 50.6063672], [34.2215614, 50.6055268], [34.224549, 50.6029512], [34.2273363, 50.6005409], [34.2227162, 50.5982807], [34.2233018, 50.5966616], [34.2239973, 50.5947044], [34.2244238, 50.5925822], [34.224674, 50.5901274], [34.2250687, 50.5874734], [34.2273769, 50.5844151], [34.228152, 50.5824839], [34.2272079, 50.5815028], [34.2293168, 50.5789933], [34.2298794, 50.5782054], [34.2300779, 50.5774662], [34.2301097, 50.5767886], [34.23011, 50.5754631], [34.230212, 50.5741106], [34.2324462, 50.569035], [34.232486, 50.5687221], [34.2244179, 50.5683155], [34.2247967, 50.5654749], [34.2251748, 50.5625907], [34.2256593, 50.5590332], [34.2264441, 50.5533461], [34.2281601, 50.5540009], [34.2292893, 50.5541781], [34.2308101, 50.5542932], [34.2323309, 50.5543247], [34.2342648, 50.554294], [34.2362255, 50.5539566], [34.2372522, 50.5537388], [34.2376041, 50.5518724], [34.2381138, 50.5495137], [34.23885, 50.5454467], [34.2391385, 50.5440004], [34.2396221, 50.5412822], [34.2407235, 50.5356561], [34.2413125, 50.5319991], [34.2434074, 50.5301888], [34.2449007, 50.5287908], [34.2477793, 50.5255195], [34.2467909, 50.5246351], [34.2460016, 50.5239506], [34.2475505, 50.5203118], [34.2481345, 50.5194572], [34.2490298, 50.5186109], [34.2497294, 50.515231], [34.2500314, 50.5136836], [34.2509543, 50.5092422], [34.2518324, 50.5049897], [34.2524794, 50.5019458], [34.2527275, 50.5006901], [34.2531725, 50.4985782], [34.2540106, 50.4947937], [34.2550317, 50.4901625], [34.2546613, 50.4880277], [34.2541017, 50.484843], [34.2531413, 50.4790621], [34.2522059, 50.4730574], [34.2509774, 50.4667553], [34.2497066, 50.4602515], [34.2489976, 50.4602115], [34.248993, 50.4579162], [34.2493526, 50.4531788], [34.2502994, 50.452348], [34.2508847, 50.4484051], [34.2517175, 50.4432582], [34.2520272, 50.4408763], [34.2528603, 50.4406889], [34.2545821, 50.4396], [34.255986, 50.4391686], [34.2571274, 50.4379669], [34.2585259, 50.4366316], [34.2586923, 50.4351789], [34.2597786, 50.4347152], [34.2614673, 50.433793], [34.2629675, 50.4327896], [34.264584, 50.4319633], [34.2661401, 50.4316609], [34.2685028, 50.4315876], [34.2697198, 50.431836], [34.2717063, 50.4323138], [34.2726459, 50.430906], [34.2752325, 50.4270303], [34.2757271, 50.4267275], [34.2765812, 50.4252553], [34.2786573, 50.4214623], [34.2810067, 50.4202233], [34.2837557, 50.4172435], [34.2876352, 50.4134067], [34.2878208, 50.4127029], [34.2954177, 50.4092404], [34.296112, 50.4089239], [34.3014052, 50.4064861], [34.3104128, 50.4024483], [34.3225934, 50.3974818], [34.3305042, 50.3942636], [34.3385664, 50.391174], [34.3426111, 50.3901283], [34.3519881, 50.3842633], [34.3598667, 50.3794141], [34.3641703, 50.3770683], [34.3668148, 50.3758954], [34.3692935, 50.3773649], [34.3699694, 50.3769406], [34.3707738, 50.3758132], [34.3717717, 50.3749451], [34.3728204, 50.3745521], [34.3736392, 50.373924], [34.3738666, 50.3721373], [34.3743012, 50.3717548], [34.3820991, 50.3693756], [34.3896458, 50.3673589], [34.3909906, 50.3670125], [34.3944983, 50.3678119], [34.3953256, 50.3679387], [34.3957605, 50.3682265], [34.3966083, 50.368679], [34.3981217, 50.3704399], [34.3989086, 50.3711697], [34.399631, 50.3716965], [34.4003284, 50.3720865], [34.4029064, 50.3731654], [34.4007282, 50.3744636], [34.4148559, 50.3800242], [34.4187551, 50.3816563], [34.4250849, 50.3841403], [34.4273022, 50.3815875], [34.4333201, 50.3824567], [34.4394629, 50.3833935], [34.4429651, 50.3839099], [34.4495069, 50.3847707], [34.4540995, 50.3854809], [34.4554374, 50.3858474], [34.4607226, 50.3870094], [34.4616685, 50.3874009], [34.4627852, 50.3881099], [34.4702254, 50.3928304], [34.4728776, 50.3945581], [34.485957, 50.3884147], [34.4936185, 50.3949413], [34.4881461, 50.3975592], [34.484298, 50.399395], [34.4813625, 50.4008099], [34.4840016, 50.4031338], [34.4857302, 50.4049041], [34.4876155, 50.4067598], [34.4894582, 50.4089962], [34.4926912, 50.4134916], [34.4959009, 50.4181849], [34.4972376, 50.4202522], [34.498075, 50.4218145], [34.4994413, 50.4243778], [34.5008975, 50.4271549], [34.5033018, 50.4318236], [34.5066937, 50.4310683], [34.5105845, 50.4403934], [34.5105565, 50.4406091], [34.5100368, 50.4410501], [34.5113521, 50.4450032], [34.5130479, 50.4499785], [34.5136144, 50.4501813], [34.5175987, 50.450191], [34.5240075, 50.4493915], [34.5282438, 50.4488351], [34.5316172, 50.4484732], [34.5377747, 50.4479838], [34.5410156, 50.4478447], [34.5444002, 50.4476386], [34.5457116, 50.4478881], [34.5484741, 50.4486286], [34.5495893, 50.4491619], [34.5503615, 50.4497433], [34.5510785, 50.4500829], [34.5524831, 50.4506564], [34.5557495, 50.4500947], [34.5612191, 50.4487952], [34.5631725, 50.4491825], [34.5642209, 50.451572], [34.5665318, 50.4509833], [34.5680311, 50.4506717], [34.5698297, 50.4503619], [34.5762199, 50.4495588], [34.5774382, 50.4492436], [34.5783413, 50.450706], [34.5800563, 50.4535316], [34.5797062, 50.454269], [34.5807722, 50.4550154], [34.5817959, 50.4588769], [34.5806929, 50.4602124], [34.5818615, 50.4623386], [34.5790969, 50.4631029], [34.584947, 50.4701311], [34.5873359, 50.4698784], [34.5910602, 50.4701806], [34.5971399, 50.4722303], [34.5978883, 50.4731989], [34.6017932, 50.473849], [34.6040277, 50.4750269], [34.6038291, 50.4763716], [34.6061547, 50.4784988], [34.6075302, 50.4795957], [34.6097733, 50.4801505], [34.6093104, 50.4808575], [34.6102289, 50.4810153], [34.6116096, 50.4810048], [34.6133628, 50.4815079], [34.6153883, 50.4812727], [34.6160228, 50.4814467], [34.6166624, 50.4817225], [34.6189547, 50.4822322], [34.619433, 50.4825071], [34.6200332, 50.4838024], [34.6205132, 50.4844708], [34.6212076, 50.4852465], [34.6212818, 50.4857423], [34.6218248, 50.4862676], [34.6218173, 50.4869201], [34.623504, 50.4883028], [34.6259662, 50.4871], [34.627017, 50.4867856], [34.6274641, 50.4863657], [34.6279538, 50.4862573], [34.6292946, 50.4863224], [34.6311935, 50.4866427], [34.6331447, 50.4871073], [34.6340328, 50.4871373], [34.6363871, 50.4866379], [34.6368087, 50.4871825], [34.6355072, 50.4874945], [34.6341035, 50.4879012], [34.6333202, 50.4886519], [34.6330727, 50.4890433], [34.6328125, 50.4891025], [34.6325771, 50.4890697], [34.6302285, 50.489654], [34.6294908, 50.4899605], [34.6295059, 50.4906788], [34.6298371, 50.4911673], [34.6303791, 50.4914163], [34.6317942, 50.4915504], [34.6333599, 50.4917516], [34.6346745, 50.4922458], [34.6356243, 50.4926992], [34.6369773, 50.4933713], [34.638482, 50.493928], [34.6393881, 50.4941272], [34.6419403, 50.4942095], [34.6425235, 50.4948921], [34.6428868, 50.4965746], [34.6430615, 50.4972206], [34.6430465, 50.4982549], [34.6423851, 50.499025], [34.6432793, 50.4993907], [34.6438393, 50.4997845], [34.6468973, 50.5011661], [34.6478994, 50.5010835], [34.6489001, 50.5010158], [34.6523705, 50.5015575], [34.6554456, 50.5022147], [34.6573155, 50.5024354], [34.6587909, 50.5029524], [34.6598749, 50.5027035], [34.6613028, 50.5029946], [34.6638824, 50.5041388], [34.6672928, 50.5049845], [34.6692191, 50.5053129], [34.671402, 50.5049435], [34.6735146, 50.5058633], [34.6742827, 50.5066543], [34.6793302, 50.50846], [34.6882983, 50.5120411], [34.6964663, 50.5145074], [34.7027791, 50.5158534], [34.7095051, 50.5174387], [34.7122207, 50.5185719], [34.711642, 50.5194153], [34.7109623, 50.5209706], [34.710686, 50.5215494], [34.7100067, 50.5218491], [34.7121723, 50.5242725], [34.7112636, 50.5247144], [34.7124011, 50.5271031], [34.7201255, 50.525562], [34.7221703, 50.5294567], [34.7232229, 50.5306899], [34.7247816, 50.531987], [34.7284342, 50.5354296], [34.7321029, 50.5392999], [34.7300535, 50.5414356], [34.7310078, 50.5445613], [34.7336029, 50.5511949], [34.7343118, 50.555252], [34.7339909, 50.5560546], [34.7322596, 50.5603848], [34.7309375, 50.5624953], [34.7298461, 50.565461], [34.7281968, 50.5694453], [34.7313023, 50.5695691], [34.7354514, 50.5699992], [34.7382363, 50.5702601], [34.7446053, 50.5708826], [34.7484847, 50.5701798], [34.7522102, 50.569669], [34.7584713, 50.5684572], [34.7596809, 50.5672169], [34.764773, 50.563485], [34.7659564, 50.563872], [34.7665097, 50.5663348], [34.7740749, 50.5651649], [34.7736094, 50.5672711], [34.7745961, 50.56906], [34.7759952, 50.5720002], [34.7765756, 50.5740251], [34.7774536, 50.5765094], [34.7778782, 50.5788578], [34.7793432, 50.5820467], [34.7801959, 50.5838534], [34.7806492, 50.585203], [34.7820626, 50.5854934], [34.7832426, 50.5853704], [34.7839701, 50.5871763], [34.7847358, 50.5873798], [34.7853193, 50.5871641], [34.7886157, 50.5886045], [34.7899396, 50.5882385], [34.7960005, 50.5927093], [34.7979193, 50.5943496], [34.7904428, 50.6003482], [34.7930292, 50.6013558], [34.7981021, 50.6029798], [34.802392, 50.6041072], [34.8042756, 50.6048278], [34.8058295, 50.6058196], [34.8078257, 50.6073961], [34.8096894, 50.6083132], [34.8124956, 50.6090037], [34.8152113, 50.6090398], [34.8181758, 50.6087072], [34.8212461, 50.6081717], [34.8243507, 50.6078027], [34.8270759, 50.6080733], [34.8291596, 50.6085797], [34.8310047, 50.6091998], [34.8323532, 50.6098967], [34.8340207, 50.6109611], [34.8364667, 50.6135403], [34.8390168, 50.615699], [34.8396498, 50.6164063], [34.8406285, 50.6174998], [34.841384, 50.6181946], [34.8422012, 50.6189461], [34.8426462, 50.6193553], [34.8441353, 50.6204145], [34.8449341, 50.6209827], [34.8449921, 50.6210168], [34.8469635, 50.6221767], [34.8473323, 50.6222464], [34.8485828, 50.6224829], [34.8486485, 50.6224953], [34.8499116, 50.6226143], [34.8516271, 50.6227759], [34.8544163, 50.6228998], [34.8571138, 50.6231364], [34.8584034, 50.6233467], [34.8596453, 50.6236038], [34.8600924, 50.6236963], [34.8624097, 50.6250029], [34.8681104, 50.630954], [34.8688783, 50.6322813], [34.8696458, 50.6336289], [34.8700989, 50.6347036], [34.870098, 50.6356383], [34.8702987, 50.6379936], [34.8707195, 50.6414416], [34.8713866, 50.6442813], [34.8718426, 50.6459473], [34.8733161, 50.6481483], [34.8714137, 50.6487147], [34.8719548, 50.6494116], [34.8726383, 50.6499088], [34.8747088, 50.6507848], [34.8750941, 50.6507461], [34.8755894, 50.6507814], [34.8759518, 50.650802], [34.8763494, 50.6509223], [34.8768224, 50.6511989], [34.877317, 50.65155], [34.8776246, 50.6519656], [34.8786431, 50.6529469], [34.879664, 50.6540089], [34.8804658, 50.6558157], [34.8804537, 50.6577913], [34.8803566, 50.6592892], [34.8802331, 50.6604689], [34.8802947, 50.6611721], [34.8806707, 50.6626074], [34.8817204, 50.6639306], [34.8823497, 50.6655564], [34.8831311, 50.667153], [34.8830509, 50.6675999], [34.883362, 50.6681848], [34.8831904, 50.6682256], [34.8838506, 50.6690194], [34.8842112, 50.6696822], [34.8851538, 50.6710543], [34.8866774, 50.6723469], [34.8872244, 50.672523], [34.888418, 50.673136], [34.8904746, 50.6737379], [34.8913472, 50.6741841], [34.8937151, 50.6743113], [34.8971818, 50.6744555], [34.9003236, 50.6745997], [34.9036181, 50.6751679], [34.9060643, 50.676011], [34.9072015, 50.6766772], [34.9080491, 50.6773367], [34.9089923, 50.6782119], [34.9094088, 50.6789034], [34.9098837, 50.6809195], [34.909948, 50.6818427], [34.9096513, 50.6838685], [34.910388, 50.6840058], [34.9112356, 50.6843593], [34.9114823, 50.6847468], [34.9116111, 50.6852974], [34.9117935, 50.6855081], [34.9127164, 50.6860839], [34.9128127, 50.686385], [34.9135637, 50.686684], [34.9143651, 50.6869435], [34.9154114, 50.6871562], [34.9178424, 50.6876558], [34.9194554, 50.6879429], [34.9195632, 50.6879621], [34.9210471, 50.6883188], [34.9220286, 50.6886792], [34.9226198, 50.6890154], [34.9230527, 50.6892616], [34.9236563, 50.6898262], [34.9239138, 50.6900671], [34.9240304, 50.6902145], [34.9247745, 50.691155], [34.925557, 50.6922387], [34.9259954, 50.6930857], [34.9264008, 50.6938598], [34.9270413, 50.6945114], [34.9271903, 50.6946851], [34.9278335, 50.6954351], [34.9293978, 50.6963247], [34.9300858, 50.6966957], [34.9301988, 50.6967567], [34.930804, 50.6969508], [34.9314165, 50.6970863], [34.9322426, 50.6971814], [34.9337899, 50.6972481], [34.9387343, 50.6974263], [34.9378328, 50.7078514], [34.9373536, 50.7112253], [34.9375105, 50.7131795], [34.9377846, 50.7150572], [34.9388559, 50.715608], [34.9393183, 50.7157712], [34.9399728, 50.7162297], [34.9402517, 50.7162093], [34.9404595, 50.7159841], [34.9408793, 50.7157881], [34.9417001, 50.7157066], [34.9425142, 50.7156782], [34.9439642, 50.715762], [34.9449663, 50.7165575], [34.9456574, 50.7170874], [34.9461691, 50.717262], [34.9462491, 50.7177649], [34.946083, 50.7183218], [34.9457502, 50.7183151], [34.9433953, 50.7191914], [34.9421843, 50.7195153], [34.9402241, 50.7202683], [34.9400479, 50.7201661], [34.9401388, 50.7193406], [34.9399017, 50.7180396], [34.9396133, 50.7180298], [34.9392325, 50.7181487], [34.9390018, 50.7182778], [34.9383527, 50.7182268], [34.9377519, 50.7184476], [34.9373603, 50.7182913], [34.936807, 50.7181442], [34.9359369, 50.7183432], [34.9356874, 50.7185626], [34.9367831, 50.7201602], [34.9373612, 50.7205937], [34.9377693, 50.7208772], [34.938179, 50.7212801], [34.9380207, 50.7214788], [34.9376698, 50.7219075], [34.9377075, 50.7223341], [34.9368436, 50.7226947], [34.9362185, 50.7229597], [34.9338686, 50.722521], [34.932123, 50.721914], [34.9309392, 50.7226112], [34.9293701, 50.723261], [34.9293528, 50.723523], [34.9297473, 50.7237309], [34.9301505, 50.723831], [34.9305904, 50.7241905], [34.9324357, 50.7241362], [34.9325301, 50.7245578], [34.9327166, 50.7248635], [34.9338519, 50.7261398], [34.934324, 50.7263978], [34.9351179, 50.7264726], [34.9355427, 50.7265917], [34.9355873, 50.7278211], [34.9349463, 50.7280074], [34.9342596, 50.7280074], [34.9334335, 50.728347], [34.933207, 50.7286518], [34.9332036, 50.7289399], [34.9336625, 50.7294222], [34.9336573, 50.7301433], [34.9331975, 50.73033], [34.9323949, 50.7305824], [34.9315076, 50.730701], [34.931041, 50.7301263], [34.9306977, 50.7298411], [34.9299592, 50.7296328], [34.9287987, 50.7296034], [34.9274311, 50.7296846], [34.9254835, 50.7290193], [34.9240458, 50.7287409], [34.923023, 50.7283613], [34.9226809, 50.7291029], [34.9234342, 50.7294268], [34.9236917, 50.7297392], [34.9239278, 50.7302961], [34.9243998, 50.7308461], [34.9257195, 50.7317833], [34.9260414, 50.7322668], [34.9260628, 50.7332772], [34.9263352, 50.7340728], [34.9270713, 50.7354366], [34.9271705, 50.7365536], [34.9268997, 50.7374804], [34.926846, 50.7384582], [34.9273386, 50.7398171], [34.9284989, 50.7412278], [34.9282301, 50.7415814], [34.9272752, 50.7421721], [34.9250329, 50.743014], [34.9221897, 50.7448538], [34.9210464, 50.7454104], [34.9205527, 50.745155], [34.9137171, 50.7463096], [34.9146705, 50.7489388], [34.9224643, 50.7476587], [34.9234441, 50.7484531], [34.9298823, 50.7471416], [34.9334228, 50.7464764], [34.9340344, 50.7469719], [34.9344352, 50.7469833], [34.9347639, 50.7458789], [34.9349458, 50.7443157], [34.9362686, 50.74395], [34.9446515, 50.7422723], [34.9445393, 50.7395499], [34.9457332, 50.738317], [34.9470167, 50.7370101], [34.9489823, 50.7350496], [34.9515454, 50.7330333], [34.9567974, 50.735165], [34.9587771, 50.7360704], [34.9609639, 50.7368821], [34.9615562, 50.7370105], [34.962358, 50.7371986], [34.9662625, 50.7381526], [34.9661377, 50.738998], [34.9664971, 50.7394767], [34.967157, 50.7398501], [34.9671715, 50.7403932], [34.9675415, 50.7411286], [34.9678114, 50.7411605], [34.9686668, 50.7411887], [34.9707853, 50.7415368], [34.973847, 50.742349], [34.9750158, 50.7436589], [34.9752614, 50.7444389], [34.9749838, 50.7454893], [34.9746242, 50.7464967], [34.9731705, 50.7489372], [34.9732418, 50.7491061], [34.9744311, 50.749599], [34.9747959, 50.7499045], [34.9759317, 50.7512537], [34.9758688, 50.7515031], [34.9757722, 50.75189], [34.9758205, 50.7520495], [34.9760083, 50.7522464], [34.9761155, 50.7528607], [34.9758044, 50.7535191], [34.9768455, 50.7536018], [34.9793548, 50.745865], [34.9806472, 50.7414261], [34.9812848, 50.7393902], [34.9840227, 50.7394461], [34.9864083, 50.739438], [34.9874771, 50.7394835], [34.9889687, 50.7397738], [34.9937722, 50.7402894], [34.9969779, 50.740824], [34.999055, 50.7413868], [35.0012383, 50.7414769], [35.0028577, 50.7413793], [35.0058051, 50.7412598], [35.0077785, 50.7414104], [35.011072, 50.741793], [35.0117031, 50.7400844], [35.012776, 50.7390455], [35.0146769, 50.7382065], [35.0161753, 50.7370821], [35.0221638, 50.7354391], [35.0242159, 50.7360991], [35.0262234, 50.7356519], [35.0275458, 50.735131], [35.0327113, 50.7333799], [35.0352793, 50.7325345], [35.0387453, 50.7318416], [35.0403142, 50.7315363], [35.0410478, 50.7333948], [35.0465131, 50.7331444], [35.0463282, 50.7321962], [35.0463517, 50.7318769], [35.0464176, 50.7316937], [35.0505456, 50.7323427], [35.0522303, 50.729951], [35.0534687, 50.728158], [35.0551854, 50.7286519], [35.0602256, 50.7290788], [35.0703111, 50.7250879], [35.0877162, 50.7181886], [35.0920574, 50.7163259], [35.0888068, 50.7139908], [35.0845039, 50.7097299], [35.0830876, 50.7083906], [35.0754937, 50.7111965], [35.0755289, 50.7115032], [35.076524, 50.7117257], [35.0780904, 50.7117596], [35.0791633, 50.712208], [35.0798875, 50.7124458], [35.0800699, 50.7125953], [35.0795334, 50.7137637], [35.0793189, 50.7138283], [35.0790775, 50.7137909], [35.0784337, 50.713458], [35.0778329, 50.713261], [35.0729406, 50.7136347], [35.0721359, 50.7137162], [35.0714064, 50.7152651], [35.0711489, 50.7153466], [35.0709021, 50.715299], [35.0697327, 50.7148371], [35.06881, 50.7148371], [35.0676083, 50.7146876], [35.0668144, 50.7150613], [35.065586, 50.715299], [35.0648135, 50.715316], [35.0632685, 50.7143514], [35.062834, 50.7141849], [35.0621796, 50.7140626], [35.0616431, 50.7140355], [35.0612354, 50.7140355], [35.060302, 50.7136754], [35.0598729, 50.7135871], [35.0596046, 50.7135871], [35.0594008, 50.7136415], [35.0587678, 50.714117], [35.0584888, 50.7144023], [35.0580382, 50.7143276], [35.0577271, 50.7140559], [35.0579631, 50.7137909], [35.0574052, 50.7135939], [35.0575018, 50.7141034], [35.0567293, 50.7145722], [35.0560534, 50.714708], [35.05306, 50.7155232], [35.0491977, 50.7159987], [35.047524, 50.715496], [35.0457001, 50.7153466], [35.0408292, 50.7111346], [35.0406575, 50.7108493], [35.0418806, 50.7083898], [35.0446486, 50.7077919], [35.0461292, 50.7082268], [35.0516867, 50.7120178], [35.0518155, 50.7123303], [35.0542831, 50.7134988], [35.0550771, 50.713757], [35.0562358, 50.7137841], [35.0564182, 50.7137366], [35.0564611, 50.7133833], [35.0566757, 50.7127243], [35.0561392, 50.7113724], [35.0561178, 50.7106387], [35.0556457, 50.7101835], [35.0553238, 50.710068], [35.054841, 50.7100951], [35.0546694, 50.7100272], [35.0548732, 50.7097418], [35.0554955, 50.7094973], [35.0564825, 50.7092119], [35.0573087, 50.7082403], [35.0575662, 50.7076153], [35.0560963, 50.7069834], [35.0550181, 50.7064636], [35.0547328, 50.7062601], [35.0479662, 50.7024302], [35.0429988, 50.7047845], [35.0417787, 50.7038103], [35.0395149, 50.702893], [35.0368435, 50.7016155], [35.0351108, 50.7016359], [35.033378, 50.7015781], [35.032847, 50.701432], [35.0318426, 50.7006656], [35.0329726, 50.7001962], [35.0352127, 50.7001171], [35.0362748, 50.7002055], [35.0381056, 50.7003641], [35.0385011, 50.7003312], [35.0396205, 50.7000023], [35.0404259, 50.6995542], [35.0407873, 50.6991242], [35.0405945, 50.6982726], [35.0407397, 50.6978598], [35.0410108, 50.6976999], [35.0407005, 50.697562], [35.0403947, 50.6973547], [35.0398744, 50.6966038], [35.0389678, 50.6964203], [35.0382919, 50.6960431], [35.0376964, 50.6957848], [35.0373263, 50.6957169], [35.0362695, 50.6956557], [35.0344366, 50.6953761], [35.0337106, 50.6953839], [35.0327237, 50.6956224], [35.0317151, 50.6957916], [35.0307656, 50.695846], [35.0307715, 50.6960822], [35.0305671, 50.696247], [35.0298832, 50.6964005], [35.0291241, 50.6961858], [35.0283945, 50.6961383], [35.0278581, 50.6960771], [35.0269865, 50.695924], [35.0264982, 50.6959497], [35.0262863, 50.6961162], [35.0263775, 50.6964543], [35.0267825, 50.6965664], [35.0283704, 50.6972902], [35.0292877, 50.6978236], [35.0297866, 50.6982959], [35.030028, 50.6989483], [35.0305585, 50.6999442], [35.0300172, 50.7001138], [35.0285849, 50.6999235], [35.0276032, 50.6996856], [35.0268683, 50.6992711], [35.0266133, 50.6987841], [35.0262085, 50.6982959], [35.0259027, 50.6975926], [35.0255379, 50.6973479], [35.0237135, 50.6981719], [35.0226787, 50.6967839], [35.0221852, 50.6964713], [35.0203356, 50.6956516], [35.0210318, 50.6951087], [35.0223944, 50.6939465], [35.0231039, 50.6927779], [35.0236225, 50.6913948], [35.0239477, 50.6904795], [35.0240466, 50.6901472], [35.0240681, 50.6897462], [35.0233385, 50.6888898], [35.0228623, 50.6878737], [35.0228396, 50.6874318], [35.0236196, 50.6847357], [35.0234405, 50.6843763], [35.022448, 50.6841282], [35.0214824, 50.6837747], [35.0207529, 50.6832105], [35.0213644, 50.6826395], [35.0216809, 50.6824389], [35.0220779, 50.682354], [35.0223454, 50.6822679], [35.0212893, 50.6815756], [35.0213108, 50.6811915], [35.0214234, 50.680804], [35.0232136, 50.6795054], [35.02417, 50.6790738], [35.0246528, 50.6783838], [35.0244597, 50.6778399], [35.0249103, 50.6775169], [35.0255083, 50.6777695], [35.0259644, 50.6767419], [35.0264043, 50.6773504], [35.0268925, 50.6783872], [35.0273984, 50.678775], [35.027667, 50.6787082], [35.0277967, 50.6782288], [35.0282604, 50.6780132], [35.0285125, 50.6777175], [35.0290704, 50.6775917], [35.0297893, 50.6776087], [35.0303319, 50.6777089], [35.0311196, 50.6777175], [35.031935, 50.6778059], [35.0357169, 50.6793322], [35.0399609, 50.6810139], [35.0406844, 50.6814396], [35.0409687, 50.6819937], [35.0430323, 50.6829076], [35.0415608, 50.6841919], [35.0407659, 50.6847499], [35.0404859, 50.6850663], [35.040558, 50.6854443], [35.041017, 50.6860995], [35.0417036, 50.6867351], [35.0429454, 50.6889632], [35.048072, 50.6869678], [35.0484682, 50.6870376], [35.04879, 50.6870545], [35.0504745, 50.6872551], [35.0509536, 50.6872758], [35.0515495, 50.6869807], [35.050671, 50.6851974], [35.0508714, 50.6850952], [35.0514481, 50.6844307], [35.054424, 50.6830325], [35.0567898, 50.6819006], [35.0595458, 50.6805689], [35.0622914, 50.6792206], [35.0616217, 50.6790364], [35.0607526, 50.679084], [35.0609994, 50.6784313], [35.0604737, 50.6783769], [35.0602269, 50.6779078], [35.0606668, 50.6776767], [35.0607312, 50.6773095], [35.0606561, 50.6769152], [35.0598943, 50.6770716], [35.0594866, 50.6764529], [35.0611925, 50.6759362], [35.0612569, 50.6755418], [35.0610959, 50.6748143], [35.0604522, 50.6740256], [35.0601196, 50.6737333], [35.0600982, 50.6734817], [35.060817, 50.6729921], [35.0650442, 50.6715371], [35.0670719, 50.6714827], [35.0678337, 50.6710951], [35.0681019, 50.6707483], [35.0694537, 50.6702519], [35.070548, 50.6730058], [35.0713849, 50.6739169], [35.0736809, 50.6755486], [35.076878, 50.6776427], [35.0776076, 50.6787848], [35.0776076, 50.6797638], [35.0771673, 50.6809568], [35.0781763, 50.6809467], [35.0913809, 50.6800125], [35.0910978, 50.6756303], [35.0990171, 50.6731009], [35.1066453, 50.6705375], [35.112074, 50.6692184], [35.1125356, 50.669061], [35.1153996, 50.668376], [35.1208436, 50.6706758], [35.1201529, 50.6717105], [35.1195631, 50.6731028], [35.1218212, 50.6730295], [35.1233661, 50.6730295], [35.1256621, 50.6736653], [35.1265365, 50.6736789], [35.1272714, 50.6736585], [35.1276791, 50.6734375], [35.1280493, 50.6731417], [35.1286125, 50.672863], [35.1292563, 50.672659], [35.1294895, 50.6754668], [35.129723, 50.6761265], [35.1299835, 50.6774117], [35.133403, 50.6771124], [35.1373673, 50.6771226], [35.1389873, 50.6773401], [35.1437348, 50.6781492], [35.1450277, 50.6783395], [35.1477152, 50.6781526], [35.1497608, 50.6790562], [35.1498449, 50.6793763], [35.1500434, 50.6805082], [35.1499683, 50.6817081], [35.1515562, 50.6834144], [35.1521892, 50.6840194], [35.1528275, 50.6843219], [35.1526988, 50.6857392], [35.1535857, 50.687195], [35.1538521, 50.687238], [35.1563734, 50.6868574], [35.1568669, 50.6866738], [35.157618, 50.6861708], [35.1581759, 50.6860009], [35.1593989, 50.6859907], [35.160386, 50.6856712], [35.160842, 50.6855659], [35.1620971, 50.6853886], [35.1631819, 50.6852377], [35.1638154, 50.6851032], [35.1652625, 50.6844158], [35.1662539, 50.6821024], [35.1670348, 50.6797961], [35.1692357, 50.674808], [35.1696066, 50.6746536], [35.1726738, 50.674284], [35.1741254, 50.6740411], [35.1776434, 50.6733288], [35.1818612, 50.6750928], [35.1826652, 50.6749553], [35.1820773, 50.6729597], [35.1803785, 50.6688512], [35.1812118, 50.6682211], [35.1808988, 50.6672835], [35.1800948, 50.6661976], [35.1817141, 50.6657357], [35.1824412, 50.6667029], [35.1838961, 50.6665961], [35.1844686, 50.6666004], [35.1846572, 50.6667669], [35.1851017, 50.666784], [35.1868003, 50.6666634], [35.1871465, 50.6668323], [35.1872056, 50.6676142], [35.1876409, 50.667888], [35.1883031, 50.6675646], [35.1898427, 50.6670434], [35.1948548, 50.6659434], [35.1942331, 50.6649681], [35.1935318, 50.6645675], [35.1924825, 50.6642158], [35.1911408, 50.6640717], [35.1904009, 50.6642565], [35.1897332, 50.6645196], [35.1890306, 50.6639155], [35.1883657, 50.6631389], [35.1878865, 50.6626218], [35.1853242, 50.662489], [35.1827047, 50.663443], [35.1818284, 50.6639079], [35.1809806, 50.6643728], [35.1806663, 50.6642581], [35.1805139, 50.6640468], [35.180571, 50.6637811], [35.1814975, 50.6629006], [35.1828857, 50.6619667], [35.1854147, 50.6601371], [35.1868139, 50.6591077], [35.1871737, 50.6588671], [35.1874977, 50.6583361], [35.1882008, 50.6560005], [35.1938982, 50.6517313], [35.1976103, 50.6501605], [35.1994403, 50.6492874], [35.199961, 50.6491398], [35.2001227, 50.648717], [35.2004056, 50.6484137], [35.2007903, 50.6478123], [35.2007816, 50.6476609], [35.1996142, 50.6477744], [35.1975646, 50.6477473], [35.1956903, 50.6475299], [35.1939326, 50.6477517], [35.1923277, 50.6481766], [35.1919371, 50.6482706], [35.1915262, 50.6483304], [35.191277, 50.6482621], [35.1908055, 50.6478649], [35.1906102, 50.6477752], [35.1904351, 50.6477752], [35.1902414, 50.6478747], [35.1901989, 50.643616], [35.1897858, 50.6390288], [35.1887733, 50.637378], [35.1844919, 50.6368293], [35.1807268, 50.6361719], [35.1778254, 50.6358794], [35.1766608, 50.6355551], [35.1754841, 50.6352142], [35.1748135, 50.6350307], [35.1745608, 50.6346403], [35.1744803, 50.634067], [35.1736901, 50.6324607], [35.174036, 50.6322631], [35.1780378, 50.6320403], [35.1771726, 50.6284762], [35.1767636, 50.6277416], [35.174999, 50.6249941], [35.1735399, 50.6229795], [35.1712016, 50.624392], [35.1696971, 50.6244907], [35.1701683, 50.6205023], [35.1701864, 50.6192962], [35.1719533, 50.6183353], [35.1775239, 50.6157736], [35.1791063, 50.6139911], [35.1750983, 50.6122268], [35.1721771, 50.6107499], [35.1695569, 50.609655], [35.1699861, 50.608803], [35.1660171, 50.6068927], [35.167341, 50.6044846], [35.1688531, 50.6019311], [35.1689415, 50.6008246], [35.1694111, 50.5994769], [35.1695557, 50.5986233], [35.1693875, 50.59782], [35.1682203, 50.5969798], [35.1681836, 50.5963088], [35.1702662, 50.595664], [35.1725128, 50.5947032], [35.1736174, 50.5943098], [35.1744189, 50.5934504], [35.1759546, 50.5930057], [35.1770996, 50.5928261], [35.1813026, 50.5918597], [35.183189, 50.591447], [35.1865967, 50.5912568], [35.1888463, 50.5907523], [35.1874453, 50.5900553], [35.1828854, 50.5905042], [35.1773489, 50.5908917], [35.1734974, 50.5919688], [35.169756, 50.5922376], [35.1651212, 50.5936004], [35.1576926, 50.5944799], [35.157299, 50.5955814], [35.1537365, 50.5953557], [35.1535021, 50.5941534], [35.1517967, 50.5925269], [35.1514866, 50.5913726], [35.1547622, 50.5904955], [35.1593129, 50.5892646], [35.1636866, 50.5881493], [35.1628935, 50.5869933], [35.1615748, 50.5850135], [35.1579194, 50.5812095], [35.1628745, 50.5791332], [35.1674468, 50.5771003], [35.1732275, 50.5747456], [35.1759665, 50.5742711], [35.1777706, 50.5735911], [35.1806452, 50.5721215], [35.1815547, 50.5721971], [35.1822573, 50.5720765], [35.1838445, 50.5717551], [35.1851442, 50.5710317], [35.1882193, 50.5708254], [35.1869285, 50.5722229], [35.1876121, 50.57309], [35.1907614, 50.5748172], [35.1917943, 50.5757111], [35.1958467, 50.5756228], [35.1967126, 50.5767973], [35.1972014, 50.5769208], [35.1981099, 50.5770304], [35.1990455, 50.5769455], [35.2000493, 50.5767874], [35.2007185, 50.5765947], [35.2036761, 50.5765488], [35.2092191, 50.5767679], [35.2122542, 50.5766445], [35.2182697, 50.5762144], [35.2216497, 50.5756321], [35.2239235, 50.5753046], [35.2253402, 50.5752002], [35.2272909, 50.5745202], [35.2292828, 50.573947], [35.2325519, 50.5727455], [35.235124, 50.5747402], [35.2356497, 50.5754409], [35.2369188, 50.5765771], [35.2407453, 50.5787543], [35.2426358, 50.5800625], [35.2434315, 50.5815847], [35.2441186, 50.5823315], [35.244668, 50.5835382], [35.2451175, 50.5848322], [35.2452265, 50.5860327], [35.2438712, 50.586746], [35.2446801, 50.5867059], [35.2489779, 50.5861873], [35.2522171, 50.5856237], [35.2558636, 50.5849317], [35.2590679, 50.5852015], [35.2627381, 50.5843013], [35.266985, 50.5827989], [35.2665855, 50.5822791], [35.2669129, 50.582081], [35.2676438, 50.5818842], [35.2679784, 50.5815877], [35.2680874, 50.5813456], [35.2683753, 50.5811431], [35.268741, 50.5809948], [35.2697369, 50.5808219], [35.2706175, 50.5809001], [35.2707563, 50.5808713], [35.2709648, 50.5805673], [35.2712214, 50.5803033], [35.2711298, 50.5802668], [35.2713114, 50.5800956], [35.2718231, 50.5798895], [35.2728775, 50.5796975], [35.27339, 50.5795865], [35.2735297, 50.5794224], [35.2729463, 50.578771], [35.2732811, 50.5782846], [35.2732849, 50.5781734], [35.2721198, 50.5771897], [35.2710298, 50.5765634], [35.2698029, 50.5761277], [35.2695323, 50.5759688], [35.2678829, 50.5751311], [35.2663019, 50.5744208], [35.2673023, 50.5722691], [35.2670778, 50.5709448], [35.2672281, 50.570214], [35.2677722, 50.5694851], [35.2684201, 50.5691853], [35.2684146, 50.5689389], [35.2682054, 50.5680669], [35.2683889, 50.5679351], [35.2710742, 50.5678837], [35.273023, 50.568105], [35.273415, 50.5682371], [35.2738819, 50.5685336], [35.2743799, 50.5676934], [35.2758748, 50.5666492], [35.2739313, 50.5670356], [35.2722113, 50.5668642], [35.2692562, 50.5668608], [35.2689671, 50.5665221], [35.2716466, 50.5665389], [35.274053, 50.5666298], [35.2756679, 50.5657386], [35.2766084, 50.5652306], [35.2781108, 50.5650026], [35.2791718, 50.5631581], [35.2779608, 50.5622392], [35.2755816, 50.5625405], [35.2740267, 50.5622341], [35.2733438, 50.5618503], [35.2738758, 50.5612011], [35.2752457, 50.5611721], [35.2738632, 50.5598146], [35.2725926, 50.5585935], [35.2719012, 50.5576768], [35.2709602, 50.5564312], [35.2714177, 50.5561308], [35.2717177, 50.55522], [35.2698955, 50.5529285], [35.2710329, 50.5506764], [35.2717889, 50.5488723], [35.2712086, 50.54863], [35.2726748, 50.547344], [35.2715412, 50.5470486], [35.2705115, 50.5465939], [35.2707214, 50.5459156], [35.2720569, 50.5449868], [35.2710146, 50.544113], [35.2727389, 50.5434426], [35.2730509, 50.5420583], [35.2713534, 50.5409511], [35.2704406, 50.5403714], [35.2685663, 50.5413158], [35.2692332, 50.5421279], [35.2691292, 50.5423135], [35.2677024, 50.5425341], [35.2657815, 50.5431677], [35.2636279, 50.5436597], [35.2617012, 50.5428811], [35.2595508, 50.5420049], [35.256227, 50.5423156], [35.2542558, 50.5418838], [35.252359, 50.5417365], [35.2493797, 50.5423758], [35.246831, 50.5413134], [35.2489389, 50.5407857], [35.251493, 50.5401471], [35.2540011, 50.5401818], [35.2558402, 50.5389455], [35.255399, 50.5385219], [35.2556926, 50.5381555], [35.2567329, 50.5381631], [35.2574748, 50.5376402], [35.2571675, 50.537341], [35.2574126, 50.537022], [35.2582685, 50.5370467], [35.2586459, 50.5367352], [35.2574631, 50.5362159], [35.2572142, 50.5358376], [35.2577044, 50.5353999], [35.2580632, 50.5352729], [35.2585875, 50.5353801], [35.2591361, 50.5345072], [35.2590489, 50.5337838], [35.2581928, 50.5337509], [35.2587526, 50.5332527], [35.2590803, 50.5321334], [35.2601468, 50.5313657], [35.2606118, 50.5310272], [35.2616308, 50.531792], [35.2633239, 50.5330429], [35.2675043, 50.5361773], [35.2681541, 50.5362382], [35.2691234, 50.536321], [35.2695179, 50.535562], [35.2710048, 50.5326901], [35.2720946, 50.530558], [35.2726437, 50.5295236], [35.2734952, 50.5278406], [35.2740512, 50.5267613], [35.2691656, 50.5261554], [35.2694766, 50.5250516], [35.2697434, 50.5235819], [35.2617122, 50.5227113], [35.2631386, 50.5183122], [35.267565, 50.5191607], [35.2729369, 50.5193855], [35.2744934, 50.5189835], [35.2758864, 50.5191161], [35.2765017, 50.5195485], [35.27658, 50.5203384], [35.2778505, 50.5210165], [35.2781812, 50.5213059], [35.2781843, 50.5218815], [35.2782505, 50.5223528], [35.2789219, 50.5233641], [35.2792009, 50.5240846], [35.2799171, 50.5247467], [35.2801229, 50.5253378], [35.2799596, 50.5263357], [35.2802076, 50.5271636], [35.2810418, 50.5274118], [35.2824609, 50.5273685], [35.283343, 50.5268383], [35.2844611, 50.5266609], [35.2857393, 50.5267728], [35.2869898, 50.5269162], [35.287413, 50.5271695], [35.2887929, 50.5273255], [35.2896567, 50.5269022], [35.2915821, 50.5266465], [35.2932705, 50.5268119], [35.2948935, 50.5274231], [35.2951238, 50.5285606], [35.296026, 50.5292029], [35.2967103, 50.530092], [35.2965328, 50.5307883], [35.2956206, 50.531424], [35.2956167, 50.5319623], [35.2949942, 50.5322393], [35.2942022, 50.532826], [35.2954484, 50.5342865], [35.2962947, 50.5356882], [35.2972273, 50.5370159], [35.2985448, 50.5388081], [35.2991555, 50.5391796], [35.299303, 50.540295], [35.2986679, 50.5414966], [35.2968101, 50.5437912], [35.2956774, 50.54525], [35.294531, 50.546345], [35.294163, 50.5485244], [35.2939846, 50.5495142], [35.2944882, 50.5497299], [35.2976431, 50.5489394], [35.2981098, 50.5480823], [35.2991982, 50.5462903], [35.3022544, 50.5457046], [35.3027789, 50.5453034], [35.3024698, 50.545023], [35.3038887, 50.5443879], [35.3036389, 50.5432241], [35.3033218, 50.5411087], [35.3039097, 50.5409269], [35.3039579, 50.5402374], [35.3022493, 50.5397944], [35.302534, 50.5392285], [35.3045132, 50.5385993], [35.3063016, 50.5380262], [35.3069906, 50.5381592], [35.3072473, 50.5376578], [35.308317, 50.5376829], [35.3087373, 50.5379563], [35.3090344, 50.5381241], [35.3095901, 50.5366624], [35.3106259, 50.5354663], [35.3118299, 50.533882], [35.3117426, 50.5336018], [35.3112467, 50.5334208], [35.3101025, 50.5331279], [35.309628, 50.5328181], [35.3095516, 50.5325428], [35.3098502, 50.532152], [35.3112728, 50.5315947], [35.3124346, 50.5317104], [35.3137998, 50.5314968], [35.3145529, 50.5312068], [35.3140573, 50.5307947], [35.3135689, 50.5301671], [35.3127728, 50.5296788], [35.3134415, 50.5291363], [35.3139697, 50.5287551], [35.314861, 50.5282374], [35.3154387, 50.5279961], [35.3161039, 50.5275612], [35.3217828, 50.5286417], [35.3207438, 50.5291511], [35.319846, 50.5315415], [35.3180719, 50.5351439], [35.3169357, 50.5374932], [35.3186251, 50.538619], [35.3217801, 50.5406775], [35.3225217, 50.5407716], [35.3250487, 50.5397438], [35.3260403, 50.5409739], [35.3275343, 50.5420575], [35.3290867, 50.5429035], [35.3299601, 50.5432359], [35.3310123, 50.5436194], [35.3327831, 50.5448274], [35.3342367, 50.5447369], [35.335279, 50.5434371], [35.3355152, 50.5427932], [35.3362295, 50.5425213], [35.3369156, 50.5423598], [35.3380921, 50.5422358], [35.3383992, 50.5423232], [35.3430924, 50.5429657], [35.3489571, 50.5433569], [35.3507814, 50.5431278], [35.3558026, 50.5426859], [35.3586619, 50.5424628], [35.3596304, 50.5423393], [35.3662305, 50.5414543], [35.3720312, 50.5407579], [35.3756843, 50.5402889], [35.3761672, 50.5402776], [35.3785252, 50.5397938], [35.3799504, 50.5393771], [35.3817462, 50.5391658], [35.3850977, 50.5385121], [35.3857938, 50.5385559], [35.3915085, 50.5379415], [35.3913389, 50.5388704], [35.3911812, 50.539623], [35.3905684, 50.5415511], [35.390562, 50.5417835], [35.3908668, 50.5423055], [35.3910204, 50.5424908], [35.3933343, 50.5433536], [35.393673, 50.5433883], [35.3947094, 50.543211], [35.3957883, 50.5432117], [35.396846, 50.5433755], [35.3979039, 50.5434475], [35.397867, 50.5437693], [35.3976385, 50.5443738], [35.3974139, 50.544878], [35.3973617, 50.5461495], [35.397429, 50.5476631], [35.3982901, 50.5485872], [35.399953, 50.5492224], [35.4004434, 50.5494978], [35.4032341, 50.5504973], [35.4033331, 50.5506215], [35.4033886, 50.5513041], [35.4035876, 50.551636], [35.4036706, 50.5530293], [35.4038334, 50.5531217], [35.4046987, 50.5531184], [35.4057608, 50.5533859], [35.4061397, 50.5533675], [35.407011, 50.5531304], [35.4076549, 50.5530159], [35.4088189, 50.5529102], [35.4093076, 50.5529604], [35.4098249, 50.5531568], [35.4102222, 50.5531044], [35.4104907, 50.5525659], [35.4109939, 50.551906], [35.4108928, 50.5513118], [35.4111149, 50.5508132], [35.411366, 50.5503585], [35.412099, 50.5504724], [35.4129736, 50.5503334], [35.4152154, 50.550511], [35.4170296, 50.5508313], [35.4171392, 50.5508694], [35.4187784, 50.5501301], [35.4195534, 50.5499119], [35.4209283, 50.5496179], [35.422057, 50.5492891], [35.4231387, 50.5490415], [35.4238813, 50.5487963], [35.4257087, 50.5478827], [35.4258968, 50.547601], [35.4262798, 50.547443], [35.4273997, 50.547295], [35.4287571, 50.5472116], [35.4298809, 50.5471015], [35.4304385, 50.5468112], [35.4306938, 50.5469307], [35.4309022, 50.5469315], [35.4329459, 50.5460913], [35.4338581, 50.5459638], [35.435275, 50.5451438], [35.435975, 50.5449115], [35.4374274, 50.5440576], [35.4386353, 50.5431276], [35.4383196, 50.5436144], [35.4383397, 50.5437552], [35.4388585, 50.5442284], [35.4388812, 50.5443422], [35.4387644, 50.5444618], [35.4387161, 50.544784], [35.4309013, 50.5557786], [35.4307552, 50.5584892], [35.4278732, 50.5621439], [35.42112, 50.56629], [35.4142373, 50.5690938], [35.4041988, 50.5735042], [35.4003824, 50.5752333], [35.3917372, 50.5793211], [35.3904639, 50.5800052], [35.3906944, 50.5801256], [35.3922442, 50.5809357], [35.3925472, 50.5811026], [35.3931856, 50.5815948], [35.3934967, 50.5818128], [35.3936282, 50.5819474], [35.3938588, 50.5822182], [35.3940546, 50.5823936], [35.3945428, 50.5830391], [35.3969353, 50.5864434], [35.3970641, 50.5865064], [35.3970855, 50.586595], [35.3971097, 50.5866648], [35.3971794, 50.5867465], [35.397217, 50.5868266], [35.3974047, 50.5870922], [35.3976622, 50.5874822], [35.3978902, 50.587787], [35.3980216, 50.5878705], [35.3981705, 50.5879241], [35.3984481, 50.5880033], [35.3985862, 50.5880399], [35.3987311, 50.5881208], [35.398829, 50.5882162], [35.3988826, 50.5882732], [35.3990275, 50.5885363], [35.3992273, 50.5888778], [35.3992966, 50.5890729], [35.3995423, 50.5892507], [35.4001614, 50.589486], [35.4003636, 50.5896624], [35.4003601, 50.5898401], [35.4003243, 50.5899948], [35.4002814, 50.590057], [35.400268, 50.5901259], [35.4002988, 50.5902], [35.4003632, 50.5902554], [35.4004612, 50.5903133], [35.4010767, 50.5905661], [35.4018465, 50.5908743], [35.4039332, 50.5918279], [35.4049578, 50.5923047], [35.407109, 50.5932701], [35.4088524, 50.5940176], [35.4127604, 50.5957543], [35.4132459, 50.5959059], [35.413624, 50.5960949], [35.4141283, 50.5962992], [35.4143724, 50.5964235], [35.4144689, 50.5965171], [35.4146218, 50.5967146], [35.4147667, 50.5967674], [35.415118, 50.5968815], [35.4157725, 50.5971215], [35.4169393, 50.5976136], [35.4180872, 50.5980733], [35.4188436, 50.5984036], [35.4194498, 50.5986572], [35.4198548, 50.5988684], [35.420917, 50.5993774], [35.4212254, 50.5995868], [35.4215339, 50.5997962], [35.4229259, 50.6009641], [35.4238969, 50.6017915], [35.4245165, 50.6023712], [35.424609, 50.602475], [35.4246198, 50.6025717], [35.4247445, 50.6025516], [35.4248853, 50.6025797], [35.42512, 50.602641], [35.4252166, 50.6027099], [35.425297, 50.6028419], [35.4253051, 50.6029585], [35.4256755, 50.6031905], [35.4256082, 50.6032096], [35.4255009, 50.6032487], [35.425474, 50.6033219], [35.4253828, 50.6034088], [35.4252595, 50.6034173], [35.4251093, 50.6034734], [35.4250851, 50.6035484], [35.4250905, 50.6036318], [35.4250556, 50.6036845], [35.4249188, 50.6037101], [35.4248276, 50.6037152], [35.4247083, 50.6037586], [35.4246627, 50.6037901], [35.4244347, 50.6039373], [35.4242469, 50.6039884], [35.4239184, 50.6040701], [35.4237534, 50.604128], [35.423457, 50.6044165], [35.4232827, 50.6046991], [35.4231405, 50.6048625], [35.4231137, 50.6050209], [35.423001, 50.6051468], [35.4228938, 50.6052609], [35.4227275, 50.6054209], [35.4225209, 50.6055111], [35.4223707, 50.6057324], [35.4221159, 50.6061631], [35.4221079, 50.6063248], [35.4221749, 50.6064814], [35.4222554, 50.6066993], [35.4222286, 50.6068202], [35.4221454, 50.6068355], [35.4218745, 50.6069002], [35.4215875, 50.6072202], [35.4213622, 50.6073853], [35.4211074, 50.6074704], [35.4203269, 50.6080083], [35.4198307, 50.6082194], [35.4196295, 50.6083641], [35.4192674, 50.6086773], [35.4190582, 50.6088883], [35.4189348, 50.6092339], [35.4188456, 50.6094731], [35.4191131, 50.6097078], [35.4191453, 50.610046], [35.4191044, 50.6104126], [35.4191861, 50.6109274], [35.4195505, 50.6114179], [35.4198922, 50.6121494], [35.4200615, 50.6127678], [35.4201315, 50.6131011], [35.4202424, 50.6133714], [35.4202832, 50.6141232], [35.4204175, 50.6146786], [35.420575, 50.6150082], [35.421038, 50.6155485], [35.4186647, 50.615749], [35.4186425, 50.6157679], [35.4184668, 50.615842], [35.4182804, 50.6158964], [35.4181261, 50.615916], [35.4178566, 50.6159075], [35.4175012, 50.6158522], [35.417123, 50.6157943], [35.416427, 50.615705], [35.4160032, 50.6156131], [35.4151878, 50.6153663], [35.4146406, 50.615168], [35.4143724, 50.6150506], [35.414198, 50.6149195], [35.4140465, 50.6147451], [35.4139902, 50.6145962], [35.4138976, 50.6143928], [35.4137072, 50.6140575], [35.4135999, 50.613889], [35.4134926, 50.6137154], [35.4134336, 50.6135758], [35.4133344, 50.6134601], [35.4132056, 50.6134073], [35.413152, 50.6133861], [35.4131144, 50.6133827], [35.4129924, 50.6133869], [35.4129374, 50.6134073], [35.4128677, 50.6134575], [35.4128007, 50.6135366], [35.4023033, 50.6319024], [35.3920805, 50.6418518], [35.3920725, 50.6418969], [35.3920564, 50.6419352], [35.3920417, 50.6421937], [35.3920215, 50.6423272], [35.3920926, 50.642363], [35.392146, 50.6423984], [35.3922133, 50.6424718], [35.3922066, 50.6425288], [35.3922187, 50.6425662], [35.392267, 50.642613], [35.3922965, 50.6426836], [35.3923367, 50.6427227], [35.3923689, 50.642937], [35.3924426, 50.6429813], [35.3924789, 50.6430374], [35.3924856, 50.6431088], [35.3924976, 50.6432279], [35.39257, 50.6432934], [35.3926022, 50.6433657], [35.3926693, 50.6434482], [35.3927297, 50.6435139], [35.3927484, 50.6436302], [35.3928423, 50.6436633], [35.3928637, 50.643699], [35.3928858, 50.6437575], [35.3930089, 50.6438165], [35.3930649, 50.6438785], [35.393085, 50.6438904], [35.3930944, 50.6439159], [35.3930528, 50.6439431], [35.3930153, 50.6439907], [35.3930153, 50.6440996], [35.392971, 50.6442365], [35.3928906, 50.6445027], [35.3929026, 50.6445537], [35.3929219, 50.6445722], [35.3929791, 50.6445997], [35.3930515, 50.6446056], [35.3931226, 50.6446192], [35.3931628, 50.6446464], [35.393174, 50.6446807], [35.39318, 50.6447835], [35.3932218, 50.6448259], [35.3932567, 50.6448403], [35.3932527, 50.6448778], [35.3932393, 50.644905], [35.3932017, 50.6449245], [35.393144, 50.6449517], [35.3930743, 50.6449611], [35.39303, 50.6450062], [35.3929938, 50.645104], [35.3930086, 50.6452001], [35.3929871, 50.6453098], [35.3929737, 50.6455589], [35.3930287, 50.6456533], [35.3929823, 50.6457752], [35.3929858, 50.6458583], [35.3929657, 50.6459663], [35.3929107, 50.6462248], [35.3928892, 50.6463983], [35.3929335, 50.6466373], [35.3929549, 50.646758], [35.3929804, 50.6469545], [35.3930448, 50.647042], [35.3930663, 50.6472053], [35.3930274, 50.6473839], [35.392971, 50.6475106], [35.3929844, 50.6476058], [35.3929187, 50.6476798], [35.3929348, 50.647798], [35.3929362, 50.6478924], [35.3929643, 50.6480429], [35.3929536, 50.6481144], [35.3929684, 50.6481918], [35.392944, 50.6482703], [35.3929162, 50.6483066], [35.3928621, 50.6483157], [35.3928155, 50.6483516], [35.392798, 50.6484103], [35.3928249, 50.6484766], [35.3928705, 50.6485098], [35.3929134, 50.6485268], [35.3929241, 50.6486509], [35.3929925, 50.6487003], [35.3930207, 50.6488338], [35.3930448, 50.6489953], [35.3930233, 50.6490532], [35.3930408, 50.6490957], [35.3930676, 50.6491067], [35.3930603, 50.6491388], [35.3930689, 50.6491858], [35.3930569, 50.6493431], [35.3930019, 50.6494639], [35.3929389, 50.6496782], [35.3928718, 50.6497675], [35.3928892, 50.6498959], [35.3928973, 50.6499307], [35.392902, 50.6500043], [35.3929429, 50.6500192], [35.3929985, 50.6500417], [35.3930146, 50.6500766], [35.3930549, 50.6500766], [35.3931507, 50.6501323], [35.3931883, 50.6501986], [35.3932473, 50.6502062], [35.3933211, 50.6502734], [35.3933787, 50.6503525], [35.3935035, 50.6504324], [35.3935423, 50.650452], [35.3935678, 50.6504928], [35.3936188, 50.6505268], [35.3936496, 50.65056], [35.393714, 50.6505778], [35.393765, 50.6506195], [35.3938173, 50.6506331], [35.3939138, 50.6507028], [35.3939246, 50.6507215], [35.3939648, 50.65073], [35.3940171, 50.6507794], [35.3941257, 50.6508406], [35.3941499, 50.6508805], [35.3942974, 50.6509222], [35.3947319, 50.6511433], [35.394756, 50.6511756], [35.3949009, 50.6512351], [35.3949156, 50.6512997], [35.3951128, 50.6513372], [35.3951222, 50.6514128], [35.3951932, 50.6514324], [35.3952563, 50.65144], [35.3953461, 50.6514885], [35.3954414, 50.6515404], [35.3954615, 50.651588], [35.3955661, 50.6516849], [35.395605, 50.6517189], [35.3957552, 50.6518261], [35.395845, 50.6518729], [35.3958906, 50.6519247], [35.3959523, 50.6519528], [35.3960247, 50.6520438], [35.3961213, 50.6521169], [35.3962098, 50.6521968], [35.3963627, 50.6523397], [35.3964458, 50.6523847], [35.3965545, 50.6524485], [35.3966725, 50.6525225], [35.3967771, 50.6525896], [35.3968348, 50.6526339], [35.3968804, 50.6527444], [35.3968956, 50.6527504], [35.3969461, 50.6528218], [35.3970024, 50.6529043], [35.3970493, 50.6530071], [35.3970527, 50.6530923], [35.3971137, 50.6531517], [35.3971754, 50.6531678], [35.3972344, 50.6532231], [35.3973122, 50.6532801], [35.3973927, 50.6533779], [35.3974718, 50.6534365], [35.3975909, 50.6535557], [35.3977185, 50.6536244], [35.3978218, 50.6537095], [35.3978741, 50.6537877], [35.3978942, 50.6538072], [35.3979318, 50.6538098], [35.3979921, 50.6538413], [35.3980109, 50.6538693], [35.3980498, 50.653877], [35.3981182, 50.6539288], [35.3981785, 50.6539799], [35.3982402, 50.6540156], [35.3982308, 50.6540351], [35.3982161, 50.6540972], [35.3982268, 50.6541712], [35.3982376, 50.6542086], [35.3982912, 50.654263], [35.3983113, 50.6543123], [35.3982979, 50.6543489], [35.3983207, 50.6543803], [35.3983422, 50.654405], [35.3983314, 50.6544228], [35.3983462, 50.6544475], [35.3983985, 50.6544824], [35.3984602, 50.6544841], [35.3985018, 50.6545266], [35.3985353, 50.6545555], [35.3985943, 50.6545895], [35.3986318, 50.6546022], [35.398719, 50.6546745], [35.3987592, 50.6547153], [35.3988934, 50.6547808], [35.3989081, 50.6548233], [35.3988759, 50.6548837], [35.3989175, 50.6549517], [35.3989819, 50.6549602], [35.3990248, 50.6549959], [35.3991187, 50.6550078], [35.3992662, 50.6550112], [35.3993332, 50.6550758], [35.3993708, 50.6551523], [35.39947, 50.6552102], [35.39958, 50.6552493], [35.3996041, 50.6553513], [35.3996524, 50.6554074], [35.3996336, 50.6554754], [35.3996672, 50.655512], [35.399749, 50.6555664], [35.3998026, 50.6556208], [35.3998871, 50.6556421], [35.3999421, 50.6556404], [35.3999703, 50.655671], [35.3999917, 50.6557212], [35.4000226, 50.6557747], [35.4000802, 50.6558376], [35.4001406, 50.6559244], [35.4001594, 50.6560077], [35.4001862, 50.6561097], [35.4002291, 50.6561879], [35.4003149, 50.65621], [35.4003619, 50.6562194], [35.4003605, 50.6562628], [35.4003525, 50.6563019], [35.4003592, 50.6563461], [35.4003927, 50.656358], [35.4270152, 50.6549654], [35.4627568, 50.6663096], [35.4631551, 50.6660758], [35.4640201, 50.6655718], [35.4642735, 50.6654392], [35.4650219, 50.6650209], [35.4658292, 50.6645814], [35.466599, 50.6641589], [35.4668163, 50.6640552], [35.4676518, 50.6636004], [35.4681373, 50.6634423], [35.4683706, 50.6633573], [35.4686911, 50.663229], [35.469579, 50.6628379], [35.4706693, 50.6623542], [35.472343, 50.6615831], [35.4732925, 50.6611462], [35.474242, 50.660699], [35.4750507, 50.6603266], [35.4759398, 50.6599075], [35.4765956, 50.6595972], [35.4772393, 50.6592945], [35.4781459, 50.6588839], [35.4781647, 50.6588355], [35.4785094, 50.6586663], [35.4790941, 50.6584146], [35.4797325, 50.6581264], [35.4802662, 50.6579241], [35.4804566, 50.657902], [35.4809193, 50.6577098], [35.4815108, 50.6575058], [35.4816315, 50.6574539], [35.4817213, 50.6574445], [35.4818688, 50.6573825], [35.4820874, 50.6573255], [35.4823369, 50.6572048], [35.48253, 50.6571402], [35.4831013, 50.6569361], [35.4832354, 50.6568715], [35.4833105, 50.6568392], [35.4833776, 50.6568732], [35.4840749, 50.6566641], [35.4842627, 50.6565586], [35.4849856, 50.6563019], [35.4853503, 50.656148], [35.4855756, 50.6560621], [35.4858424, 50.6559295], [35.4888771, 50.6585551], [35.4871505, 50.6706537], [35.4961851, 50.6788724], [35.4961449, 50.6788868], [35.4960631, 50.6789072], [35.4959679, 50.6789013], [35.4959397, 50.6788868], [35.4958834, 50.6788868], [35.4958458, 50.6789072], [35.4958351, 50.6789429], [35.4957828, 50.6789599], [35.4957265, 50.6789539], [35.4956527, 50.6789862], [35.4955696, 50.6789777], [35.4955105, 50.6790109], [35.4953764, 50.678982], [35.4952919, 50.678993], [35.495241, 50.6789752], [35.4952517, 50.6789352], [35.495178, 50.6788894], [35.4950268, 50.678841], [35.4946122, 50.6791398], [35.4944741, 50.6794282], [35.4944162, 50.679497], [35.4943398, 50.6795412], [35.4943103, 50.679548], [35.4942928, 50.6795063], [35.4942512, 50.6795021], [35.4941346, 50.6794978], [35.4940273, 50.6794936], [35.493857, 50.6794808], [35.493743, 50.6794536], [35.4936035, 50.6793831], [35.4934868, 50.6793457], [35.4933782, 50.6793517], [35.4932347, 50.679395], [35.4932025, 50.6794239], [35.4930389, 50.6794094], [35.492827, 50.6793865], [35.4926701, 50.6793967], [35.4924984, 50.6793984], [35.4924247, 50.6793916], [35.492371, 50.679378], [35.4923241, 50.6793321], [35.4922879, 50.6793245], [35.4922141, 50.6793381], [35.4921176, 50.6793627], [35.4918869, 50.679395], [35.4916897, 50.6793805], [35.491628, 50.6794094], [35.4915878, 50.6794281], [35.491498, 50.6794196], [35.491443, 50.6794417], [35.4913424, 50.6794341], [35.4912029, 50.679389], [35.4910299, 50.6793466], [35.4909132, 50.6793568], [35.4907148, 50.6794145], [35.490645, 50.6794196], [35.4904734, 50.6794111], [35.4901542, 50.6794834], [35.4899423, 50.679548], [35.4898337, 50.679548], [35.4896821, 50.6795845], [35.4895534, 50.6796627], [35.4894233, 50.6797145], [35.4892838, 50.6797366], [35.4892248, 50.6797545], [35.4888895, 50.6798258], [35.4884711, 50.6800153], [35.4883584, 50.6800825], [35.4882243, 50.6801071], [35.48805, 50.6801199], [35.4878005, 50.680215], [35.4874653, 50.6803468], [35.4869583, 50.680464], [35.4867062, 50.680498], [35.4864326, 50.6805337], [35.4860437, 50.6805167], [35.4854965, 50.6805694], [35.4853785, 50.680617], [35.485239, 50.6806068], [35.485066, 50.6806119], [35.4849386, 50.6805974], [35.4848608, 50.6805805], [35.4848045, 50.6806093], [35.4844491, 50.6806306], [35.4842171, 50.6806289], [35.4840347, 50.6806697], [35.483847, 50.6807054], [35.4837665, 50.6807241], [35.4837182, 50.6807683], [35.4836404, 50.6807428], [35.4835787, 50.6807598], [35.4835036, 50.680792], [35.4834567, 50.6808422], [35.4833695, 50.6808617], [35.4832475, 50.6808719], [35.4831845, 50.6808719], [35.4831214, 50.6808694], [35.4830584, 50.6808872], [35.4829806, 50.6809391], [35.4828934, 50.6809603], [35.4827432, 50.6810104], [35.4826748, 50.6810002], [35.4826306, 50.6810087], [35.4826051, 50.6810223], [35.4825823, 50.6810461], [35.4825488, 50.6810436], [35.4824629, 50.6810113], [35.4823503, 50.6810121], [35.482243, 50.6810036], [35.4821156, 50.6810019], [35.4819801, 50.6810291], [35.4818313, 50.6810835], [35.4816905, 50.6810929], [35.4815939, 50.6811014], [35.4815376, 50.6810903], [35.4814558, 50.681143], [35.4814155, 50.6811362], [35.4813431, 50.6811218], [35.4812291, 50.6812186], [35.4811943, 50.6813121], [35.4811057, 50.6813495], [35.4808617, 50.6813937], [35.4806793, 50.6814396], [35.4804701, 50.6814736], [35.4802394, 50.681477], [35.4801589, 50.6814362], [35.4800409, 50.681392], [35.4797754, 50.681392], [35.4795822, 50.6813614], [35.4794669, 50.6813682], [35.479365, 50.6813614], [35.4792774, 50.6813089], [35.4791665, 50.6812696], [35.4789895, 50.6812696], [35.4788339, 50.6812798], [35.4787561, 50.68129], [35.4787078, 50.6813274], [35.4786167, 50.6813461], [35.4783323, 50.6813631], [35.4781473, 50.6813478], [35.4780802, 50.681324], [35.4780292, 50.6812747], [35.4779837, 50.6812203], [35.4778495, 50.6812101], [35.4777262, 50.6811507], [35.4776108, 50.6811507], [35.4774392, 50.6811795], [35.4773319, 50.6812271], [35.4772219, 50.6812645], [35.4771575, 50.6812424], [35.4769912, 50.6812645], [35.4768625, 50.6812645], [35.4767954, 50.6812713], [35.4766399, 50.6812322], [35.4764682, 50.6812169], [35.4763234, 50.6812424], [35.4762644, 50.6812526], [35.4762322, 50.6812424], [35.4761785, 50.6812084], [35.4762107, 50.6811524], [35.4761732, 50.6811235], [35.4761115, 50.6811235], [35.4759827, 50.6811541], [35.4758459, 50.6812186], [35.4757011, 50.6812832], [35.4755589, 50.6813121], [35.4755107, 50.6813546], [35.4754007, 50.6814821], [35.475339, 50.6815415], [35.4752666, 50.6815653], [35.475133, 50.6815301], [35.4750928, 50.6814536], [35.4750118, 50.6813954], [35.4750386, 50.6813291], [35.474993, 50.6812985], [35.4749125, 50.6812781], [35.4749688, 50.6811048], [35.4749233, 50.6810215], [35.4747516, 50.6809739], [35.4745772, 50.6810028], [35.4744331, 50.6809947], [35.4743144, 50.6809671], [35.4741347, 50.6809756], [35.4740328, 50.6809943], [35.4738933, 50.6810402], [35.473735, 50.6810198], [35.473609, 50.6809773], [35.4735097, 50.6810062], [35.4734749, 50.6809807], [35.4735097, 50.6809382], [35.4735875, 50.6809025], [35.4736224, 50.6808719], [35.4736331, 50.6808328], [35.4736251, 50.6807903], [35.4735526, 50.6807827], [35.473503, 50.6807895], [35.4734588, 50.6807513], [35.4733957, 50.6807394], [35.4733179, 50.6807759], [35.4732214, 50.6807988], [35.4731369, 50.6807419], [35.473047, 50.6807462], [35.4729384, 50.6807249], [35.4726219, 50.6806017], [35.4725026, 50.6805235], [35.4724234, 50.6804708], [35.4723135, 50.6804419], [35.4721633, 50.6804113], [35.4720828, 50.680413], [35.4720294, 50.6804667], [35.4720291, 50.6804946], [35.471997, 50.6805388], [35.4718226, 50.6805813], [35.4716992, 50.6806629], [35.471494, 50.6807869], [35.4714069, 50.6808388], [35.4712781, 50.6808617], [35.4710716, 50.680928], [35.4708999, 50.6810385], [35.4706568, 50.6812568], [35.4703581, 50.6814073], [35.4701275, 50.68146], [35.4697515, 50.6816179], [35.4690465, 50.6818475], [35.4684833, 50.6820922], [35.4681399, 50.6822842], [35.4679415, 50.6824593], [35.4674962, 50.6826683], [35.4672602, 50.6827057], [35.4671207, 50.6827754], [35.4667774, 50.6828536], [35.4665709, 50.682947], [35.4664689, 50.683032], [35.4664394, 50.6831034], [35.4664341, 50.6831816], [35.4663455, 50.6832495], [35.4660961, 50.6832937], [35.4659486, 50.6832954], [35.4657233, 50.6833464], [35.4655784, 50.6834178], [35.4654736, 50.6835366], [35.465185, 50.6838409], [35.4651117, 50.6839191], [35.4649991, 50.6839327], [35.4648113, 50.6839293], [35.4645672, 50.6839123], [35.464468, 50.6839327], [35.4642883, 50.6839888], [35.4640174, 50.684191], [35.4638882, 50.6843011], [35.4638511, 50.6843916], [35.4638457, 50.6844952], [35.4639128, 50.684621], [35.4639155, 50.6846924], [35.4638699, 50.6847739], [35.4636607, 50.6848096], [35.4635373, 50.6848419], [35.463489, 50.6849456], [35.463371, 50.6849847], [35.4632691, 50.6850577], [35.4632369, 50.6852753], [35.4631618, 50.6853483], [35.463025, 50.6854231], [35.4629391, 50.685537], [35.4627889, 50.6856797], [35.4626924, 50.6857545], [35.4625878, 50.6858208], [35.4623973, 50.6858768], [35.462168, 50.6859168], [35.462058, 50.685938], [35.4620004, 50.6859737], [35.4617879, 50.6865184], [35.4615841, 50.6868142], [35.4612601, 50.6872346], [35.4612976, 50.6873842], [35.4613137, 50.6875507], [35.4609972, 50.6877444], [35.4607826, 50.6878498], [35.4607826, 50.6879687], [35.4608631, 50.6881251], [35.4607558, 50.6882678], [35.4603106, 50.6884105], [35.4600263, 50.6885091], [35.4598117, 50.6886518], [35.4594952, 50.6889543], [35.4594576, 50.68925], [35.4596025, 50.6894437], [35.45986, 50.6894777], [35.4599404, 50.6896816], [35.4602677, 50.6900418], [35.4604232, 50.6903477], [35.4605441, 50.6904842], [35.4611565, 50.6908565], [35.4612952, 50.6909525], [35.4613688, 50.6910034], [35.4624832, 50.692108], [35.462966, 50.6925736], [35.4632664, 50.6928964], [35.4633629, 50.6930629], [35.4633951, 50.6932974], [35.4634273, 50.6935965], [35.463379, 50.6939703], [35.4632449, 50.6944596], [35.4629445, 50.6947892], [35.4626816, 50.6950848], [35.4622257, 50.6954518], [35.461759, 50.6958222], [35.461539, 50.6960286], [35.4615095, 50.6961255], [35.4615739, 50.696196], [35.4614425, 50.6965647], [35.4613432, 50.6967499], [35.4611823, 50.6969198], [35.4610831, 50.6970608], [35.4610535, 50.697302], [35.4609945, 50.6976826], [35.4609999, 50.6978508], [35.4610696, 50.6979085], [35.4611662, 50.6979952], [35.4611126, 50.6980852], [35.4609865, 50.6981379], [35.4608712, 50.6981464], [35.4608363, 50.6982415], [35.4608712, 50.6982891], [35.4609463, 50.6983265], [35.4608631, 50.6985711], [35.460847, 50.6987427], [35.4607424, 50.6990162], [35.4607746, 50.6992031], [35.4607853, 50.6993968], [35.4607692, 50.6995208], [35.4606432, 50.6996567], [35.4606593, 50.6997349], [35.4607451, 50.6998011], [35.4606631, 50.7003697], [35.460649, 50.7004673], [35.4614217, 50.7013127], [35.4615666, 50.702936], [35.4597877, 50.7041048], [35.4597632, 50.7047353], [35.4602988, 50.705996], [35.4613905, 50.7062984], [35.4616532, 50.7069726], [35.4618984, 50.7076594], [35.4623742, 50.7077986], [35.462929, 50.7083246], [35.4658332, 50.7081928], [35.4660478, 50.7084569], [35.4662343, 50.7088886], [35.4663253, 50.7091125], [35.4663455, 50.7091626], [35.4663643, 50.7092272], [35.4664338, 50.7094345], [35.4671314, 50.7109554], [35.4674266, 50.7166095], [35.4731539, 50.725539], [35.464353, 50.7344795], [35.4638767, 50.734965], [35.4665357, 50.7362237], [35.47171, 50.7372231], [35.4716628, 50.7373297], [35.4715802, 50.7375185], [35.4713612, 50.7381566], [35.4742788, 50.7400835], [35.4709166, 50.7435624], [35.4696125, 50.7460724], [35.4698002, 50.7466019], [35.4699397, 50.7467309], [35.4701221, 50.7468107], [35.4702052, 50.7469244], [35.4704279, 50.7471399], [35.4706317, 50.7472027], [35.4707819, 50.7473147], [35.4709563, 50.7475014], [35.4710019, 50.7476881], [35.4712218, 50.7480072], [35.4720184, 50.7489219], [35.472807, 50.7495481], [35.473389, 50.750008], [35.4738665, 50.7503559], [35.4744968, 50.7506665], [35.474765, 50.7508226], [35.4749098, 50.7509295], [35.4752546, 50.7511843], [35.4756582, 50.7516185], [35.4759613, 50.7519358], [35.4761249, 50.7522481], [35.4761879, 50.7526486], [35.476196, 50.7528963], [35.4763019, 50.7529778], [35.476549, 50.7532323], [35.476016, 50.7535715], [35.4738831, 50.7549288], [35.4887132, 50.7768038], [35.4744297, 50.7846125], [35.4743332, 50.7846447], [35.4741964, 50.784654], [35.4741749, 50.7846235], [35.4740435, 50.7846303], [35.4739737, 50.7845709], [35.4739979, 50.7845319], [35.473896, 50.7844827], [35.4737377, 50.7844692], [35.4736868, 50.7844658], [35.473668, 50.7844302], [35.4736251, 50.7844081], [35.4735526, 50.7843962], [35.4734668, 50.7844352], [35.4734158, 50.7843793], [35.473389, 50.7843335], [35.4732978, 50.7842843], [35.4731128, 50.7842792], [35.4729331, 50.7842301], [35.4727828, 50.7841707], [35.4725763, 50.7840842], [35.4723886, 50.784091], [35.4723108, 50.784035], [35.4721498, 50.7840249], [35.4719406, 50.7839367], [35.4716483, 50.7838773], [35.4710072, 50.7836179], [35.4707658, 50.7835144], [35.4706264, 50.7834788], [35.4701811, 50.7833499], [35.4698968, 50.783299], [35.4696205, 50.7832804], [35.4691324, 50.7832176], [35.4687783, 50.783143], [35.4684725, 50.7831227], [35.4680541, 50.7830905], [35.4677913, 50.7830871], [35.4675579, 50.783121], [35.4672012, 50.7831549], [35.4669169, 50.7831685], [35.4666996, 50.7831854], [35.4661283, 50.7832092], [35.4660264, 50.7832244], [35.4656428, 50.783299], [35.4650661, 50.7833499], [35.4644975, 50.7833414], [35.4642132, 50.7833618], [35.4638806, 50.7833482], [35.4633978, 50.7833007], [35.4626763, 50.7832516], [35.4621693, 50.7831549], [35.4617831, 50.7831193], [35.4612762, 50.7830362], [35.4607022, 50.7829124], [35.4601496, 50.782753], [35.45964, 50.7827309], [35.4592591, 50.7826699], [35.4588783, 50.782636], [35.4582721, 50.782602], [35.4577732, 50.7825274], [35.4574406, 50.7824087], [35.4571778, 50.782368], [35.4570651, 50.7822629], [35.4569437, 50.782176], [35.4558581, 50.7823511], [35.4555416, 50.7823884], [35.455327, 50.7823782], [35.4551554, 50.7822866], [35.4548228, 50.7822866], [35.4546887, 50.7823612], [35.4543722, 50.7823918], [35.4535568, 50.7823443], [35.4529989, 50.7823138], [35.4525107, 50.7823816], [35.4512651, 50.7828537], [35.4506357, 50.782955], [35.4496669, 50.7829555], [35.4371894, 50.7914071], [35.432768, 50.7944015], [35.4156119, 50.7988599], [35.4149614, 50.7990289], [35.4114062, 50.802563], [35.4102031, 50.805707], [35.4128542, 50.8134236], [35.4135503, 50.8155504], [35.4168548, 50.8195598], [35.420308, 50.8290648], [35.4193725, 50.8377175], [35.4199578, 50.8410111], [35.4191177, 50.843828], [35.4154958, 50.8496838], [35.4126477, 50.8552228], [35.4126021, 50.8552253], [35.4125418, 50.8552278], [35.4124573, 50.8552371], [35.4123419, 50.8552456], [35.4121569, 50.8552185], [35.4120389, 50.8551762], [35.4119691, 50.8551694], [35.4119289, 50.8550881], [35.4119074, 50.8550136], [35.4118136, 50.8549899], [35.411725, 50.8550475], [35.4116794, 50.8550864], [35.4115346, 50.8551694], [35.4114783, 50.8552422], [35.4114595, 50.8553303], [35.4113254, 50.8554082], [35.4113093, 50.8554454], [35.4112262, 50.8554708], [35.4112262, 50.8555402], [35.4111645, 50.8556012], [35.4110357, 50.8556892], [35.4109982, 50.8558111], [35.411033, 50.8559161], [35.4109338, 50.8560363], [35.4107943, 50.8562175], [35.4107597, 50.8562333], [35.4106535, 50.8562819], [35.410561, 50.856331], [35.4105073, 50.8564173], [35.4103866, 50.8565341], [35.4102015, 50.8566493], [35.4099253, 50.8567881], [35.4096758, 50.8569354], [35.4093245, 50.8571268], [35.4091528, 50.8572588], [35.4089034, 50.8575263], [35.4086459, 50.85776], [35.4085654, 50.8578413], [35.4082918, 50.8581003], [35.4081336, 50.8581342], [35.4080343, 50.8582053], [35.4080209, 50.8583204], [35.4077405, 50.8585882], [35.4076079, 50.8587776], [35.4075676, 50.8589536], [35.4076561, 50.8590975], [35.407632, 50.859167], [35.4076239, 50.8593007], [35.407522, 50.8594971], [35.407179, 50.8599843], [35.4071599, 50.8600338], [35.4071894, 50.8601676], [35.4071894, 50.8602522], [35.4071438, 50.860364], [35.406999, 50.8607466], [35.4068273, 50.8612071], [35.4067281, 50.8613561], [35.4065162, 50.8618403], [35.4063714, 50.8622923], [35.4062024, 50.8623668], [35.4061219, 50.8624481], [35.4061514, 50.8625564], [35.4061085, 50.8626969], [35.4057813, 50.8630389], [35.4055908, 50.8631523], [35.405336, 50.8633352], [35.4049176, 50.8635163], [35.4045823, 50.8636907], [35.404408, 50.8637719], [35.4043087, 50.8639378], [35.4040271, 50.8642053], [35.4036918, 50.8644559], [35.4033056, 50.8646201], [35.4029998, 50.8647301], [35.4024929, 50.8648757], [35.4019672, 50.8649739], [35.4015487, 50.8649485], [35.4013073, 50.8649248], [35.4006156, 50.8648076], [35.3994158, 50.8644597], [35.3987133, 50.8642731], [35.3980672, 50.8642815], [35.3978312, 50.8643255], [35.3962819, 50.8645897], [35.3951059, 50.8647046], [35.3938351, 50.8650748], [35.3920242, 50.8660709], [35.3910345, 50.8663146], [35.390431, 50.8664399], [35.3897712, 50.8665516], [35.3896049, 50.8666735], [35.3889799, 50.8669088], [35.3881431, 50.8670222], [35.387738, 50.867156], [35.3867403, 50.8673625], [35.3862736, 50.8674336], [35.3855896, 50.8674471], [35.3823763, 50.8700793], [35.3824322, 50.8701133], [35.3825855, 50.8702063], [35.3829208, 50.8704416], [35.3833955, 50.8708681], [35.3840259, 50.8714165], [35.3844336, 50.8718058], [35.3848922, 50.8722561], [35.3854555, 50.8728045], [35.3857157, 50.8730855], [35.3859678, 50.8733512], [35.3864157, 50.873837], [35.386861, 50.8743058], [35.3871694, 50.8746494], [35.3873894, 50.8747949], [35.3876039, 50.8749303], [35.3883871, 50.8752367], [35.3888807, 50.8754076], [35.3892642, 50.8755498], [35.3896102, 50.8756683], [35.3897577, 50.8757597], [35.3899093, 50.8758451], [35.3901266, 50.8759094], [35.3903706, 50.8760254], [35.3909124, 50.8762378], [35.3910335, 50.8762856], [35.3910989, 50.8763114], [35.3913778, 50.8764299], [35.3920483, 50.8766737], [35.393773, 50.8773421], [35.3938512, 50.8773583], [35.3940064, 50.8773903], [35.3940922, 50.8773996], [35.3941351, 50.8774284], [35.3942786, 50.8774986], [35.3944369, 50.8775443], [35.3944678, 50.8775804], [35.3946675, 50.8776154], [35.3948191, 50.8776434], [35.39498, 50.8776882], [35.3951463, 50.8777254], [35.3952563, 50.8777627], [35.395373, 50.8777779], [35.3954937, 50.8777991], [35.3955768, 50.8778431], [35.3958262, 50.8778981], [35.3959577, 50.8779192], [35.3960596, 50.8779285], [35.3961159, 50.8779632], [35.3964606, 50.8780512], [35.3965893, 50.8780842], [35.3967302, 50.8780791], [35.3968441, 50.878113], [35.3969702, 50.8781451], [35.3972948, 50.8782238], [35.3977212, 50.8783279], [35.3979586, 50.8783846], [35.398715, 50.8785708], [35.3993373, 50.8787265], [35.4003262, 50.8789429], [35.4011612, 50.8791233], [35.4014119, 50.8791851], [35.4015595, 50.8792511], [35.4017217, 50.8793247], [35.4017647, 50.879345], [35.4018223, 50.8794051], [35.4018612, 50.8794398], [35.4018773, 50.8794762], [35.4018532, 50.8795033], [35.4018022, 50.8795194], [35.4017593, 50.8795414], [35.4016344, 50.8796366], [35.4015863, 50.8796683], [35.401479, 50.8797563], [35.4012322, 50.8798951], [35.4006703, 50.8801768], [35.3996041, 50.8806811], [35.3987405, 50.8811144], [35.3975227, 50.8816948], [35.3956908, 50.8825088], [35.3950229, 50.8828151], [35.39406, 50.8832009], [35.3925982, 50.8837966], [35.3915092, 50.8842315], [35.3909969, 50.8843821], [35.3905302, 50.8845394], [35.3899509, 50.8847966], [35.3894144, 50.8850099], [35.3892347, 50.8850843], [35.3886929, 50.8854126], [35.3882396, 50.8857324], [35.3878507, 50.8860302], [35.387435, 50.8865869], [35.387207, 50.8869236], [35.3864694, 50.8877815], [35.3852302, 50.8892316], [35.3842109, 50.8904532], [35.383248, 50.8915648], [35.3826901, 50.8921739], [35.3824407, 50.8924649], [35.3816307, 50.8934242], [35.3812337, 50.8939199], [35.3810996, 50.894111], [35.3808609, 50.8943699], [35.3803915, 50.8950195], [35.3802252, 50.8952581], [35.3800374, 50.8955135], [35.3800602, 50.8955719], [35.3800307, 50.8956015], [35.3799731, 50.8956548], [35.3798926, 50.8957115], [35.4037294, 50.9027981], [35.4035979, 50.9029161], [35.4035228, 50.9030447], [35.4031822, 50.9033373], [35.402922, 50.9035081], [35.4024982, 50.9036502], [35.4020879, 50.9037855], [35.4011598, 50.9041695], [35.4002935, 50.9045856], [35.3998992, 50.9047886], [35.3995398, 50.9050558], [35.3992742, 50.9052774], [35.3990194, 50.9053992], [35.3986788, 50.9055785], [35.3984857, 50.9057087], [35.3984106, 50.9058626], [35.3982174, 50.9060487], [35.3976434, 50.9062533], [35.3972223, 50.9064123], [35.3970614, 50.9065155], [35.39693, 50.9066034], [35.3968602, 50.9067387], [35.3968522, 50.906984], [35.3968093, 50.9071903], [35.396812, 50.9073375], [35.3967449, 50.9078077], [35.396761, 50.9081798], [35.3967315, 50.9084741], [35.396702, 50.9089121], [35.3970104, 50.9090423], [35.3973421, 50.9091949], [35.3977293, 50.9091742], [35.3979304, 50.9092047], [35.3981198, 50.9093147], [35.3987753, 50.9095492], [35.3990704, 50.9098085], [35.3992125, 50.9099167], [35.3993928, 50.9099736], [35.3998643, 50.9100994], [35.4004236, 50.9102051], [35.4010257, 50.9102524], [35.4022326, 50.910404], [35.4018357, 50.9106913], [35.401538, 50.9108536], [35.4011974, 50.910972], [35.4009452, 50.9111107], [35.4008916, 50.9112714], [35.4008889, 50.9113982], [35.4009479, 50.9116113], [35.4011035, 50.911728], [35.4011625, 50.9119597], [35.4010284, 50.9121389], [35.4007521, 50.912418], [35.4005107, 50.9127021], [35.4002532, 50.9130623], [35.4001915, 50.9133346], [35.4001325, 50.9137151], [35.4000735, 50.9141463], [35.3999045, 50.9144304], [35.3997517, 50.9146773], [35.3994325, 50.9151474], [35.3992152, 50.9154738], [35.3991508, 50.9156277], [35.3990221, 50.9158255], [35.3988424, 50.9159287], [35.3983676, 50.9161248], [35.3982335, 50.9162618], [35.3980404, 50.9164495], [35.3975201, 50.9167826], [35.3968441, 50.9169754], [35.3964767, 50.9171969], [35.3961012, 50.9173948], [35.3959644, 50.9175453], [35.3960395, 50.9177178], [35.3962299, 50.9177888], [35.3964257, 50.9178361], [35.3964391, 50.9179443], [35.3963211, 50.9180001], [35.3955379, 50.9183265], [35.3949907, 50.9187087], [35.3943068, 50.918964], [35.393714, 50.9191331], [35.3928423, 50.9194679], [35.3923649, 50.9194611], [35.392389, 50.9199261], [35.3924373, 50.9202254], [35.3925021, 50.9205209], [35.3925714, 50.9208223], [35.392625, 50.9212247], [35.3926867, 50.9218587], [35.3927296, 50.9224252], [35.392805, 50.9231547], [35.392743, 50.9240652], [35.3927028, 50.9241616], [35.3926358, 50.9242089], [35.3925043, 50.9242376], [35.3924078, 50.9242546], [35.3917265, 50.9241278], [35.3899643, 50.9238217], [35.388709, 50.9235952], [35.3882074, 50.9235157], [35.3878457, 50.9234839], [35.3871828, 50.9234126], [35.3869146, 50.9233923], [35.3866357, 50.9234058], [35.3859141, 50.9233957], [35.3852543, 50.9233635], [35.3847098, 50.9233297], [35.3839534, 50.9233263], [35.3831944, 50.9233788], [35.3824165, 50.9234498], [35.3818506, 50.9234599], [35.3813973, 50.9234345], [35.3809896, 50.9234329], [35.3802305, 50.923487], [35.3795734, 50.9234751], [35.3784737, 50.9234684], [35.3771031, 50.9234092], [35.3764459, 50.9233737], [35.3748339, 50.9233483], [35.3743833, 50.9233263], [35.3739247, 50.9233111], [35.3737181, 50.9233213], [35.3734526, 50.9233652], [35.3730395, 50.9234548], [35.3725997, 50.9235842], [35.3716595, 50.9238784], [35.3706188, 50.9242258], [35.36966, 50.9245513], [35.3686917, 50.9248877], [35.3673546, 50.9253484], [35.3662482, 50.9257322], [35.3715831, 50.9299993], [35.3704656, 50.9303956], [35.3703627, 50.930432], [35.3724278, 50.9323918], [35.3652941, 50.9325933], [35.3551546, 50.9311091], [35.3550124, 50.9317827], [35.3551573, 50.9318233], [35.3550714, 50.9319721], [35.3548783, 50.9320803], [35.3546691, 50.9321377], [35.3544921, 50.932158], [35.3544036, 50.9322594], [35.3541836, 50.9322577], [35.3537598, 50.9322544], [35.3532636, 50.9322561], [35.3528586, 50.9322256], [35.3524482, 50.9321343], [35.3521532, 50.9320904], [35.3518286, 50.9320752], [35.3514075, 50.9320583], [35.3511742, 50.931989], [35.3506324, 50.9318267], [35.350495, 50.9318027], [35.3499886, 50.9317895], [35.3488165, 50.9318013], [35.3481594, 50.9318301], [35.3477678, 50.9318943], [35.3476485, 50.9319635], [35.3475559, 50.9320972], [35.3475049, 50.9322713], [35.3475425, 50.9325012], [35.3475961, 50.9325739], [35.3477007, 50.9326263], [35.3478724, 50.9326719], [35.3482667, 50.9326905], [35.3484303, 50.932704], [35.3485161, 50.9327497], [35.3486422, 50.9328393], [35.3486127, 50.932939], [35.3485507, 50.9330273], [35.345149, 50.9329454], [35.345052, 50.9330666], [35.3449488, 50.9331283], [35.3448924, 50.9331896], [35.344751, 50.9332504], [35.3447382, 50.9334157], [35.3445974, 50.9336692], [35.3445303, 50.9338231], [35.3445464, 50.9339904], [35.3444365, 50.9344062], [35.3444016, 50.9345381], [35.3443077, 50.9346429], [35.3441843, 50.9347342], [35.3440422, 50.9347849], [35.3439403, 50.9348711], [35.3439027, 50.9349455], [35.3439161, 50.9350942], [35.3438222, 50.9351094], [35.3437778, 50.9352577], [35.3437605, 50.9354551], [35.343613, 50.9354745], [35.3434414, 50.9354847], [35.3431088, 50.9354779], [35.3430229, 50.9354137], [35.3429371, 50.9352818], [35.3427118, 50.9352176], [35.3424342, 50.9350832], [35.3420734, 50.9349269], [35.3419273, 50.9348643], [35.3417072, 50.9347992], [35.3410837, 50.9346716], [35.3400081, 50.9344755], [35.3393617, 50.9343437], [35.3387019, 50.9343437], [35.3377325, 50.9343121], [35.3367653, 50.9343572], [35.336009, 50.9344553], [35.3349441, 50.9345499], [35.3331532, 50.9346684], [35.3327675, 50.9355388], [35.332569, 50.9359799], [35.3323169, 50.9363831], [35.3319722, 50.9369028], [35.3317885, 50.9372003], [35.3315981, 50.9374395], [35.3313312, 50.9378823], [35.3310294, 50.9384012], [35.3307398, 50.9389869], [35.3304796, 50.9394576], [35.3302757, 50.9397956], [35.3300773, 50.9400584], [35.3298439, 50.9403838], [35.3295462, 50.9408959], [35.3293517, 50.9411722], [35.3291479, 50.9414232], [35.3288394, 50.9419531], [35.328657, 50.9423553], [35.3284264, 50.942744], [35.3281903, 50.9430195], [35.3277934, 50.943584], [35.3272516, 50.944445], [35.3270772, 50.9447822], [35.3269404, 50.9449495], [35.3267044, 50.9452537], [35.3265649, 50.9454987], [35.3259735, 50.9465186], [35.3257629, 50.9468253], [35.3293062, 50.9478651], [35.3303716, 50.9518765], [35.3323477, 50.9525875], [35.3344219, 50.9560482], [35.3356723, 50.9563778], [35.3359406, 50.9582679], [35.3345367, 50.9587648], [35.3364569, 50.9633564], [35.3427901, 50.9635063], [35.3428861, 50.9640963], [35.3429693, 50.9642365], [35.3431088, 50.9650625], [35.3432107, 50.9653396], [35.3433984, 50.9658903], [35.3434199, 50.9660068], [35.343385, 50.9661318], [35.3431088, 50.9664376], [35.3429398, 50.9668007], [35.3428298, 50.9670592], [35.342854, 50.967419], [35.3428969, 50.9676014], [35.3430337, 50.967696], [35.3433609, 50.967826], [35.3435487, 50.9679088], [35.3437579, 50.9679646], [35.3439993, 50.9680642], [35.3441334, 50.968174], [35.3445303, 50.9685186], [35.3452224, 50.9691672], [35.3456542, 50.9694594], [35.3459707, 50.9697499], [35.3463194, 50.9700759], [35.3468344, 50.9705826], [35.3470731, 50.9707718], [35.3474164, 50.97114], [35.3475988, 50.9712667], [35.3480601, 50.971564], [35.3483766, 50.9717954], [35.3485966, 50.9720301], [35.3494057, 50.9719432], [35.3500034, 50.971879], [35.3502864, 50.9720875], [35.3503856, 50.9722244], [35.3504714, 50.9722615], [35.3506538, 50.9723578], [35.3508148, 50.9724811], [35.351091, 50.9727074], [35.3511232, 50.9728206], [35.3510964, 50.9729033], [35.3511742, 50.9730097], [35.351311, 50.9731094], [35.3516597, 50.9734894], [35.3517589, 50.9736093], [35.3518796, 50.9736819], [35.3519762, 50.9738086], [35.3520003, 50.973893], [35.3520942, 50.9739234], [35.3522068, 50.9740636], [35.3523878, 50.974248], [35.3488809, 50.9772741], [35.3433225, 50.9879062], [35.3403721, 50.9880151], [35.3327223, 50.9923706], [35.3321837, 50.9926772], [35.3299458, 50.9962337], [35.3299713, 50.996281], [35.330033, 50.9963207], [35.3301805, 50.9963553], [35.3302811, 50.9963857], [35.3305373, 50.9964768], [35.3306593, 50.9965418], [35.3307706, 50.996573], [35.3313205, 50.9967419], [35.3316571, 50.9968541], [35.3318743, 50.9969411], [35.3321654, 50.9970339], [35.3324202, 50.9971217], [35.3326482, 50.9971723], [35.3328587, 50.9972213], [35.3331229, 50.9972871], [35.3333388, 50.9973361], [35.3335413, 50.9973707], [35.3338981, 50.9974433], [35.3341931, 50.9975201], [35.3344533, 50.9975775], [35.334574, 50.9975842], [35.3346786, 50.9975901], [35.3347805, 50.9976205], [35.3348516, 50.9976559], [35.3348851, 50.9976931], [35.3349535, 50.9977311], [35.3351091, 50.9977842], [35.3352942, 50.9978349], [35.3355061, 50.9978568], [35.3356227, 50.9978948], [35.3357743, 50.9979598], [35.3361806, 50.9980856], [35.3365736, 50.99817], [35.3369115, 50.9982577], [35.3370577, 50.9982155], [35.3371811, 50.9981463], [35.3372388, 50.9980721], [35.3372978, 50.998018], [35.3375673, 50.9980282], [35.3377578, 50.9980737], [35.3314493, 51.002467], [35.3291261, 51.0085809], [35.3228178, 51.01367], [35.3237738, 51.0139981], [35.3254706, 51.0145802], [35.3256275, 51.0144355], [35.3257066, 51.0142997], [35.3256986, 51.0141681], [35.3257817, 51.0140044], [35.3259748, 51.0137648], [35.3260767, 51.0136146], [35.3262135, 51.0134526], [35.3264576, 51.0132552], [35.3270155, 51.0128063], [35.3273776, 51.0124705], [35.3278336, 51.0121195], [35.3282279, 51.0118225], [35.3284585, 51.0116267], [35.3288072, 51.0113348], [35.3291345, 51.0110428], [35.3294134, 51.0108234], [35.329746, 51.0106581], [35.329923, 51.0105821], [35.3300786, 51.0105315], [35.3303763, 51.0104741], [35.3306285, 51.010442], [35.3307035, 51.0104317], [35.3308484, 51.0104117], [35.3310841, 51.0103977], [35.3312185, 51.0103416], [35.3313366, 51.0102902], [35.3316464, 51.0102041], [35.331991, 51.0101332], [35.3325167, 51.0099611], [35.3327662, 51.0098564], [35.3329647, 51.0097788], [35.3330746, 51.0096944], [35.3331363, 51.0096101], [35.3331779, 51.0095113], [35.3332342, 51.009443], [35.3333724, 51.0093569], [35.3335762, 51.0092624], [35.3338364, 51.0091738], [35.334067, 51.0091038], [35.3345042, 51.0089536], [35.3350031, 51.0087848], [35.3353961, 51.0086641], [35.3358333, 51.0085511], [35.3363416, 51.0084253], [35.3367801, 51.0083004], [35.3371194, 51.0082161], [35.3375003, 51.008141], [35.3381762, 51.008], [35.3387207, 51.0078692], [35.3390519, 51.0078135], [35.3392678, 51.007741], [35.3395025, 51.0076844], [35.3398244, 51.0076169], [35.3401409, 51.0075528], [35.3404145, 51.007503], [35.3408436, 51.007433], [35.3411789, 51.0073832], [35.3414525, 51.0073536], [35.3421807, 51.0072752], [35.3425589, 51.0072355], [35.3428902, 51.0071798], [35.3434668, 51.0070946], [35.3437082, 51.0070608], [35.343896, 51.0070482], [35.3441374, 51.0069925], [35.3443345, 51.0069553], [35.3447583, 51.0068895], [35.3454007, 51.0068009], [35.3458607, 51.0067402], [35.3461772, 51.0066887], [35.3467271, 51.0065874], [35.3473359, 51.0064659], [35.3476685, 51.0064068], [35.3479421, 51.0063638], [35.3485134, 51.0062845], [35.3491585, 51.0062111], [35.3495032, 51.0061765], [35.3497177, 51.0061714], [35.3498934, 51.0061655], [35.350116, 51.0061225], [35.3503279, 51.0060963], [35.3506082, 51.0060777], [35.3510334, 51.0060347], [35.351366, 51.0060212], [35.3522739, 51.0059689], [35.35321, 51.0058929], [35.3538832, 51.0058482], [35.3541058, 51.0058541], [35.3543258, 51.0058634], [35.3544652, 51.0058701], [35.3546852, 51.0058035], [35.3548528, 51.005763], [35.3551264, 51.0057208], [35.3554295, 51.0057005], [35.356548, 51.0055807], [35.3576329, 51.0054558], [35.3580393, 51.0054263], [35.3582431, 51.005422], [35.3584027, 51.005433], [35.3589499, 51.0054811], [35.3597814, 51.0055824], [35.3600912, 51.0056263], [35.3603795, 51.0056912], [35.3610259, 51.0058634], [35.361667, 51.0060946], [35.3621122, 51.0062279], [35.3627707, 51.0064338], [35.362945, 51.0065001], [35.3630463, 51.0065625], [35.3631415, 51.0066296], [35.3633172, 51.0066925], [35.3635687, 51.0067714], [35.3639898, 51.0069064], [35.3646684, 51.0070549], [35.3650251, 51.0071494], [35.3654087, 51.0072693], [35.3655294, 51.0072575], [35.3657399, 51.0072532], [35.3659075, 51.0072878], [35.3660564, 51.0073055], [35.3661758, 51.0073241], [35.3663139, 51.0073747], [35.3664654, 51.0074752], [35.3665741, 51.0075292], [35.3667833, 51.007649], [35.3669013, 51.0076819], [35.3670569, 51.0077038], [35.3672621, 51.007703], [35.3673922, 51.0077199], [35.3675598, 51.0077511], [35.3676791, 51.0077764], [35.3677502, 51.0078228], [35.3678924, 51.007995], [35.3680587, 51.0081621], [35.3681539, 51.0082372], [35.3682867, 51.0083047], [35.3684261, 51.0083814], [35.3685053, 51.0084127], [35.3688419, 51.0084743], [35.3692281, 51.0084911], [35.3694883, 51.0084979], [35.3698491, 51.0085232], [35.3702165, 51.0085603], [35.3705665, 51.0085907], [35.370989, 51.0086059], [35.3713846, 51.0086152], [35.3718983, 51.0086076], [35.3721759, 51.0085688], [35.3724521, 51.0085426], [35.3728384, 51.0085249], [35.3732072, 51.0085038], [35.3735907, 51.0085148], [35.3739166, 51.0085392], [35.3742076, 51.0085696], [35.3744705, 51.0086034], [35.3746663, 51.008638], [35.3748165, 51.0087156], [35.375023, 51.0088422], [35.3752162, 51.009], [35.3753999, 51.0091822], [35.3754978, 51.0092978], [35.3755434, 51.0093974], [35.3756694, 51.0095215], [35.3758277, 51.009751], [35.3758317, 51.0098438], [35.3759041, 51.0099813], [35.3759162, 51.0101256], [35.3759632, 51.0103214], [35.3759927, 51.0105475], [35.3760168, 51.0107888], [35.375994, 51.0109475], [35.3759055, 51.0111204], [35.3756909, 51.0114234], [35.3756346, 51.0115432], [35.3755541, 51.0115558], [35.3755018, 51.0116267], [35.3825129, 51.0128672], [35.3838113, 51.0199129], [35.3937989, 51.0200888], [35.3945756, 51.0230698], [35.4031795, 51.022721], [35.4039101, 51.0245648], [35.4093137, 51.026721], [35.407871, 51.0291406], [35.4038199, 51.028931], [35.4029325, 51.0314979], [35.3999529, 51.0315999], [35.4002251, 51.0336659], [35.4010659, 51.0336701], [35.4012591, 51.0337038], [35.4029931, 51.0341542], [35.4032788, 51.0342562], [35.4034746, 51.0343355], [35.4036073, 51.0344207], [35.4046849, 51.0379919], [35.4111886, 51.0391373], [35.4088819, 51.0433873], [35.4056311, 51.0436571], [35.4061916, 51.0481308], [35.4061621, 51.0482286], [35.4050893, 51.0488846], [35.4032935, 51.0499612], [35.40269, 51.0503203], [35.4022542, 51.0505775], [35.4015434, 51.0510074], [35.400901, 51.0513952], [35.4002479, 51.0517915], [35.3995357, 51.0522197], [35.3987901, 51.0526733], [35.3969595, 51.053781], [35.3961012, 51.0543155], [35.3950793, 51.054957], [35.3946461, 51.0548524], [35.3940345, 51.054672], [35.3934096, 51.0544933], [35.3929737, 51.0543686], [35.3922817, 51.0541485], [35.3921074, 51.0540912], [35.3915937, 51.0539353], [35.3907582, 51.0536647], [35.390431, 51.0535669], [35.3899817, 51.0534623], [35.3896947, 51.0534084], [35.3895043, 51.0533823], [35.3893957, 51.0533747], [35.3891985, 51.0533797], [35.3887627, 51.0533974], [35.388139, 51.0534261], [35.3876884, 51.053437], [35.3873793, 51.0534522], [35.3871547, 51.0534581], [35.3868435, 51.0534784], [35.3751102, 51.0670716], [35.3727445, 51.0658412], [35.3615785, 51.0668626], [35.3610849, 51.0667244], [35.3605539, 51.066421], [35.3599638, 51.0662322], [35.3596848, 51.0660401], [35.3595239, 51.0659187], [35.3593308, 51.0658513], [35.3590411, 51.065767], [35.358569, 51.065713], [35.3581774, 51.0656793], [35.3577644, 51.0655951], [35.3574318, 51.0654535], [35.3570723, 51.0653254], [35.3567666, 51.0651265], [35.3562248, 51.0646882], [35.3555649, 51.0640679], [35.355168, 51.0638184], [35.3546905, 51.0635184], [35.3540844, 51.0632487], [35.3533387, 51.0630464], [35.352872, 51.0629318], [35.3523248, 51.0627194], [35.351606, 51.0624193], [35.351091, 51.062217], [35.3509033, 51.0620855], [35.3279024, 51.0708496], [35.3260223, 51.0740362], [35.3275895, 51.076668], [35.3279063, 51.0772795], [35.3126435, 51.0773619], [35.3122124, 51.0783245], [35.3043821, 51.0787376], [35.3041309, 51.0784711], [35.3038359, 51.0781442], [35.303573, 51.0779993], [35.3030741, 51.0779824], [35.3029507, 51.0778645], [35.3031814, 51.0777229], [35.3032941, 51.0775106], [35.3030902, 51.0773387], [35.3027415, 51.0771163], [35.3028005, 51.0767624], [35.3030902, 51.0762096], [35.3032511, 51.0759838], [35.3035408, 51.0757614], [35.3037178, 51.075367], [35.3037554, 51.0752356], [35.3037018, 51.0748952], [35.303632, 51.0745817], [35.3036803, 51.0744064], [35.3036052, 51.0741975], [35.3034925, 51.0740053], [35.3032994, 51.0738065], [35.3031546, 51.0736278], [35.3029722, 51.0733953], [35.3026302, 51.0733894], [35.3024304, 51.0734121], [35.3020978, 51.0733582], [35.301969, 51.0734054], [35.3020173, 51.0734863], [35.3022507, 51.0735132], [35.3023982, 51.0735469], [35.3024653, 51.073584], [35.3024679, 51.0736144], [35.3023821, 51.0736548], [35.3022909, 51.0736649], [35.3021541, 51.0736514], [35.301961, 51.0736312], [35.3018537, 51.0736413], [35.3015909, 51.0736211], [35.3014594, 51.0735857], [35.3013334, 51.0735773], [35.3013602, 51.0735284], [35.3013441, 51.0734762], [35.3015104, 51.0734492], [35.3015533, 51.0733953], [35.3015426, 51.0733363], [35.301497, 51.0733295], [35.3014058, 51.073343], [35.301277, 51.0733818], [35.3011939, 51.0733464], [35.3012824, 51.0732908], [35.301387, 51.0732739], [35.3014299, 51.0732385], [35.3014567, 51.0731745], [35.3013414, 51.073161], [35.3012127, 51.0732166], [35.3011429, 51.0732756], [35.301092, 51.0732655], [35.30099, 51.0732604], [35.3009069, 51.073188], [35.3009123, 51.0730784], [35.3009444, 51.0730077], [35.3010356, 51.0729672], [35.3011456, 51.0729251], [35.3012744, 51.0728762], [35.3014004, 51.0728829], [35.3015774, 51.0729571], [35.3016445, 51.0730312], [35.3017518, 51.0731003], [35.3018779, 51.0731138], [35.3019342, 51.0730245], [35.3018752, 51.0729504], [35.3018108, 51.0728897], [35.3017893, 51.0728004], [35.3018993, 51.0727279], [35.3019717, 51.0727279], [35.3020146, 51.0726352], [35.3020227, 51.0724717], [35.3019932, 51.0723622], [35.301961, 51.0722931], [35.3018939, 51.0722728], [35.3018162, 51.0721549], [35.3016928, 51.0719981], [35.3014728, 51.0718802], [35.3012502, 51.071838], [35.3009123, 51.0717723], [35.3006923, 51.0718077], [35.3005609, 51.0718077], [35.300231, 51.0718481], [35.2999011, 51.0719577], [35.2996328, 51.0720167], [35.2994692, 51.0719948], [35.2993539, 51.07202], [35.2991608, 51.0720706], [35.2989972, 51.0720436], [35.2988899, 51.0720369], [35.2987879, 51.0720773], [35.2986807, 51.0720875], [35.2986056, 51.0720487], [35.2985063, 51.0719998], [35.2983722, 51.0720049], [35.298281, 51.0720538], [35.2982354, 51.0720942], [35.2980557, 51.0721195], [35.2980155, 51.0721835], [35.2979216, 51.0722257], [35.2977768, 51.0723049], [35.2976882, 51.0723655], [35.2975461, 51.0723773], [35.2975246, 51.0722897], [35.2975219, 51.0722054], [35.2975032, 51.0721195], [35.2974227, 51.0720858], [35.2972671, 51.0721127], [35.297074, 51.0721195], [35.2971116, 51.072047], [35.2970526, 51.0720083], [35.2969345, 51.0719863], [35.2968273, 51.0719021], [35.296618, 51.0718532], [35.2963713, 51.0718481], [35.2961272, 51.0718734], [35.2960333, 51.0719105], [35.2959555, 51.071897], [35.2960011, 51.0718229], [35.2960655, 51.0717386], [35.2961701, 51.0716746], [35.296382, 51.0716762], [35.2965993, 51.0716914], [35.2967119, 51.0716678], [35.2968407, 51.071651], [35.2969238, 51.071715], [35.2971545, 51.0717942], [35.2973074, 51.0718684], [35.2974871, 51.0719425], [35.2977338, 51.0719627], [35.2979404, 51.0719493], [35.2981308, 51.0719729], [35.2982703, 51.0719627], [35.2984393, 51.0718987], [35.2985787, 51.0718262], [35.298568, 51.0717757], [35.2984419, 51.0717167], [35.2983561, 51.0716712], [35.2981818, 51.0716762], [35.2980155, 51.0716981], [35.2980557, 51.0716425], [35.2982193, 51.0715819], [35.2983347, 51.071565], [35.2984366, 51.0715262], [35.2986324, 51.0715397], [35.2989247, 51.0715178], [35.2990562, 51.071506], [35.29915, 51.0714504], [35.2992251, 51.0713746], [35.2991903, 51.0713071], [35.299024, 51.0712296], [35.2990052, 51.0711723], [35.2988738, 51.0711335], [35.2987584, 51.0710914], [35.2987584, 51.0709819], [35.298678, 51.0708437], [35.2986753, 51.0707982], [35.2985492, 51.0707577], [35.2984768, 51.0706718], [35.2982998, 51.0705942], [35.2980423, 51.0705453], [35.2977794, 51.0704864], [35.2976078, 51.0704712], [35.297412, 51.0704661], [35.2973717, 51.0704105], [35.2973556, 51.0703262], [35.2972886, 51.0702167], [35.2971894, 51.0701341], [35.2970713, 51.0700616], [35.2969614, 51.0699672], [35.2968192, 51.0699268], [35.2966261, 51.0698779], [35.2965403, 51.0697886], [35.2964705, 51.0696302], [35.2963471, 51.0695021], [35.2962989, 51.0694498], [35.2961782, 51.0693757], [35.2960575, 51.069288], [35.2958965, 51.0692341], [35.2957356, 51.0691448], [35.2956364, 51.0690773], [35.2954996, 51.06902], [35.2951804, 51.0691043], [35.2949926, 51.0691077], [35.2948049, 51.0691498], [35.2947512, 51.0691279], [35.2947807, 51.0690858], [35.2947807, 51.069015], [35.2946627, 51.0689981], [35.2944374, 51.0689998], [35.2942309, 51.068983], [35.2941209, 51.068956], [35.2939814, 51.0689863], [35.293901, 51.0690352], [35.2937829, 51.0690049], [35.293732, 51.0689425], [35.2935925, 51.0689509], [35.293327, 51.0689745], [35.2930427, 51.0689931], [35.2929461, 51.0690268], [35.2928469, 51.0690858], [35.2926859, 51.0690858], [35.2926618, 51.0690672], [35.2925706, 51.0690318], [35.2924231, 51.0690369], [35.2921602, 51.0690773], [35.2920073, 51.069106], [35.2919108, 51.0691751], [35.2918464, 51.0692509], [35.2916801, 51.0692762], [35.2888128, 51.0688886], [35.2887994, 51.0688077], [35.288837, 51.0687284], [35.2887565, 51.0686981], [35.2885365, 51.0687268], [35.2884158, 51.0687284], [35.2883568, 51.0686762], [35.288499, 51.0686829], [35.2885634, 51.0686627], [35.2886197, 51.0686442], [35.2886546, 51.0685447], [35.2886572, 51.0684807], [35.2886331, 51.0683796], [35.2885017, 51.0683475], [35.2884239, 51.0683661], [35.2884266, 51.0684234], [35.2884158, 51.0684925], [35.2883702, 51.0685262], [35.2882951, 51.0685616], [35.2882683, 51.0685953], [35.2882522, 51.0686391], [35.2881369, 51.068565], [35.2881369, 51.0684689], [35.2880819, 51.0683871], [35.2880149, 51.0683357], [35.287976, 51.06827], [35.2879666, 51.0682489], [35.2879894, 51.0682236], [35.2879143, 51.0681107], [35.2878647, 51.0680408], [35.2878298, 51.0679599], [35.2877748, 51.0679472], [35.2877265, 51.0678579], [35.2876689, 51.0677955], [35.2876568, 51.0677374], [35.2876045, 51.06767], [35.2875361, 51.0675258], [35.2874744, 51.0675326], [35.2874395, 51.0675208], [35.2873591, 51.0672149], [35.2872598, 51.0670649], [35.2872317, 51.0670135], [35.2872598, 51.0669342], [35.2873081, 51.0668457], [35.2872679, 51.0667918], [35.2871498, 51.066748], [35.286954, 51.066748], [35.2867314, 51.0667463], [35.2865866, 51.0667665], [35.2866268, 51.0668171], [35.2867261, 51.0668323], [35.2868628, 51.0668306], [35.2869809, 51.0668323], [35.2870667, 51.0668643], [35.2871042, 51.0669031], [35.2870721, 51.0669604], [35.2870131, 51.0669705], [35.2869138, 51.0669519], [35.2868602, 51.0669486], [35.2867448, 51.0669772], [35.2866188, 51.0669671], [35.2865598, 51.0669283], [35.2864552, 51.0668744], [35.2863505, 51.0668727], [35.2861333, 51.0668474], [35.2860314, 51.0668272], [35.2859777, 51.0667766], [35.2858785, 51.0667193], [35.2857685, 51.066716], [35.2857283, 51.0667564], [35.2857631, 51.0667851], [35.2858168, 51.0668002], [35.2858812, 51.0668255], [35.2858758, 51.0668525], [35.2857819, 51.0668693], [35.285503, 51.066871], [35.2854869, 51.0670345], [35.2855432, 51.0670598], [35.2854681, 51.0671306], [35.285393, 51.0672031], [35.285393, 51.0672941], [35.2851811, 51.0673952], [35.2848351, 51.0674525], [35.2844757, 51.0674357], [35.2842048, 51.0673801], [35.2840841, 51.0672385], [35.283891, 51.0671323], [35.28373, 51.0670682], [35.2837032, 51.0669654], [35.2835503, 51.0668811], [35.2832472, 51.0666924], [35.2830997, 51.0665474], [35.2828476, 51.0664058], [35.2826866, 51.0663182], [35.2824104, 51.0663047], [35.2822146, 51.0663317], [35.2821073, 51.066453], [35.2821287, 51.0665626], [35.2821368, 51.0666654], [35.2820966, 51.0667969], [35.2819946, 51.0669266], [35.2819222, 51.0670042], [35.2818042, 51.0670783], [35.2815843, 51.0671104], [35.2813697, 51.0671188], [35.2810827, 51.0670665], [35.2808252, 51.0669823], [35.2806777, 51.0668913], [35.2806401, 51.0667581], [35.2805811, 51.066603], [35.2804819, 51.0665137], [35.2804282, 51.066421], [35.2803907, 51.0663317], [35.2801681, 51.0662103], [35.2798945, 51.0660518], [35.279755, 51.0659743], [35.2795565, 51.0659457], [35.2793339, 51.0659254], [35.2791059, 51.0657518], [35.2790496, 51.0656355], [35.2790308, 51.0654754], [35.2789664, 51.0653287], [35.2788725, 51.0651298], [35.2787894, 51.0650371], [35.2787626, 51.0648955], [35.2785829, 51.0647691], [35.2783173, 51.0646646], [35.2781349, 51.0645567], [35.2778828, 51.0644792], [35.277679, 51.0644573], [35.2775583, 51.064341], [35.2774027, 51.0642634], [35.27729, 51.0642027], [35.2771184, 51.0640679], [35.2770084, 51.0639651], [35.2767241, 51.0638319], [35.2766329, 51.0638403], [35.2766517, 51.0639179], [35.2766517, 51.0639583], [35.2766195, 51.0640207], [35.2765068, 51.064078], [35.2764317, 51.0640982], [35.2763298, 51.0640763], [35.2762574, 51.0641286], [35.2762198, 51.0642027], [35.2761018, 51.0642516], [35.2759838, 51.0642533], [35.2759355, 51.0641572], [35.2758872, 51.0641117], [35.2758095, 51.0641016], [35.2757263, 51.0641437], [35.2756646, 51.0642011], [35.2755868, 51.0641926], [35.275501, 51.0640763], [35.2754769, 51.0640628], [35.2753401, 51.0640527], [35.2752382, 51.0640679], [35.2751228, 51.064046], [35.2749512, 51.0640359], [35.274817, 51.0639802], [35.2746722, 51.0639971], [35.2745274, 51.0640258], [35.2744469, 51.0640949], [35.2744979, 51.064169], [35.2744791, 51.064255], [35.2743852, 51.0642651], [35.2742726, 51.0641994], [35.2742135, 51.0641117], [35.2741304, 51.0640005], [35.2741358, 51.063928], [35.2741519, 51.0638403], [35.2741787, 51.0637325], [35.2742243, 51.0636751], [35.2743074, 51.0636094], [35.2744201, 51.0635689], [35.2745676, 51.0635133], [35.2746454, 51.0634644], [35.2747285, 51.0633616], [35.2747393, 51.0632251], [35.27475, 51.0631425], [35.2748224, 51.0630599], [35.2748385, 51.0629891], [35.2749056, 51.0630177], [35.2751175, 51.0630649], [35.2753615, 51.0631492], [35.2755278, 51.063193], [35.2756646, 51.0631678], [35.2758229, 51.0631593], [35.2759543, 51.0632436], [35.2760401, 51.0632419], [35.2761716, 51.0631593], [35.2762306, 51.0631045], [35.2762279, 51.0630691], [35.2762842, 51.0630447], [35.2763647, 51.0630312], [35.2766101, 51.0630287], [35.2766182, 51.0629975], [35.2765886, 51.0629621], [35.276539, 51.0629157], [35.27648, 51.0628433], [35.2764867, 51.0627581], [35.2765042, 51.0627008], [35.2765203, 51.0626216], [35.2765363, 51.0625011], [35.2765591, 51.0623713], [35.276598, 51.0622196], [35.2766249, 51.0621159], [35.2766329, 51.0620518], [35.276598, 51.061949], [35.2765685, 51.0618369], [35.276598, 51.0617332], [35.2765833, 51.061665], [35.2764411, 51.0615537], [35.276358, 51.0614922], [35.2762869, 51.0614669], [35.2762011, 51.0613295], [35.2761461, 51.0612528], [35.276138, 51.0612022], [35.2761126, 51.0611837], [35.2760401, 51.0610943], [35.2760026, 51.0609367], [35.2759691, 51.060796], [35.2759422, 51.0606695], [35.2758899, 51.0605802], [35.2758712, 51.0605406], [35.2758121, 51.060522], [35.2757639, 51.0604841], [35.2757545, 51.0604057], [35.2757853, 51.0603248], [35.2757813, 51.0602515], [35.2758081, 51.0601292], [35.2758805, 51.060034], [35.2758899, 51.0598772], [35.2759302, 51.0594718], [35.2759664, 51.059326], [35.2760039, 51.0592994], [35.2760133, 51.0592096], [35.2760294, 51.0590731], [35.2760281, 51.0589972], [35.2760214, 51.0589466], [35.2760777, 51.0589087], [35.2761166, 51.0588624], [35.2761447, 51.0588177], [35.2761917, 51.0587317], [35.2761058, 51.0586912], [35.2760401, 51.0586567], [35.2759302, 51.0585901], [35.2758537, 51.0585749], [35.2757853, 51.0585547], [35.2756807, 51.0585623], [35.2756056, 51.0585345], [35.2755171, 51.0585252], [35.2754608, 51.0585496], [35.2754112, 51.0585656], [35.2753066, 51.0585404], [35.2751, 51.0585294], [35.2749217, 51.058553], [35.2746548, 51.0586171], [35.2744751, 51.0586617], [35.2743168, 51.058687], [35.2742457, 51.0587022], [35.2742887, 51.0587443], [35.2743047, 51.0587696], [35.2742672, 51.0588034], [35.2742216, 51.0587983], [35.2741948, 51.0588447], [35.2742136, 51.0588944], [35.2741599, 51.0589584], [35.2740432, 51.0589964], [35.2739936, 51.0590309], [35.2739829, 51.0590781], [35.2739574, 51.0591439], [35.2738555, 51.059138], [35.2737643, 51.0591346], [35.2737214, 51.0591953], [35.2737375, 51.0592906], [35.2737294, 51.0593681], [35.2736972, 51.0594229], [35.2736436, 51.05939], [35.2735591, 51.0592417], [35.2735175, 51.0591228], [35.2734491, 51.0590689], [35.2732842, 51.0590352], [35.273091, 51.0590411], [35.272969, 51.0590276], [35.2729154, 51.0589787], [35.2729918, 51.0589509], [35.2731514, 51.0589146], [35.2731594, 51.058859], [35.2731353, 51.0587797], [35.2732694, 51.0586786], [35.2733821, 51.0585437], [35.2734679, 51.058478], [35.2735484, 51.0584283], [35.2736892, 51.0583574], [35.2737717, 51.0583115], [35.2738173, 51.0582976], [35.2738206, 51.0582116], [35.2671199, 51.0579758], [35.2647503, 51.0599273], [35.2663339, 51.0620535], [35.2657606, 51.063189], [35.2614999, 51.0612848], [35.2613255, 51.0611871], [35.2612343, 51.0611281], [35.2609903, 51.061091], [35.2607006, 51.061032], [35.260368, 51.0609898], [35.2600676, 51.0608246], [35.2597994, 51.0606426], [35.2595848, 51.0602717], [35.2594775, 51.0600559], [35.2595419, 51.0598738], [35.2596438, 51.0597626], [35.2596304, 51.0597036], [35.2596585, 51.0596707], [35.2596612, 51.059621], [35.2595915, 51.0595822], [35.2594721, 51.0595291], [35.2592401, 51.0594524], [35.2591382, 51.0594271], [35.2590886, 51.0594625], [35.2590202, 51.0594633], [35.2589947, 51.0594119], [35.2587694, 51.0592113], [35.2586246, 51.0591001], [35.2586782, 51.0590444], [35.2585307, 51.0589433], [35.2583241, 51.0586769], [35.2581954, 51.0586078], [35.2581283, 51.0585606], [35.2581096, 51.0584932], [35.2580371, 51.0584679], [35.2578628, 51.0584443], [35.257785, 51.0584594], [35.2576911, 51.058478], [35.2579973, 51.0616406], [35.2562967, 51.0622663], [35.2539242, 51.0616506], [35.2482719, 51.0651539], [35.2438295, 51.0640544], [35.2430561, 51.0620287], [35.2427405, 51.0612022], [35.2273419, 51.0548988], [35.2272427, 51.0548263], [35.2271327, 51.0547892], [35.2269557, 51.0547353], [35.2265789, 51.0545515], [35.2264152, 51.0544293], [35.226261, 51.0542539], [35.2260478, 51.0540035], [35.2258748, 51.0538392], [35.2257004, 51.0536326], [35.2256629, 51.0535247], [35.225687, 51.0534489], [35.2257165, 51.0534101], [35.2257809, 51.0533662], [35.2259338, 51.0533039], [35.2260518, 51.0532415], [35.2261859, 51.053142], [35.2263147, 51.0530796], [35.2264085, 51.0530021], [35.2264461, 51.0529498], [35.2264541, 51.0528823], [35.2264702, 51.0528267], [35.2264917, 51.0527458], [35.2264622, 51.0526665], [35.2263978, 51.0525873], [35.2262905, 51.0525131], [35.2261725, 51.0524457], [35.2260303, 51.052417], [35.2258694, 51.0524069], [35.225687, 51.052417], [35.2254832, 51.0524153], [35.225105, 51.0524018], [35.224708, 51.0523782], [35.224067, 51.0523597], [35.2237076, 51.052385], [35.2235198, 51.0524069], [35.2233401, 51.0524389], [35.223214, 51.0524575], [35.223037, 51.052476], [35.2228439, 51.0524659], [35.2226695, 51.0524288], [35.2225569, 51.0523866], [35.2224657, 51.0523259], [35.222404, 51.0522332], [35.2223879, 51.052154], [35.2223799, 51.052073], [35.2223423, 51.0520123], [35.222294, 51.051928], [35.2223074, 51.0518488], [35.2223638, 51.0517072], [35.2223986, 51.0515773], [35.2223986, 51.0514778], [35.2223557, 51.0513497], [35.2222887, 51.0511878], [35.2222297, 51.0508978], [35.2221975, 51.0507427], [35.2221235, 51.0505884], [35.222058, 51.0505033], [35.2219695, 51.0504384], [35.2218743, 51.0503827], [35.2217884, 51.0503616], [35.2216382, 51.0503574], [35.2215135, 51.0503718], [35.2214116, 51.0503987], [35.2213606, 51.0504325], [35.2213177, 51.0504788], [35.221315, 51.0505387], [35.2212962, 51.0506036], [35.22126, 51.0506559], [35.2211648, 51.0507326], [35.2135688, 51.0464943], [35.2131675, 51.0464832], [35.2128996, 51.0464758], [35.2124248, 51.0464867], [35.2119809, 51.0465078], [35.2116296, 51.0465205], [35.211179, 51.0466478], [35.2109966, 51.0466781], [35.2106854, 51.0467], [35.2102375, 51.0467051], [35.2098592, 51.0467308], [35.2097037, 51.0467565], [35.2095991, 51.0468223], [35.2094865, 51.0469707], [35.2093738, 51.0471284], [35.2092759, 51.0474074], [35.2091753, 51.0476292], [35.2090386, 51.0477835], [35.2089554, 51.0478695], [35.2087945, 51.0479875], [35.2086845, 51.0480381], [35.2084082, 51.0480887], [35.2082393, 51.048114], [35.2080542, 51.0481258], [35.2077457, 51.0480887], [35.2070242, 51.047974], [35.2065629, 51.0480077], [35.206292, 51.0480347], [35.2059031, 51.0481393], [35.2057475, 51.0481983], [35.2056187, 51.0482876], [35.2038458, 51.0512199], [35.2036902, 51.0513278], [35.2034086, 51.0514627], [35.2031162, 51.0515503], [35.2024886, 51.0517645], [35.2019495, 51.0519027], [35.2014801, 51.0520629], [35.2010107, 51.0522973], [35.1999455, 51.0528986], [35.1969173, 51.050018], [35.1962581, 51.0507226], [35.1965965, 51.051531], [35.1901586, 51.0539591], [35.1901102, 51.0545195], [35.1897937, 51.0566859], [35.1894021, 51.0567871], [35.1886806, 51.0570703], [35.1882058, 51.0573822], [35.1877981, 51.0577244], [35.1869506, 51.0584392], [35.1855585, 51.0596058], [35.1844642, 51.0604723], [35.182718, 51.0618344], [35.1825437, 51.0620316], [35.1825061, 51.0620957], [35.1825008, 51.0621749], [35.1827046, 51.0624598], [35.1828817, 51.0626654], [35.1829272, 51.0627868], [35.1828716, 51.062924], [35.1809236, 51.0657535], [35.1805669, 51.0660653], [35.1800546, 51.0663772], [35.1796979, 51.066598], [35.1794378, 51.0668422], [35.178633, 51.067289], [35.1782656, 51.0676059], [35.1780671, 51.0678773], [35.1779491, 51.06812], [35.1777989, 51.0686037], [35.1777533, 51.0690234], [35.1775655, 51.0698088], [35.1774099, 51.0700414], [35.177241, 51.0702352], [35.1770613, 51.0704122], [35.1767367, 51.0706347], [35.1764148, 51.0707948], [35.1762432, 51.0708588], [35.1758355, 51.0709633], [35.1752803, 51.0710779], [35.1744354, 51.0713021], [35.1737756, 51.0715498], [35.173569, 51.0716442], [35.1733571, 51.0718026], [35.173156, 51.0720083], [35.1727644, 51.0722273], [35.1722655, 51.0725897], [35.1720884, 51.0727953], [35.1718202, 51.0731661], [35.1716056, 51.0734846], [35.1712355, 51.0742126], [35.1709861, 51.0745665], [35.1707286, 51.0747789], [35.1704791, 51.0749019], [35.1702699, 51.0749828], [35.169999, 51.075035], [35.1697093, 51.0750435], [35.1692775, 51.075089], [35.168902, 51.0751732], [35.1684567, 51.0753653], [35.168108, 51.0755878], [35.1677218, 51.0757984], [35.1670888, 51.0762821], [35.1667213, 51.0765736], [35.1663163, 51.0769899], [35.1661645, 51.0804173], [35.1635837, 51.0832626], [35.1582714, 51.0818328], [35.1567127, 51.0826396], [35.1538084, 51.0812623], [35.1537136, 51.0813146], [35.1531923, 51.0816019], [35.15014, 51.0825405], [35.1494372, 51.0826534], [35.1490858, 51.082746], [35.1486862, 51.0828202], [35.1483817, 51.082832], [35.1479968, 51.0828067], [35.1476163, 51.0826362], [35.1501423, 51.0851873], [35.15055, 51.085599], [35.1557136, 51.090823], [35.173502, 51.0872388], [35.1736756, 51.087822], [35.174034, 51.0890259], [35.1769191, 51.0987167], [35.176903, 51.0987478], [35.1767971, 51.0988], [35.1766093, 51.0988817], [35.1751354, 51.0995083], [35.1741779, 51.0998957], [35.1733518, 51.1002343], [35.1729628, 51.1004633], [35.1726785, 51.1006486], [35.172523, 51.1007463], [35.1723593, 51.1008962], [35.1717907, 51.1013998], [35.1709646, 51.1021594], [35.17086, 51.1023093], [35.1704738, 51.1027085], [35.1697331, 51.1034572], [35.1685432, 51.1009799], [35.1647062, 51.1013046], [35.1647072, 51.1053082], [35.1670271, 51.1057332], [35.1662466, 51.1061459], [35.1656887, 51.1064877], [35.1652139, 51.1067841], [35.1647714, 51.1069828], [35.1646104, 51.1070569], [35.1644576, 51.1071428], [35.1642778, 51.1072371], [35.1641142, 51.1073904], [35.1639372, 51.1075975], [35.1637655, 51.1079023], [35.1636904, 51.1080286], [35.1635671, 51.10816], [35.1633391, 51.1083823], [35.1631674, 51.1085288], [35.1630574, 51.1086669], [35.1630548, 51.108874], [35.1630494, 51.108965], [35.1630762, 51.109066], [35.1631165, 51.1091822], [35.1632372, 51.1094617], [35.1633525, 51.1097446], [35.1634276, 51.1099248], [35.1634759, 51.1102364], [35.1635966, 51.1108072], [35.1638192, 51.1118748], [35.1641089, 51.1127706], [35.164412, 51.1133364], [35.1650047, 51.1143029], [35.1654661, 51.1150977], [35.1657209, 51.1155759], [35.1658738, 51.115788], [35.1660374, 51.1159749], [35.1667535, 51.1168505], [35.1670164, 51.1173876], [35.1672631, 51.1177731], [35.167644, 51.1183136], [35.1678345, 51.1184904], [35.1680517, 51.1188305], [35.1684406, 51.1193625], [35.1687531, 51.1195721], [35.1690522, 51.1197312], [35.1719758, 51.1206252], [35.1734456, 51.1211218], [35.173974, 51.121302], [35.1746482, 51.1215882], [35.1679435, 51.1264221], [35.1535249, 51.1313164], [35.1415622, 51.1338882], [35.1418385, 51.1344638], [35.1419243, 51.1346574], [35.1420826, 51.1348947], [35.1421899, 51.1354669], [35.1424259, 51.1358203], [35.1429462, 51.136295], [35.1434022, 51.1365676], [35.1437563, 51.1368234], [35.144003, 51.1370557], [35.1440406, 51.1375101], [35.1439065, 51.1383145], [35.1436597, 51.1386747], [35.1434505, 51.1388732], [35.1432306, 51.1389843], [35.1432788, 51.139257], [35.1435953, 51.1395531], [35.1434934, 51.1398089], [35.1430696, 51.140472], [35.142737, 51.1408119], [35.1422274, 51.1410913], [35.14175, 51.1417005], [35.1413959, 51.1422221], [35.1410472, 51.1424106], [35.1405698, 51.1425822], [35.1399958, 51.1426596], [35.1391375, 51.1428481], [35.1385367, 51.1429356], [35.1383811, 51.1431308], [35.1382846, 51.1433765], [35.1381665, 51.1437972], [35.1378286, 51.1441102], [35.137614, 51.1442381], [35.1371741, 51.1443558], [35.1364392, 51.1444905], [35.1362568, 51.1445611], [35.1361549, 51.1446688], [35.1359172, 51.1452575], [35.1356211, 51.1458618], [35.1355353, 51.146158], [35.135479, 51.1464558], [35.1355809, 51.146789], [35.1355138, 51.147075], [35.1352859, 51.1474015], [35.1350015, 51.147955], [35.1349908, 51.148093], [35.1351008, 51.1482074], [35.135455, 51.1484328], [35.1356399, 51.1486028], [35.1357847, 51.1487458], [35.1359886, 51.1488788], [35.1373351, 51.1493129], [35.1386547, 51.1497335], [35.1394594, 51.1500633], [35.14045, 51.1506649], [35.1406834, 51.1510976], [35.1407576, 51.1514597], [35.1405644, 51.1518568], [35.1403442, 51.1521417], [35.1395613, 51.1532565], [35.1395935, 51.1534281], [35.1396418, 51.1535594], [35.1395291, 51.1538285], [35.139116, 51.1540338], [35.1386869, 51.1542592], [35.1374316, 51.1547404], [35.1364821, 51.1551071], [35.135774, 51.1553763], [35.1344168, 51.1559617], [35.1342076, 51.1561165], [35.1337248, 51.1564631], [35.1328933, 51.1567894], [35.1314932, 51.157173], [35.1307851, 51.1574085], [35.1302433, 51.1576507], [35.1289022, 51.1585995], [35.1284838, 51.1588922], [35.1282048, 51.1591445], [35.1277703, 51.159306], [35.126574, 51.1602076], [35.1256911, 51.1608728], [35.1249904, 51.1614861], [35.1229727, 51.1650862], [35.1270456, 51.1669198], [35.1349747, 51.1704894], [35.1342693, 51.1710435], [35.1341433, 51.1711263], [35.1340212, 51.1712066], [35.1338576, 51.1713353], [35.1335156, 51.1715875], [35.133065, 51.1720012], [35.132271, 51.1726907], [35.131335, 51.1735198], [35.1311646, 51.1736896], [35.1310171, 51.1738023], [35.1309058, 51.1739007], [35.1308736, 51.1739789], [35.1308857, 51.1740487], [35.1309541, 51.1744565], [35.130946, 51.1746868], [35.1309058, 51.1748113], [35.1308951, 51.1751375], [35.1308843, 51.1754637], [35.1308522, 51.1758488], [35.1308978, 51.1761877], [35.1309326, 51.1764718], [35.1309702, 51.1769317], [35.1309782, 51.1772714], [35.1309326, 51.1774581], [35.1309648, 51.1775842], [35.1310104, 51.1777187], [35.1310614, 51.177828], [35.1310641, 51.1778784], [35.130989, 51.1779272], [35.1308736, 51.1780113], [35.1307851, 51.1781138], [35.1307395, 51.1783207], [35.1307295, 51.1785429], [35.1307154, 51.1788554], [35.1307529, 51.1794977], [35.1307315, 51.1803804], [35.1306698, 51.1811068], [35.1306456, 51.1819508], [35.1306054, 51.1827326], [35.1306081, 51.1841819], [35.1305571, 51.1851856], [35.1305786, 51.1852873], [35.1306014, 51.1853117], [35.1305826, 51.1853512], [35.1305732, 51.1853857], [35.1305786, 51.1854798], [35.1305383, 51.1855807], [35.1304793, 51.1858127], [35.1304203, 51.1861304], [35.1303801, 51.1868819], [35.1303546, 51.1876672], [35.1303077, 51.1897835], [35.1303533, 51.1898289], [35.1303291, 51.1898827], [35.1302943, 51.1900004], [35.1302567, 51.1906879], [35.130254, 51.1907602], [35.1302862, 51.1907989], [35.1302648, 51.1908392], [35.1302272, 51.1909081], [35.130246, 51.1915368], [35.1302701, 51.1943927], [35.1304364, 51.1944499], [35.130761, 51.1946045], [35.1311928, 51.1947592], [35.1314986, 51.1949289], [35.1317936, 51.1950533], [35.1321235, 51.1951643], [35.1323408, 51.1952634], [35.1324454, 51.1953794], [35.1326814, 51.1955004], [35.1329604, 51.1955878], [35.133191, 51.1956652], [35.1334539, 51.1957811], [35.1338884, 51.1959711], [35.1342425, 51.1961459], [35.1344597, 51.1962635], [35.134559, 51.1963845], [35.1347092, 51.1965509], [35.1349077, 51.1967258], [35.1351786, 51.1969779], [35.1353797, 51.1971325], [35.1354951, 51.1972502], [35.1357096, 51.1974956], [35.1358733, 51.1976586], [35.1362407, 51.1978536], [35.1368737, 51.198262], [35.1372868, 51.1986301], [35.1383007, 51.1996351], [35.1385286, 51.1999108], [35.1385528, 51.2000788], [35.1386708, 51.2002654], [35.1388854, 51.2003595], [35.1391509, 51.2004267], [35.1392958, 51.2004856], [35.1395425, 51.20062], [35.1401541, 51.2010301], [35.1404893, 51.2013292], [35.1407066, 51.2014872], [35.1411331, 51.2017191], [35.1415434, 51.2019494], [35.1418787, 51.2021695], [35.1422623, 51.2024468], [35.1424286, 51.2026283], [35.1426056, 51.2028149], [35.1427746, 51.2029342], [35.1430187, 51.2029594], [35.1432547, 51.2030216], [35.1433164, 51.2031342], [35.1433083, 51.2032569], [35.1432601, 51.2034535], [35.1432681, 51.2036165], [35.1433191, 51.2037913], [35.1433432, 51.2039627], [35.1433593, 51.2041392], [35.1432681, 51.2043543], [35.143244, 51.2045358], [35.143311, 51.2047021], [35.1434371, 51.20485], [35.14348, 51.2049643], [35.143421, 51.2051122], [35.143244, 51.2054769], [35.1432386, 51.2055794], [35.1432896, 51.2056701], [35.1432413, 51.2058079], [35.1431528, 51.2059844], [35.1430562, 51.2060751], [35.1429597, 51.2061222], [35.1428819, 51.2061255], [35.1427907, 51.2061776], [35.1427826, 51.2062448], [35.1428041, 51.2063725], [35.1427343, 51.2065103], [35.1427048, 51.2065574], [35.142619, 51.2066162], [35.1423401, 51.2066885], [35.1420853, 51.2068263], [35.1419297, 51.2070094], [35.1417902, 51.2071237], [35.1414871, 51.2072514], [35.1410875, 51.2072951], [35.1407924, 51.2074127], [35.1404867, 51.2076245], [35.140146, 51.2077908], [35.1398081, 51.207848], [35.1392743, 51.2078883], [35.1389605, 51.2079622], [35.1386225, 51.2081908], [35.1383918, 51.2083386], [35.1375496, 51.2089133], [35.137268, 51.2091284], [35.1370364, 51.2094667], [35.1369005, 51.2096863], [35.1367798, 51.2100643], [35.1367664, 51.2103836], [35.1368254, 51.2106037], [35.136922, 51.2108037], [35.1370588, 51.2109482], [35.1372117, 51.2112389], [35.137378, 51.211837], [35.1374879, 51.2120521], [35.1375926, 51.2121916], [35.1377347, 51.212415], [35.1377991, 51.2125142], [35.1378205, 51.2126133], [35.1378071, 51.2130233], [35.1377481, 51.2132115], [35.1377052, 51.2134316], [35.1377052, 51.2136584], [35.1380163, 51.2141036], [35.1381639, 51.2144565], [35.138188, 51.2145892], [35.1380995, 51.2147135], [35.1380351, 51.2148211], [35.1380646, 51.2148933], [35.1380378, 51.2149488], [35.1379654, 51.215016], [35.1378715, 51.2150781], [35.1376677, 51.2151521], [35.1375201, 51.2152125], [35.137504, 51.215273], [35.1375067, 51.2153755], [35.1375335, 51.2154494], [35.1375979, 51.2155166], [35.1380298, 51.215809], [35.1382926, 51.2159098], [35.1383972, 51.215977], [35.1384616, 51.2160761], [35.1385152, 51.2162324], [35.1386436, 51.2168257], [35.1388167, 51.2170995], [35.1390302, 51.2173345], [35.1392636, 51.2174151], [35.1394942, 51.2175143], [35.1396739, 51.2175764], [35.1398456, 51.2176621], [35.1399422, 51.2177747], [35.1403123, 51.218114], [35.1405564, 51.2182031], [35.140838, 51.2183089], [35.1411143, 51.2183694], [35.1417044, 51.2184484], [35.141919, 51.2185256], [35.1425117, 51.218739], [35.142796, 51.2188448], [35.1437321, 51.2191388], [35.1444724, 51.2193471], [35.1447031, 51.2194883], [35.1448292, 51.2196008], [35.1451644, 51.2199267], [35.1453468, 51.2200611], [35.1454622, 51.2201149], [35.1456794, 51.2201619], [35.1465538, 51.2203299], [35.1471278, 51.220466], [35.148316, 51.2206239], [35.1488498, 51.2207566], [35.1491448, 51.2208675], [35.1494238, 51.2209431], [35.1498905, 51.2210288], [35.1501802, 51.2210775], [35.1502664, 51.2234198], [35.1495659, 51.2235822], [35.14786, 51.2240206], [35.1464975, 51.2243515], [35.1457599, 51.2245413], [35.1450276, 51.2247597], [35.1442766, 51.2249462], [35.1437026, 51.2250923], [35.1430508, 51.225262], [35.141404, 51.2256601], [35.1378849, 51.2265738], [35.1372412, 51.2267065], [35.1363695, 51.2269417], [35.13601, 51.2270072], [35.1356372, 51.227113], [35.1350391, 51.2272995], [35.134103, 51.2275682], [35.1335612, 51.2277194], [35.1331374, 51.2278218], [35.1320538, 51.2280889], [35.1306483, 51.2284904], [35.1301843, 51.228623], [35.1297712, 51.2287255], [35.1295701, 51.2287641], [35.1293126, 51.228828], [35.1284543, 51.2290597], [35.1260188, 51.2297282], [35.1250224, 51.2299743], [35.124954, 51.2299735], [35.1248373, 51.2299877], [35.1247099, 51.2300524], [35.123688, 51.2303833], [35.1235324, 51.2304269], [35.1233607, 51.2305076], [35.1231033, 51.2306016], [35.1229584, 51.2305966], [35.1228002, 51.2306218], [35.1227184, 51.2306318], [35.1225802, 51.2306369], [35.1224796, 51.2306671], [35.1223147, 51.2306654], [35.1221779, 51.2306503], [35.121966, 51.2306654], [35.1209468, 51.2308536], [35.1198256, 51.2312063], [35.119607, 51.2315033], [35.1173419, 51.2297316], [35.1139596, 51.2309577], [35.1051077, 51.2327405], [35.0846449, 51.2303584], [35.0759429, 51.2318791], [35.0717792, 51.2345064], [35.0719401, 51.2343167], [35.0720125, 51.2341722], [35.0721225, 51.2339942], [35.0721386, 51.2338716], [35.072152, 51.2337053], [35.0721091, 51.2335592], [35.0721762, 51.2333913], [35.0723907, 51.2332351], [35.0725383, 51.2330571], [35.0726053, 51.2329126], [35.0726321, 51.23278], [35.0726268, 51.2326725], [35.0725543, 51.2325801], [35.0724256, 51.2324793], [35.072262, 51.2323198], [35.0720823, 51.2322375], [35.0719079, 51.2320762], [35.0715217, 51.2318159], [35.0713178, 51.2316748], [35.0710845, 51.2315287], [35.0708806, 51.2313641], [35.0704274, 51.2310618], [35.0701565, 51.2308065], [35.0698936, 51.2306839], [35.0695905, 51.2305697], [35.0691533, 51.2303782], [35.0684988, 51.2300574], [35.068, 51.2298357], [35.0675896, 51.2296174], [35.0673455, 51.229567], [35.0672704, 51.2294561], [35.0671095, 51.2293638], [35.0663075, 51.2290127], [35.0661814, 51.2289506], [35.0660795, 51.2288582], [35.0660044, 51.2287356], [35.065991, 51.2286398], [35.0659668, 51.2282922], [35.0659427, 51.2280503], [35.0658542, 51.2278521], [35.0657469, 51.2276925], [35.0656047, 51.2274893], [35.0655323, 51.2273885], [35.0652453, 51.227244], [35.0650737, 51.2271013], [35.0650093, 51.2270324], [35.0649798, 51.2269316], [35.0650012, 51.2267317], [35.0649209, 51.2262521], [35.0648484, 51.2260582], [35.0646633, 51.2258667], [35.0643602, 51.225603], [35.0640061, 51.2253695], [35.0638559, 51.2253023], [35.0636896, 51.2251965], [35.0634885, 51.2250201], [35.0634053, 51.2247664], [35.0633678, 51.2246488], [35.0632766, 51.2245733], [35.0631371, 51.2245111], [35.0628313, 51.2245363], [35.0627375, 51.2244842], [35.0626945, 51.2243801], [35.0626597, 51.2242306], [35.0625578, 51.2239349], [35.0623378, 51.2237653], [35.0620615, 51.2236628], [35.0617638, 51.2234696], [35.0615895, 51.2233537], [35.061568, 51.2232664], [35.061568, 51.2231555], [35.061737, 51.2229119], [35.061745, 51.2226633], [35.0616243, 51.222366], [35.0614473, 51.2222501], [35.061281, 51.2219393], [35.0613132, 51.2218116], [35.0613829, 51.2217343], [35.0613749, 51.2216537], [35.0614205, 51.2215445], [35.0615332, 51.221432], [35.0615171, 51.2213463], [35.0614393, 51.2212791], [35.0614956, 51.2211296], [35.0616243, 51.2209952], [35.0618497, 51.2208255], [35.0621822, 51.2205853], [35.0622788, 51.220424], [35.0623324, 51.2202493], [35.0623485, 51.2200947], [35.0623807, 51.2199318], [35.062539, 51.2198142], [35.0626436, 51.2196882], [35.0628072, 51.2195773], [35.0629628, 51.2194883], [35.0630191, 51.2193236], [35.0630191, 51.2190901], [35.0630459, 51.2190162], [35.0631264, 51.218954], [35.0633705, 51.2188129], [35.0635341, 51.2187121], [35.0636119, 51.2186432], [35.0636414, 51.2185592], [35.0637433, 51.2184366], [35.0637245, 51.2183224], [35.0637299, 51.2182468], [35.0636843, 51.2182098], [35.0635287, 51.2181745], [35.0633597, 51.2181493], [35.0632739, 51.2181006], [35.06318, 51.2180065], [35.0631773, 51.2178839], [35.0631854, 51.2177982], [35.0631157, 51.2177461], [35.0630459, 51.2177007], [35.0630325, 51.2174739], [35.0630754, 51.2173899], [35.0630271, 51.2173211], [35.0628796, 51.2172505], [35.0627401, 51.2172102], [35.062708, 51.2171446], [35.0626945, 51.2170102], [35.0627696, 51.2168876], [35.062767, 51.2167734], [35.0626865, 51.2166994], [35.062665, 51.216523], [35.062547, 51.2163987], [35.0625148, 51.2162508], [35.0625524, 51.2161265], [35.0625175, 51.2160173], [35.0623593, 51.2159585], [35.0621742, 51.2159602], [35.0620857, 51.2159266], [35.0620723, 51.2157603], [35.062024, 51.2157317], [35.0618604, 51.2157367], [35.0617933, 51.2157082], [35.0617316, 51.215567], [35.0616083, 51.2153974], [35.0614983, 51.2153755], [35.0613749, 51.2154142], [35.0612783, 51.2153923], [35.0612515, 51.215352], [35.0611576, 51.215189], [35.060986, 51.2151521], [35.0608385, 51.215063], [35.06064, 51.2148816], [35.0605354, 51.2148261], [35.0604093, 51.2148026], [35.0602055, 51.2148009], [35.0599936, 51.2146783], [35.0595617, 51.2143607], [35.0592265, 51.2141053], [35.0588107, 51.2139306], [35.0580865, 51.2136584], [35.0572979, 51.2133795], [35.0569653, 51.2132518], [35.0566585, 51.213064], [35.0564691, 51.212783], [35.0563672, 51.2124352], [35.0563297, 51.2122168], [35.0561526, 51.2120202], [35.0557262, 51.2114741], [35.0554687, 51.2112288], [35.0552595, 51.2110675], [35.0549269, 51.210923], [35.0543314, 51.2107415], [35.0531352, 51.2104592], [35.0527087, 51.2103107], [35.0522554, 51.2100895], [35.0519282, 51.2098442], [35.0515848, 51.2094577], [35.05144, 51.2093502], [35.0509465, 51.2090645], [35.0505441, 51.2089436], [35.0499972, 51.2088421], [35.049203, 51.2087352], [35.0484788, 51.2086344], [35.0478036, 51.2084391], [35.0467086, 51.2079488], [35.0460595, 51.2077404], [35.0454587, 51.2073976], [35.0451261, 51.2071153], [35.0450081, 51.207001], [35.0447398, 51.2069943], [35.0445574, 51.2068632], [35.0445092, 51.2067557], [35.044477, 51.2066616], [35.0443053, 51.2066145], [35.0441766, 51.2065507], [35.044139, 51.2063557], [35.0440746, 51.2062045], [35.0438708, 51.2060028], [35.0437903, 51.2058264], [35.0436616, 51.2057373], [35.0434792, 51.2057071], [35.0434309, 51.2056667], [35.0432485, 51.2055844], [35.0428194, 51.2054735], [35.0422615, 51.2052718], [35.0418591, 51.2051895], [35.0416821, 51.205176], [35.0415748, 51.2051055], [35.0414005, 51.2050903], [35.0407755, 51.2048937], [35.0387556, 51.2044206], [35.0383294, 51.2113599], [35.0380416, 51.2178112], [35.0374845, 51.2181056], [35.0369561, 51.2183778], [35.0365698, 51.2184769], [35.0360924, 51.2185828], [35.035505, 51.218744], [35.0349659, 51.2189507], [35.0341666, 51.2191691], [35.0332975, 51.2194177], [35.0328684, 51.2195689], [35.0325733, 51.2197117], [35.0323045, 51.2197975], [35.0318143, 51.2198679], [35.0315219, 51.2198831], [35.0312725, 51.2198797], [35.0305966, 51.2198159], [35.0298482, 51.2196243], [35.0295612, 51.2195706], [35.0292125, 51.2195555], [35.0286949, 51.2195219], [35.0280189, 51.2195521], [35.0273591, 51.2195773], [35.0269702, 51.2196327], [35.0265303, 51.2197386], [35.0262165, 51.2198427], [35.0256291, 51.2200343], [35.0250229, 51.2201804], [35.0245213, 51.220303], [35.0241405, 51.2204156], [35.0236604, 51.2206206], [35.0233144, 51.2208759], [35.0231427, 51.2210221], [35.0230542, 51.2210909], [35.0228825, 51.2211094], [35.0227752, 51.2211413], [35.0225767, 51.2213127], [35.0224453, 51.2214941], [35.0223514, 51.221736], [35.0222844, 51.2218973], [35.0222415, 51.2221795], [35.0222039, 51.2224365], [35.02211, 51.2226062], [35.0219732, 51.2228279], [35.0218338, 51.2229405], [35.021756, 51.2230463], [35.0216782, 51.2231421], [35.0216675, 51.2232378], [35.0216219, 51.2234008], [35.0215039, 51.2235906], [35.0213215, 51.22373], [35.0210613, 51.2239702], [35.020836, 51.2241332], [35.0205222, 51.2244523], [35.0203156, 51.2246153], [35.0201923, 51.2246623], [35.020085, 51.2246774], [35.0197953, 51.2247076], [35.0195861, 51.2247429], [35.0193635, 51.2248387], [35.0192642, 51.2249075], [35.0192052, 51.2249613], [35.0191194, 51.224973], [35.0190175, 51.2249529], [35.0189504, 51.2249512], [35.0188941, 51.2249798], [35.0186849, 51.2251175], [35.0184917, 51.2252183], [35.0182557, 51.2253208], [35.0178909, 51.2255794], [35.0175811, 51.225797], [35.0168154, 51.226164], [35.0166652, 51.2262396], [35.0165686, 51.2263563], [35.0164707, 51.2264008], [35.016287, 51.2266133], [35.016185, 51.2266687], [35.0161113, 51.2266931], [35.0159973, 51.22672], [35.0158122, 51.2267813], [35.0156218, 51.2268686], [35.0155266, 51.2269341], [35.0154823, 51.227019], [35.015379, 51.2271365], [35.0152396, 51.2272432], [35.0151081, 51.227349], [35.0150277, 51.2273809], [35.0149378, 51.2273885], [35.0147849, 51.2274086], [35.014683, 51.2274464], [35.0145395, 51.2275203], [35.0144456, 51.2276043], [35.0144215, 51.2276959], [35.0143759, 51.2277362], [35.014227, 51.2278302], [35.01405, 51.2279126], [35.0138676, 51.2280083], [35.0137402, 51.2280872], [35.0136799, 51.2281544], [35.0135632, 51.2283115], [35.0134693, 51.228513], [35.0133567, 51.2286768], [35.0132091, 51.2288414], [35.0130831, 51.2290161], [35.0130267, 51.2292076], [35.0130187, 51.22931], [35.0129503, 51.2294393], [35.012784, 51.2295871], [35.0126821, 51.2296652], [35.0125895, 51.2297786], [35.012387, 51.2301011], [35.0122905, 51.2304773], [35.012033, 51.2307461], [35.0114965, 51.2310249], [35.0100696, 51.2316698], [35.0095801, 51.2317777], [35.0084335, 51.2318075], [35.0073042, 51.2319251], [35.0069019, 51.2319553], [35.0062823, 51.2320225], [35.0058585, 51.231999], [35.0055286, 51.2319083], [35.0054267, 51.2318596], [35.0053382, 51.231784], [35.0052899, 51.2317353], [35.0052121, 51.2316933], [35.0050887, 51.2316345], [35.0047347, 51.2315119], [35.0041527, 51.2312852], [35.0037798, 51.2311391], [35.0033373, 51.2309409], [35.0032139, 51.2308754], [35.003128, 51.2307981], [35.0029913, 51.2306335], [35.0026453, 51.2302993], [35.0024334, 51.2301364], [35.0022228, 51.2299953], [35.0021383, 51.2299583], [35.0020283, 51.2299189], [35.0018755, 51.229892], [35.0015402, 51.2298122], [35.0011974, 51.2297594], [35.0003506, 51.2294805], [35.0001079, 51.2294234], [34.9999845, 51.2294049], [34.9997605, 51.2293957], [34.9995688, 51.2294267], [34.9994105, 51.2294461], [34.9992174, 51.2294662], [34.9988137, 51.229635], [34.998752, 51.22963], [34.9987078, 51.2296157], [34.9986742, 51.2295813], [34.9985951, 51.2294939], [34.9985361, 51.2294536], [34.9984892, 51.2294242], [34.9984221, 51.2294074], [34.9983591, 51.2294099], [34.9983256, 51.2293394], [34.9983269, 51.2293167], [34.9983457, 51.2293167], [34.9984007, 51.2293209], [34.9983993, 51.2293058], [34.9983779, 51.2292621], [34.9983457, 51.2292277], [34.9983162, 51.2291941], [34.9982733, 51.2291622], [34.9981794, 51.2291588], [34.9980734, 51.2291563], [34.9979889, 51.229163], [34.9979179, 51.2291958], [34.9978267, 51.2292067], [34.997761, 51.2292134], [34.9976993, 51.2292109], [34.997537, 51.2291597], [34.9974069, 51.2291286], [34.9972258, 51.2290959], [34.9971253, 51.2290917], [34.9970515, 51.2291194], [34.9969456, 51.2291588], [34.9968235, 51.229163], [34.996731, 51.2291488], [34.9964775, 51.2290681], [34.9962187, 51.2289808], [34.9960873, 51.2289128], [34.9959813, 51.228896], [34.9956702, 51.2288884], [34.9955253, 51.2288699], [34.995406, 51.2288238], [34.9953537, 51.2287725], [34.9952397, 51.2287112], [34.9951458, 51.2287095], [34.9950345, 51.2287247], [34.9949004, 51.2287776], [34.9948508, 51.228833], [34.9947797, 51.2288733], [34.9946898, 51.2288977], [34.994604, 51.2288909], [34.9942955, 51.2288422], [34.9940568, 51.2288086], [34.9938261, 51.2287776], [34.9936089, 51.2287876], [34.9934439, 51.2287944], [34.9932682, 51.2288212], [34.9930657, 51.2289002], [34.9926513, 51.2291127], [34.992422, 51.2292151], [34.9923161, 51.2292285], [34.9922155, 51.2292101], [34.9920103, 51.2291572], [34.9918762, 51.2291496], [34.9917917, 51.2291605], [34.9917072, 51.2292084], [34.9915074, 51.2293495], [34.9914296, 51.2293906], [34.9912968, 51.2294116], [34.9911077, 51.2294276], [34.9909951, 51.2294267], [34.9909186, 51.2294158], [34.9906088, 51.2294981], [34.9903728, 51.2296115], [34.9901502, 51.2296854], [34.9899638, 51.2297459], [34.9898431, 51.2298105], [34.989717, 51.2298517], [34.9896003, 51.2298727], [34.989552, 51.2298702], [34.989489, 51.2299189], [34.9890719, 51.2300675], [34.9884054, 51.2302674], [34.9880755, 51.2303917], [34.9879307, 51.2304437], [34.9877188, 51.2305412], [34.9869329, 51.2308267], [34.9865042, 51.2309536], [34.9858721, 51.2311055], [34.9857567, 51.2311475], [34.9857339, 51.2311962], [34.9857272, 51.2312289], [34.9856468, 51.2312785], [34.985514, 51.2312818], [34.9853048, 51.2312936], [34.9849507, 51.2313574], [34.98483, 51.2313952], [34.9846315, 51.2314683], [34.9842614, 51.2315186], [34.9836995, 51.2315665], [34.983505, 51.2315833], [34.9834366, 51.2315816], [34.9832006, 51.231653], [34.982978, 51.2317143], [34.9829149, 51.2317219], [34.9828787, 51.2317345], [34.9827929, 51.2317765], [34.9826977, 51.2317958], [34.9826038, 51.2318067], [34.9825139, 51.2318092], [34.9824509, 51.2318277], [34.982353, 51.2318856], [34.9822229, 51.2320099], [34.9821666, 51.2320998], [34.9820781, 51.232214], [34.9821103, 51.2323097], [34.9822015, 51.2323819], [34.9822658, 51.2324558], [34.9823731, 51.2325583], [34.9825126, 51.2326993], [34.9825904, 51.2327867], [34.9826547, 51.2329362], [34.9827298, 51.2330604], [34.9827218, 51.2331494], [34.982813, 51.2332771], [34.9828532, 51.2334081], [34.9828452, 51.2335139], [34.9827191, 51.2336231], [34.982703, 51.2336617], [34.9826413, 51.2336869], [34.9824509, 51.2337255], [34.9822658, 51.2337289], [34.9819306, 51.2337692], [34.9817589, 51.2338414], [34.9816436, 51.2339153], [34.981437, 51.2340547], [34.9813405, 51.2341571], [34.9811286, 51.2343486], [34.9810481, 51.2344124], [34.9809033, 51.2344107], [34.9806324, 51.2347029], [34.9805438, 51.2348003], [34.9801791, 51.235059], [34.9802113, 51.2355594], [34.9799591, 51.2355426], [34.9798089, 51.235509], [34.9795675, 51.2352974], [34.9793523, 51.2350941], [34.9790418, 51.2349112], [34.9776685, 51.2344074], [34.9770187, 51.234089], [34.9765688, 51.2339841], [34.9753135, 51.2337759], [34.9743765, 51.2335404], [34.9737369, 51.2332123], [34.9734038, 51.2331243], [34.9722022, 51.2330705], [34.9719071, 51.2330235], [34.9716926, 51.2326909], [34.9715209, 51.232607], [34.9685711, 51.2319515], [34.9675566, 51.231784], [34.966827, 51.2317068], [34.9660867, 51.2317], [34.9656951, 51.2316832], [34.9653679, 51.2315892], [34.9651882, 51.2314565], [34.9650702, 51.2313742], [34.9649039, 51.2312718], [34.9647, 51.2311643], [34.9646491, 51.2311399], [34.9646223, 51.2310996], [34.9645726, 51.2310433], [34.9645096, 51.2310366], [34.9644425, 51.2310307], [34.9644157, 51.231003], [34.9643943, 51.230961], [34.9643674, 51.23093], [34.9643111, 51.2309115], [34.9642749, 51.2308888], [34.9642307, 51.2308628], [34.9641649, 51.230846], [34.9641274, 51.2308032], [34.9640724, 51.230757], [34.9640174, 51.2307444], [34.9639356, 51.2307301], [34.9637264, 51.2307015], [34.9636339, 51.230678], [34.9635252, 51.2306352], [34.9634863, 51.2305999], [34.9633335, 51.2305613], [34.9631833, 51.2305101], [34.9630961, 51.2304966], [34.9629512, 51.2304882], [34.9629137, 51.2304664], [34.9628694, 51.2304773], [34.9628399, 51.2304681], [34.9628144, 51.2304488], [34.9626897, 51.2304026], [34.962628, 51.230374], [34.9625342, 51.2303421], [34.9624644, 51.2302951], [34.9623947, 51.2302825], [34.9623035, 51.2302623], [34.9622016, 51.2302178], [34.9621519, 51.2301716], [34.9620581, 51.2301255], [34.96194, 51.2301061], [34.9618328, 51.2300877], [34.9617241, 51.2300776], [34.9616061, 51.2300238], [34.9615055, 51.2299835], [34.9613084, 51.2299684], [34.9612145, 51.2299214], [34.9610724, 51.2298576], [34.9609289, 51.229782], [34.9608135, 51.2297215], [34.9606512, 51.2296703], [34.9605748, 51.2296199], [34.9604729, 51.2295771], [34.9603951, 51.2295326], [34.9603133, 51.2294813], [34.9602623, 51.2294553], [34.9601953, 51.2294284], [34.9600759, 51.2294099], [34.9599498, 51.2294066], [34.9598613, 51.2293705], [34.9597916, 51.229315], [34.9596494, 51.2292344], [34.9594912, 51.229179], [34.9593437, 51.2291219], [34.9592632, 51.2290765], [34.9592444, 51.229048], [34.9591371, 51.2289976], [34.9590299, 51.2289858], [34.9589655, 51.2289439], [34.9588877, 51.2289119], [34.9587885, 51.2288985], [34.9586678, 51.228922], [34.9585658, 51.2289304], [34.9584344, 51.2289304], [34.9583191, 51.2289119], [34.958201, 51.2289119], [34.958075, 51.2289035], [34.9580294, 51.2288599], [34.9579596, 51.2287994], [34.9578336, 51.2287305], [34.957796, 51.2287053], [34.95767, 51.228665], [34.9575412, 51.2286365], [34.9574058, 51.228618], [34.9573736, 51.2286079], [34.9573722, 51.2285928], [34.9573669, 51.2285659], [34.957265, 51.2285189], [34.9571429, 51.2284307], [34.9570329, 51.2283896], [34.9569458, 51.2283627], [34.9567594, 51.2283299], [34.9566387, 51.2283182], [34.9565206, 51.2283115], [34.9564147, 51.2283064], [34.9563396, 51.2283173], [34.9561881, 51.2283367], [34.9561143, 51.2283459], [34.9560285, 51.2283946], [34.9559104, 51.2283862], [34.9558327, 51.2284013], [34.9557871, 51.2284316], [34.9556878, 51.228445], [34.9556369, 51.2284383], [34.9555323, 51.2284534], [34.9553338, 51.2284383], [34.9549744, 51.2284114], [34.9547169, 51.2283946], [34.9545506, 51.2283963], [34.9543682, 51.2283644], [34.9541804, 51.2283459], [34.9540409, 51.228319], [34.9537325, 51.2282838], [34.9535072, 51.2282434], [34.9532899, 51.2281998], [34.9531853, 51.2281511], [34.9530029, 51.2280856], [34.9528205, 51.2280755], [34.9526703, 51.2280452], [34.9524423, 51.2279781], [34.9523056, 51.227931], [34.9521017, 51.2276841], [34.9520561, 51.2276035], [34.9520025, 51.2274826], [34.9518335, 51.2273095], [34.9508931, 51.226701], [34.9501705, 51.225996], [34.9501759, 51.2251965], [34.9508035, 51.2244473], [34.9513668, 51.2237283], [34.9517933, 51.2230329], [34.9518201, 51.2228699], [34.9518469, 51.2226616], [34.9518764, 51.2225524], [34.9518898, 51.2224483], [34.9519649, 51.2224197], [34.9520507, 51.2224987], [34.9521473, 51.2225676], [34.9522358, 51.2225961], [34.9523726, 51.2224886], [34.9523699, 51.2223676], [34.9523512, 51.2222568], [34.9523538, 51.2221812], [34.9523324, 51.2220216], [34.952217, 51.221909], [34.9521017, 51.22182], [34.9520293, 51.2217427], [34.9519381, 51.2216554], [34.9519676, 51.2215462], [34.9521339, 51.2214269], [34.9521607, 51.2214101], [34.9523351, 51.2214068], [34.9524987, 51.2213715], [34.9525899, 51.2212656], [34.9525925, 51.2211548], [34.952547, 51.221012], [34.9525255, 51.2200763], [34.9524182, 51.219374], [34.9519783, 51.2189876], [34.9512032, 51.2186805], [34.9500376, 51.2184623], [34.9485397, 51.218403], [34.9450385, 51.2184795], [34.9439049, 51.2184366], [34.942735, 51.2181808], [34.9416196, 51.2177679], [34.940929, 51.2173589], [34.9406594, 51.2172236], [34.9405695, 51.2171169], [34.9403161, 51.2169867], [34.9402463, 51.2169397], [34.9402316, 51.2169078], [34.9402758, 51.2168708], [34.9404421, 51.2168842], [34.9405816, 51.2168943], [34.940756, 51.2169111], [34.9407962, 51.2169044], [34.940815, 51.2168758], [34.9407908, 51.2168523], [34.940654, 51.2168254], [34.9404475, 51.2167952], [34.9403429, 51.216765], [34.9402785, 51.2167129], [34.9401766, 51.2166305], [34.9400693, 51.2164945], [34.9399003, 51.2163281], [34.9397582, 51.2161853], [34.9395919, 51.2161114], [34.9395812, 51.2160408], [34.9395356, 51.2158359], [34.9395892, 51.2156427], [34.9394605, 51.215352], [34.9394497, 51.2150849], [34.9394014, 51.2146657], [34.9393988, 51.2142439], [34.9394149, 51.2140012], [34.9394095, 51.2137911], [34.9394055, 51.2136475], [34.9394135, 51.2133753], [34.9394001, 51.2132577], [34.9394082, 51.2130149], [34.9394041, 51.2128729], [34.9393599, 51.2127024], [34.9394028, 51.2125478], [34.9394658, 51.2123764], [34.9395476, 51.2121496], [34.9395423, 51.2120916], [34.9395208, 51.2120101], [34.9394819, 51.2119311], [34.9394444, 51.2118152], [34.9394685, 51.2117228], [34.939498, 51.2116388], [34.9394631, 51.2115548], [34.9394256, 51.2114741], [34.9393451, 51.21138], [34.9392161, 51.2112975], [34.9391279, 51.2112221], [34.9390233, 51.211091], [34.9389455, 51.2110104], [34.9387443, 51.2108995], [34.9385592, 51.2107465], [34.9382883, 51.2104525], [34.938114, 51.2102929], [34.9380925, 51.210182], [34.9380845, 51.2100929], [34.9380496, 51.2100089], [34.9379182, 51.2099333], [34.9378324, 51.2098963], [34.9377559, 51.2098467], [34.9376875, 51.2097686], [34.9376446, 51.2097014], [34.9376017, 51.2096459], [34.9375105, 51.2095334], [34.9373335, 51.2093855], [34.9372074, 51.2092595], [34.9370384, 51.2091469], [34.9368614, 51.2090024], [34.9367675, 51.2089251], [34.9366039, 51.2088595], [34.9364027, 51.2087671], [34.9362713, 51.208673], [34.9361882, 51.2085823], [34.936164, 51.2084798], [34.9362069, 51.2083622], [34.9361855, 51.208284], [34.936152, 51.2082244], [34.9360031, 51.2081361], [34.9359132, 51.2081067], [34.9357858, 51.2080916], [34.9355337, 51.2080614], [34.9353701, 51.2080126], [34.9352628, 51.2079521], [34.9351206, 51.207853], [34.9349678, 51.2077337], [34.9347934, 51.2076009], [34.9345627, 51.2074581], [34.9344099, 51.2073674], [34.9341872, 51.2072346], [34.9339566, 51.2071455], [34.9337071, 51.2070531], [34.9335167, 51.2069775], [34.9333987, 51.2068851], [34.9333289, 51.2068447], [34.9332377, 51.2068246], [34.9331707, 51.206791], [34.9330822, 51.2067137], [34.9328515, 51.2066498], [34.9327469, 51.206596], [34.9325994, 51.2065355], [34.9323928, 51.206512], [34.9322265, 51.2064549], [34.9320468, 51.2063826], [34.9318778, 51.2063305], [34.9317893, 51.2062566], [34.9316633, 51.2061927], [34.9315158, 51.2061457], [34.9313146, 51.2061003], [34.9309874, 51.2059961], [34.9307674, 51.2059339], [34.9305904, 51.2058718], [34.9303892, 51.2057894], [34.9302578, 51.2056987], [34.9301237, 51.2056684], [34.9300218, 51.2056483], [34.9299896, 51.2056029], [34.929783, 51.2055609], [34.9296382, 51.2055374], [34.9294853, 51.2055088], [34.9293807, 51.2055205], [34.9293298, 51.2055474], [34.9292386, 51.205539], [34.9291366, 51.205529], [34.9290642, 51.2054651], [34.9289274, 51.2054432], [34.9287853, 51.2054668], [34.9286431, 51.2054752], [34.9284285, 51.2054634], [34.9281067, 51.2054248], [34.9279967, 51.2053727], [34.9278304, 51.2053575], [34.9274978, 51.2053861], [34.9272537, 51.2053777], [34.9271652, 51.2053844], [34.9269587, 51.2053811], [34.9268085, 51.2053643], [34.9265832, 51.2053357], [34.9263257, 51.2053222], [34.9261594, 51.2053054], [34.9260575, 51.2052668], [34.925741, 51.2052029], [34.9252689, 51.205166], [34.9249738, 51.2051139], [34.9247915, 51.2051374], [34.9245366, 51.2051794], [34.924255, 51.2051861], [34.9239653, 51.2052315], [34.9237722, 51.2052601], [34.9234343, 51.2053122], [34.9231875, 51.2053357], [34.9229434, 51.2053374], [34.9225277, 51.2053861], [34.9223641, 51.2054147], [34.9222434, 51.2054516], [34.9221334, 51.205418], [34.9220046, 51.2054164], [34.9218142, 51.2054769], [34.9217069, 51.205492], [34.921605, 51.2054769], [34.9214682, 51.2055323], [34.9212351, 51.2055455], [34.9208754, 51.2055659], [34.9203551, 51.2055878], [34.9197945, 51.2055777], [34.9192581, 51.2055861], [34.9190462, 51.2055609], [34.9188665, 51.2055676], [34.9186251, 51.205613], [34.9179786, 51.2056331], [34.9174932, 51.2056466], [34.9171337, 51.2056802], [34.9165463, 51.2057138], [34.9153554, 51.2057861], [34.9149048, 51.2058062], [34.9143469, 51.2058415], [34.9133277, 51.2059188], [34.9130756, 51.2059155], [34.912574, 51.205897], [34.9124828, 51.2058818], [34.9123353, 51.2058398], [34.9122763, 51.20586], [34.9121448, 51.2058751], [34.9119624, 51.2058398], [34.911882, 51.2058617], [34.9117827, 51.205902], [34.9116433, 51.2058835], [34.9113911, 51.2058348], [34.9112383, 51.2057877], [34.9110398, 51.205781], [34.9108171, 51.2057928], [34.9107286, 51.2057928], [34.9106428, 51.2057205], [34.9105597, 51.2056684], [34.9104698, 51.2056247], [34.9104135, 51.2055945], [34.9102955, 51.205592], [34.9102311, 51.2055617], [34.9100581, 51.2054995], [34.9099092, 51.205439], [34.9096115, 51.2053743], [34.9093902, 51.2052836], [34.9092373, 51.2052382], [34.908957, 51.205182], [34.9088457, 51.2051945], [34.9087773, 51.2051769], [34.9086177, 51.2051508], [34.9085319, 51.2051592], [34.908379, 51.2051676], [34.9082288, 51.2052668], [34.9080867, 51.205297], [34.9079686, 51.2052752], [34.9078399, 51.2052265], [34.9076843, 51.2051324], [34.9075073, 51.2050971], [34.9073946, 51.2050635], [34.9072364, 51.2049946], [34.9070567, 51.2049156], [34.9067938, 51.2049021], [34.9066329, 51.2048013], [34.906472, 51.2046988], [34.9063861, 51.2046232], [34.906244, 51.2045173], [34.9060321, 51.2044333], [34.9057853, 51.2042988], [34.9056566, 51.204235], [34.9054179, 51.2041745], [34.905096, 51.2040081], [34.9048948, 51.2039005], [34.9047312, 51.2038031], [34.9045327, 51.2036938], [34.9043772, 51.203551], [34.904227, 51.2033695], [34.9041814, 51.2032922], [34.9040982, 51.2031695], [34.9041009, 51.2030855], [34.9041197, 51.202988], [34.9040794, 51.2029174], [34.9039775, 51.2028535], [34.9040097, 51.2027813], [34.9040338, 51.2027107], [34.9041089, 51.2026082], [34.9041331, 51.2025191], [34.9041411, 51.2023914], [34.9041867, 51.2022166], [34.9042082, 51.2021174], [34.9042618, 51.2019712], [34.9043369, 51.2018166], [34.904404, 51.201667], [34.9045327, 51.2015561], [34.9046668, 51.2015158], [34.9048063, 51.201499], [34.9049592, 51.2014855], [34.9051496, 51.2014687], [34.9052891, 51.2014368], [34.9054527, 51.2013124], [34.9054769, 51.201225], [34.9054876, 51.2011561], [34.905434, 51.2011276], [34.9053669, 51.2011259], [34.9053106, 51.2011208], [34.9052757, 51.2011057], [34.9052837, 51.2010687], [34.9053186, 51.2010032], [34.9053615, 51.2008452], [34.9054125, 51.2005797], [34.905332, 51.20042], [34.9053749, 51.2003511], [34.9053964, 51.2001914], [34.9053884, 51.1999914], [34.9053508, 51.1998066], [34.9053803, 51.1996923], [34.9053615, 51.199657], [34.905324, 51.1995763], [34.9053213, 51.1995292], [34.9052355, 51.1994351], [34.9052006, 51.199341], [34.905147, 51.1992956], [34.9050826, 51.1992721], [34.9050289, 51.1992217], [34.9050155, 51.1991494], [34.9050075, 51.1990906], [34.9050021, 51.1990452], [34.9049216, 51.1990318], [34.9048952, 51.1988594], [34.9047661, 51.1986301], [34.9045756, 51.1984099], [34.9044308, 51.1983225], [34.9040741, 51.1979258], [34.9038488, 51.1978418], [34.9037147, 51.1978233], [34.903653, 51.1977628], [34.9034572, 51.1976334], [34.903374, 51.1975544], [34.9033847, 51.197509], [34.903307, 51.1974619], [34.9031594, 51.1974048], [34.9030575, 51.197351], [34.9029663, 51.1973073], [34.9027625, 51.1972569], [34.9026015, 51.1971779], [34.9024567, 51.1971258], [34.9022287, 51.1969678], [34.9021268, 51.1969661], [34.9020115, 51.1969006], [34.9018398, 51.1967627], [34.9019042, 51.1966989], [34.9019578, 51.1966837], [34.9020624, 51.1966736], [34.9021295, 51.1966417], [34.9021482, 51.1965963], [34.9021187, 51.1965358], [34.9021536, 51.1964148], [34.9020463, 51.196324], [34.9019793, 51.1963072], [34.9018908, 51.196324], [34.9017996, 51.196398], [34.9016601, 51.1964182], [34.9015501, 51.1964282], [34.9014804, 51.1963795], [34.9013409, 51.1963711], [34.9011746, 51.1963644], [34.9010593, 51.196314], [34.9009922, 51.1962249], [34.9009144, 51.1961089], [34.9008661, 51.1958332], [34.9008527, 51.1956988], [34.9008098, 51.1956467], [34.9007642, 51.1956332], [34.9006891, 51.1956215], [34.9006113, 51.1955929], [34.9005631, 51.195566], [34.9005228, 51.1955156], [34.9004638, 51.1953912], [34.900209, 51.1949844], [34.9001151, 51.1948752], [34.8999917, 51.1947457], [34.899863, 51.1946129], [34.8997611, 51.1945255], [34.8996618, 51.1944482], [34.8995948, 51.1944028], [34.8994955, 51.1942868], [34.8993132, 51.1940624], [34.8993266, 51.1940297], [34.8993534, 51.1939826], [34.899352, 51.1939616], [34.8993225, 51.1939448], [34.8992421, 51.1939549], [34.8991831, 51.193986], [34.8991442, 51.1939565], [34.8991294, 51.1939254], [34.8990865, 51.193896], [34.8990194, 51.1938179], [34.8989524, 51.1937464], [34.8989014, 51.1936439], [34.8988558, 51.1936136], [34.8988196, 51.1935741], [34.8987217, 51.1934766], [34.8986413, 51.1934203], [34.8986265, 51.1933254], [34.8986037, 51.1933052], [34.8985662, 51.1933035], [34.8985259, 51.1932253], [34.8984388, 51.1931598], [34.8983583, 51.1931304], [34.8982953, 51.193064], [34.8982872, 51.1930169], [34.8982309, 51.1930077], [34.8981343, 51.1930203], [34.8980418, 51.1930228], [34.8979117, 51.1930547], [34.8976891, 51.1930909], [34.897567, 51.1931203], [34.8973766, 51.1931926], [34.8971674, 51.1932884], [34.8970413, 51.1933422], [34.8969421, 51.193364], [34.8967972, 51.1933707], [34.8966604, 51.1933976], [34.8965907, 51.1934027], [34.8965317, 51.1934346], [34.896403, 51.1934867], [34.896301, 51.1935506], [34.8962045, 51.1935456], [34.8961052, 51.1935741], [34.8960274, 51.1936229], [34.8958531, 51.1936414], [34.8956948, 51.1936397], [34.8956171, 51.1936859], [34.8955621, 51.1937027], [34.8954628, 51.193717], [34.8953797, 51.193717], [34.8952872, 51.1937052], [34.8952214, 51.1937363], [34.8951048, 51.1937456], [34.8950069, 51.1937414], [34.8948768, 51.1937607], [34.8948245, 51.1937952], [34.894799, 51.1938506], [34.8947453, 51.1938843], [34.894626, 51.1938935], [34.894516, 51.1939036], [34.8944396, 51.1939162], [34.894394, 51.1939549], [34.8943658, 51.194007], [34.8943108, 51.1940633], [34.8942558, 51.1941238], [34.8941378, 51.1941423], [34.8939943, 51.1941448], [34.8937677, 51.1941591], [34.8936363, 51.1941692], [34.893541, 51.1941826], [34.8934512, 51.1942213], [34.8931628, 51.1942751], [34.8928718, 51.1942936], [34.8926747, 51.1943314], [34.8925272, 51.1943995], [34.8924252, 51.1944247], [34.8923072, 51.1944306], [34.8922536, 51.1944196], [34.8921557, 51.1944448], [34.8920229, 51.1944717], [34.891862, 51.1944944], [34.8917453, 51.1944961], [34.8917104, 51.1944986], [34.8916259, 51.1945457], [34.8914891, 51.194565], [34.891241, 51.1945726], [34.8910721, 51.1945944], [34.8909152, 51.1946373], [34.8907663, 51.1947012], [34.8904887, 51.1947919], [34.8903747, 51.1948205], [34.8902607, 51.1948617], [34.8900796, 51.1949113], [34.8899589, 51.1949256], [34.8899013, 51.1949474], [34.8899013, 51.1949869], [34.8898222, 51.1950701], [34.8896988, 51.1951147], [34.8895432, 51.1951222], [34.8893984, 51.1951357], [34.8892575, 51.1951945], [34.8891449, 51.1952298], [34.8889893, 51.1952483], [34.8888203, 51.1952718], [34.8887211, 51.1952819], [34.8886085, 51.195334], [34.8885548, 51.1953878], [34.8884489, 51.195408], [34.8883188, 51.195434], [34.8880599, 51.1954315], [34.8879835, 51.1954324], [34.8879312, 51.1954038], [34.8878588, 51.1953987], [34.887777, 51.1954307], [34.8876402, 51.1953929], [34.88749, 51.1953802], [34.8873425, 51.1954189], [34.8872231, 51.1954071], [34.8871306, 51.1954273], [34.8870045, 51.1954324], [34.8869696, 51.1953912], [34.8867671, 51.1953752], [34.8867215, 51.1953643], [34.886637, 51.1953693], [34.8864493, 51.1953912], [34.8863246, 51.1954315], [34.8861475, 51.1954433], [34.8859437, 51.1954761], [34.8857613, 51.1954971], [34.88554, 51.1955441], [34.8854166, 51.1955828], [34.8852208, 51.1956736], [34.8850733, 51.1957089], [34.8848507, 51.1956769], [34.8847246, 51.1956719], [34.8845476, 51.1956988], [34.8842552, 51.1957677], [34.8840567, 51.1957744], [34.8837858, 51.1957963], [34.8837617, 51.1958282], [34.8837537, 51.1958853], [34.8837483, 51.1959307], [34.8836544, 51.1959341], [34.8836061, 51.1959055], [34.8835176, 51.1958719], [34.8834801, 51.1958433], [34.8834506, 51.1957862], [34.8833272, 51.1957542], [34.8832601, 51.1956853], [34.8831931, 51.1956349], [34.883118, 51.1955525], [34.8829463, 51.1954433], [34.88278, 51.1953424], [34.8827103, 51.1952802], [34.8825708, 51.19525], [34.8823991, 51.1951979], [34.882316, 51.195171], [34.8821819, 51.1951626], [34.882096, 51.1951172], [34.8819834, 51.1950853], [34.8817742, 51.1950785], [34.8816213, 51.195055], [34.881455, 51.1950332], [34.8813397, 51.1949928], [34.8812056, 51.194976], [34.8811197, 51.1949894], [34.8810258, 51.1949945], [34.8807415, 51.1949659], [34.8805699, 51.1949457], [34.8804304, 51.1949037], [34.8803633, 51.1948651], [34.8802668, 51.1947978], [34.8801863, 51.1947642], [34.8800817, 51.1947239], [34.8799717, 51.1946415], [34.8797625, 51.1944936], [34.8796847, 51.1944011], [34.8795962, 51.1943793], [34.8795158, 51.1942868], [34.8792663, 51.1941087], [34.8791215, 51.1939692], [34.8790169, 51.1938683], [34.8788398, 51.1937742], [34.8788023, 51.1937153], [34.8786816, 51.1936447], [34.8785663, 51.1935052], [34.8784322, 51.1933657], [34.8783329, 51.1932985], [34.8782417, 51.1932111], [34.8782122, 51.1931472], [34.878121, 51.1930951], [34.8780271, 51.192974], [34.8778903, 51.1928228], [34.8777455, 51.1927219], [34.8774585, 51.1924513], [34.8773646, 51.1923739], [34.8773217, 51.1922765], [34.8771742, 51.1922109], [34.8771661, 51.1921504], [34.8770803, 51.192068], [34.8769623, 51.1919705], [34.8767236, 51.1916242], [34.8766498, 51.1916049], [34.8766203, 51.1915452], [34.8766351, 51.1915024], [34.8766646, 51.1914561], [34.8766284, 51.1913889], [34.8765962, 51.1913292], [34.8765962, 51.1912578], [34.8766552, 51.1911779], [34.8766968, 51.1911048], [34.872767, 51.1919114], [34.872137, 51.1922655], [34.8717186, 51.1925647], [34.8714235, 51.1927698], [34.8712707, 51.1928875], [34.8711862, 51.192964], [34.8711258, 51.1930119], [34.8710279, 51.1930337], [34.870922, 51.1930905], [34.870816, 51.1931363], [34.8707778, 51.1931388], [34.8707553, 51.1931365], [34.8707376, 51.1931318], [34.8707178, 51.1931165], [34.870695, 51.1931192], [34.8706715, 51.1931176], [34.8706511, 51.19311], [34.8706434, 51.1931005], [34.8706373, 51.193093], [34.8705009, 51.1931207], [34.8704103, 51.1931413], [34.8704556, 51.1932327], [34.870403, 51.1932615], [34.8703292, 51.1933001], [34.870238, 51.193396], [34.8700248, 51.1936876], [34.8699134, 51.1937938], [34.8695621, 51.1940784], [34.8691544, 51.1945238], [34.8690417, 51.1946062], [34.8686501, 51.1948062], [34.8674378, 51.1956618], [34.8660833, 51.1966451], [34.8653376, 51.1971527], [34.8646134, 51.1976972], [34.8636988, 51.1983645], [34.8623139, 51.1991556], [34.8456448, 51.1910409], [34.8466855, 51.1888455], [34.8462081, 51.1886807], [34.845559, 51.1884084], [34.8447078, 51.1879453], [34.8432523, 51.1869122], [34.8413265, 51.1856849], [34.8404467, 51.185073], [34.8400283, 51.1847838], [34.8392451, 51.1843971], [34.8383868, 51.1841214], [34.8380756, 51.1840306], [34.836942, 51.1837641], [34.8357153, 51.1835329], [34.8349535, 51.1834321], [34.8343795, 51.1833951], [34.833315, 51.183249], [34.833194, 51.1822013], [34.8333657, 51.1819643], [34.8335293, 51.1815691], [34.8336071, 51.1812766], [34.8336259, 51.1809437], [34.8337144, 51.1802997], [34.8338512, 51.1799987], [34.8341945, 51.1795767], [34.8345378, 51.179116], [34.8349106, 51.1786553], [34.835211, 51.1782601], [34.8355839, 51.1778196], [34.8354256, 51.1778061], [34.8352835, 51.1779188], [34.8351574, 51.177944], [34.8349857, 51.1779053], [34.834924, 51.1780129], [34.8348731, 51.1780264], [34.8347953, 51.1780365], [34.834798, 51.1779911], [34.834806, 51.1778381], [34.8349428, 51.1773807], [34.834975, 51.1771974], [34.8350206, 51.1763768], [34.8349294, 51.1757647], [34.8349294, 51.174961], [34.8349348, 51.1740092], [34.8349804, 51.1724032], [34.8350555, 51.1709149], [34.8350722, 51.1696792], [34.8350099, 51.1695509], [34.8349401, 51.1694374], [34.8349026, 51.1694021], [34.8348031, 51.1693405], [34.8260486, 51.16926], [34.8197799, 51.1691836], [34.819613, 51.1691819], [34.8182105, 51.1691672], [34.8154565, 51.1704183], [34.8149544, 51.1702191], [34.8148418, 51.1701448], [34.8146358, 51.1703456], [34.8145594, 51.1703944], [34.8143958, 51.1705264], [34.813748, 51.1714261], [34.8136783, 51.1714917], [34.8136193, 51.1715304], [34.8130479, 51.1716271], [34.8124766, 51.1717507], [34.8121548, 51.1718079], [34.8117752, 51.1718591], [34.8115808, 51.1719012], [34.8110846, 51.1719802], [34.8106447, 51.1720542], [34.810237, 51.1721265], [34.8098172, 51.172198], [34.8095973, 51.1722283], [34.8092902, 51.1722737], [34.809199, 51.1723006], [34.8090903, 51.1723662], [34.8090501, 51.1724158], [34.8089924, 51.1725478], [34.8088691, 51.1728093], [34.8086062, 51.1732961], [34.8085847, 51.1735164], [34.8085499, 51.1739486], [34.8085928, 51.1741571], [34.8087215, 51.1742883], [34.8087886, 51.1744077], [34.8089227, 51.1745288], [34.8089308, 51.1746381], [34.8089817, 51.1747331], [34.8089924, 51.1747953], [34.8090743, 51.1748382], [34.8090541, 51.1749248], [34.8091561, 51.1750072], [34.8092084, 51.1751022], [34.8092553, 51.1752149], [34.8093291, 51.1752897], [34.8093291, 51.1753292], [34.8092794, 51.1753528], [34.8093089, 51.1754049], [34.8092473, 51.1755445], [34.809199, 51.1757059], [34.8092231, 51.1757715], [34.8091722, 51.1758471], [34.8091185, 51.1759363], [34.8090515, 51.1760153], [34.8089978, 51.1760826], [34.808861, 51.1761717], [34.8087859, 51.1762137], [34.8086733, 51.1763634], [34.8086545, 51.1764071], [34.8086035, 51.1764357], [34.8086303, 51.1764912], [34.8086169, 51.1765299], [34.8085767, 51.1765517], [34.8084936, 51.1765315], [34.8083702, 51.1764727], [34.8082763, 51.1764273], [34.8082039, 51.1764239], [34.8080778, 51.1763953], [34.8079678, 51.1764088], [34.8078176, 51.1763936], [34.8077211, 51.1763768], [34.8075092, 51.1763752], [34.8073402, 51.1764172], [34.80719, 51.1764054], [34.8070666, 51.1763533], [34.8070049, 51.1763012], [34.8068708, 51.1763062], [34.8066214, 51.1763079], [34.8064524, 51.1763163], [34.8063076, 51.1763079], [34.8061466, 51.1762003], [34.8060206, 51.1761532], [34.8058677, 51.1761162], [34.8057523, 51.1760607], [34.8056343, 51.1760338], [34.8055512, 51.1760237], [34.8054627, 51.1760018], [34.8053715, 51.1759749], [34.8052105, 51.1760035], [34.8050442, 51.1760372], [34.8047572, 51.1760826], [34.8045185, 51.1760523], [34.8043817, 51.1760237], [34.804202, 51.1760153], [34.8040009, 51.1759951], [34.8036656, 51.1759531], [34.8033249, 51.1759077], [34.8031667, 51.1758841], [34.8028958, 51.1758455], [34.8028126, 51.1757732], [34.8028448, 51.1756975], [34.8027483, 51.1756706], [34.802531, 51.1756672], [34.8023835, 51.1756218], [34.8021153, 51.1756353], [34.8019409, 51.1756437], [34.8017773, 51.1756302], [34.8017344, 51.1756084], [34.8017237, 51.1755529], [34.8016244, 51.1755108], [34.8014984, 51.1754907], [34.8013267, 51.1754738], [34.8012435, 51.1754284], [34.8010209, 51.175383], [34.8008037, 51.1753998], [34.8006132, 51.17542], [34.8005274, 51.1754183], [34.8004603, 51.175452], [34.8003021, 51.1755176], [34.8000982, 51.1755293], [34.7998515, 51.1756084], [34.7996396, 51.1755983], [34.7995323, 51.1756487], [34.7993982, 51.1756117], [34.7992802, 51.1756386], [34.7989529, 51.1757093], [34.7987276, 51.175721], [34.7986498, 51.1757261], [34.7985855, 51.1757143], [34.798556, 51.175758], [34.7984406, 51.1757984], [34.7982824, 51.1758925], [34.798108, 51.1758875], [34.797919, 51.1759666], [34.7977379, 51.1760977], [34.7975555, 51.1762305], [34.7974724, 51.1762776], [34.7973114, 51.1763331], [34.7971639, 51.1763768], [34.7971049, 51.1764222], [34.7970298, 51.1764929], [34.797003, 51.1765483], [34.7969198, 51.176656], [34.796952, 51.1767148], [34.7969037, 51.1768073], [34.7968769, 51.1768308], [34.7967911, 51.1768561], [34.7966543, 51.1770276], [34.7964853, 51.1772176], [34.7964182, 51.1772882], [34.7963405, 51.1773319], [34.7962466, 51.1773992], [34.7961178, 51.1774833], [34.7959569, 51.1775489], [34.7958684, 51.1776043], [34.7958335, 51.1776935], [34.7956699, 51.1777288], [34.7956887, 51.177791], [34.795678, 51.1778398], [34.7956431, 51.1778465], [34.7955707, 51.17787], [34.7954902, 51.1778885], [34.7953829, 51.1779188], [34.7952917, 51.1779877], [34.7952676, 51.1780398], [34.7952649, 51.1780836], [34.7952354, 51.1781088], [34.7951201, 51.1781004], [34.7950503, 51.178176], [34.7949591, 51.1781643], [34.7948384, 51.178213], [34.7948733, 51.1782635], [34.7948894, 51.1783122], [34.7948304, 51.1783375], [34.7947553, 51.1783896], [34.7946694, 51.1784569], [34.7945246, 51.1785006], [34.7943422, 51.1785107], [34.7943369, 51.178472], [34.7942564, 51.17843], [34.7941115, 51.1784434], [34.7939935, 51.1784754], [34.7939157, 51.1784501], [34.7938541, 51.1784535], [34.7938326, 51.1786031], [34.7938541, 51.1787276], [34.7938004, 51.1787931], [34.7936878, 51.1788604], [34.7935402, 51.1789024], [34.7933632, 51.1789546], [34.7932626, 51.1789546], [34.7931392, 51.1789621], [34.7930856, 51.1790428], [34.7930454, 51.1790966], [34.7929689, 51.1791278], [34.792863, 51.1791513], [34.7927664, 51.1791925], [34.7927208, 51.1792581], [34.7926296, 51.1792682], [34.7925599, 51.1792522], [34.7924781, 51.1792404], [34.7923829, 51.1792413], [34.7923319, 51.1792631], [34.7922528, 51.1793808], [34.7922112, 51.1794237], [34.7920905, 51.1794405], [34.7919846, 51.1794397], [34.7919014, 51.1794598], [34.7918384, 51.179533], [34.7917606, 51.179633], [34.7916774, 51.1796465], [34.7916104, 51.1796952], [34.7914454, 51.1797331], [34.7913368, 51.1797726], [34.7912818, 51.1798079], [34.7912, 51.1798962], [34.7910672, 51.1799819], [34.7909948, 51.1800113], [34.7908473, 51.1800021], [34.7907118, 51.1800021], [34.7906005, 51.1800071], [34.7905362, 51.1800324], [34.7904785, 51.1800811], [34.7904289, 51.1801475], [34.7903672, 51.1802493], [34.7903283, 51.1802594], [34.7902666, 51.1802829], [34.7901218, 51.1803174], [34.790111, 51.1803586], [34.7901231, 51.1803939], [34.7901137, 51.1804149], [34.7900681, 51.1804199], [34.7900172, 51.1804241], [34.7899233, 51.1805376], [34.7898857, 51.1806276], [34.7899313, 51.1806831], [34.7900882, 51.1807848], [34.790158, 51.1807713], [34.7901942, 51.1807671], [34.7902156, 51.1807781], [34.790217, 51.1808218], [34.7901821, 51.1808705], [34.7900654, 51.1809563], [34.7900118, 51.1810076], [34.7900064, 51.181116], [34.7899877, 51.1812581], [34.7899514, 51.1813632], [34.7898106, 51.1814649], [34.789698, 51.1815868], [34.7896765, 51.1816456], [34.7896872, 51.1817238], [34.7896792, 51.1818113], [34.7896658, 51.18186], [34.789651, 51.1819063], [34.7895853, 51.1819794], [34.7895706, 51.1820122], [34.7895612, 51.1820525], [34.7895531, 51.1820946], [34.7895505, 51.1821299], [34.7895531, 51.1821643], [34.7894995, 51.1822156], [34.7894458, 51.182256], [34.7894499, 51.1823308], [34.7894284, 51.1823888], [34.78936, 51.182435], [34.7892755, 51.1824745], [34.7892393, 51.1825199], [34.7891454, 51.1825569], [34.7889724, 51.1826074], [34.7888947, 51.1826418], [34.7888303, 51.1826469], [34.7886921, 51.1826519], [34.7886036, 51.1826738], [34.7885232, 51.1826805], [34.7884709, 51.182694], [34.7884682, 51.1827394], [34.7884588, 51.1827747], [34.7884373, 51.1828117], [34.7884038, 51.1828503], [34.7883663, 51.1828755], [34.7883233, 51.1828772], [34.7882844, 51.182873], [34.7882442, 51.1828848], [34.788208, 51.1829092], [34.7881812, 51.1829251], [34.7881141, 51.1829302], [34.7880672, 51.1829411], [34.7878566, 51.1829344], [34.7878017, 51.1829815], [34.7877896, 51.1830269], [34.7877641, 51.1830773], [34.7877319, 51.1831353], [34.7877011, 51.1832236], [34.7876622, 51.1832774], [34.7875388, 51.1833345], [34.7874302, 51.183364], [34.7873215, 51.1833749], [34.7871847, 51.1834102], [34.7871003, 51.1834245], [34.7870466, 51.1834699], [34.7870104, 51.1834959], [34.786942, 51.1835052], [34.7868414, 51.183564], [34.7868401, 51.1835909], [34.7868937, 51.1836388], [34.7868521, 51.1836758], [34.7867918, 51.1836809], [34.7867395, 51.1836901], [34.7866966, 51.1837221], [34.7865947, 51.1837448], [34.7865598, 51.1837196], [34.7865571, 51.183675], [34.7864994, 51.1836481], [34.7864203, 51.183638], [34.7863385, 51.1836582], [34.7862674, 51.1836599], [34.7861789, 51.183696], [34.786073, 51.1837742], [34.7859898, 51.1838591], [34.7860207, 51.1839205], [34.7860032, 51.1839516], [34.7859389, 51.1839852], [34.7858879, 51.1840323], [34.7857846, 51.1840987], [34.7856934, 51.1841138], [34.7855915, 51.1841138], [34.7854722, 51.1842273], [34.785389, 51.1842903], [34.7852066, 51.1843971], [34.7848485, 51.1846073], [34.7847198, 51.184688], [34.7846366, 51.1847745], [34.784638, 51.1848334], [34.784642, 51.1848863], [34.7845964, 51.1849494], [34.7845575, 51.1849275], [34.7845307, 51.184862], [34.7843523, 51.1848292], [34.7842866, 51.1848006], [34.7842652, 51.1847451], [34.7841968, 51.1847149], [34.784127, 51.1846829], [34.7840935, 51.184635], [34.7839768, 51.1845139], [34.7839057, 51.1844038], [34.7838414, 51.1843643], [34.7836053, 51.1843315], [34.7835329, 51.1842895], [34.7834846, 51.1842256], [34.7833478, 51.1842122], [34.7832781, 51.1841634], [34.7832754, 51.184118], [34.7833264, 51.1840928], [34.7833814, 51.1840701], [34.7833425, 51.1839961], [34.7832835, 51.183949], [34.7831976, 51.183965], [34.7831145, 51.1839171], [34.782979, 51.1838524], [34.7829428, 51.1837549], [34.7828972, 51.1836826], [34.7829321, 51.18358], [34.7829133, 51.1834825], [34.7828034, 51.1833598], [34.7826451, 51.1832555], [34.7826102, 51.183163], [34.7825298, 51.183116], [34.7823769, 51.1830924], [34.7823206, 51.1830437], [34.7823554, 51.1829714], [34.7823769, 51.1829193], [34.7823983, 51.1828032], [34.7824547, 51.1826452], [34.7824118, 51.1825309], [34.7822508, 51.1824569], [34.7821811, 51.1823207], [34.7821194, 51.1821879], [34.7820121, 51.1821089], [34.7818941, 51.1819744], [34.7816581, 51.1818836], [34.7815964, 51.1817171], [34.7814971, 51.181591], [34.781422, 51.1815305], [34.7812262, 51.1814868], [34.781025, 51.1814313], [34.7809178, 51.1813741], [34.7808078, 51.1812346], [34.7807193, 51.1811219], [34.7807488, 51.1809201], [34.7806898, 51.1807924], [34.7804967, 51.180636], [34.7803894, 51.180451], [34.7802553, 51.1802308], [34.7802526, 51.1800509], [34.7802338, 51.1797684], [34.7802874, 51.1794994], [34.780215, 51.1793329], [34.7800621, 51.179264], [34.7799066, 51.179121], [34.77981, 51.1789344], [34.7798422, 51.1786956], [34.7799066, 51.1785493], [34.7799629, 51.1784283], [34.7799388, 51.1783106], [34.7799307, 51.1781037], [34.7798932, 51.1779541], [34.7797, 51.1778162], [34.779464, 51.1777641], [34.7792789, 51.1777372], [34.7790965, 51.1776161], [34.778839, 51.1774749], [34.7785601, 51.1773841], [34.7784501, 51.1773067], [34.7782892, 51.1772041], [34.7780961, 51.1771587], [34.7779968, 51.1770763], [34.7779673, 51.1769586], [34.7778788, 51.1768493], [34.7777179, 51.1767249], [34.7775382, 51.1766492], [34.7774309, 51.1765635], [34.7773021, 51.1764155], [34.7771654, 51.1763348], [34.7769937, 51.1762944], [34.7767898, 51.1762776], [34.7766423, 51.1762709], [34.7765136, 51.1762911], [34.7764277, 51.1762692], [34.7763285, 51.1761599], [34.776122, 51.1761229], [34.7760093, 51.1760859], [34.7758833, 51.1759682], [34.7756687, 51.1759396], [34.7754192, 51.175911], [34.7752967, 51.175809], [34.7749539, 51.1757177], [34.7747514, 51.1756933], [34.7745837, 51.1756529], [34.7743987, 51.1756168], [34.7742082, 51.1755386], [34.7741143, 51.1754587], [34.7740285, 51.1753872], [34.7739682, 51.1753586], [34.7739387, 51.1753376], [34.7738314, 51.1752947], [34.7737657, 51.1752376], [34.7736463, 51.175214], [34.7735564, 51.1751367], [34.7733767, 51.175103], [34.7731487, 51.1750518], [34.7730093, 51.1750417], [34.7727907, 51.1749971], [34.772619, 51.1749761], [34.7723883, 51.1749946], [34.772155, 51.1749912], [34.771986, 51.1750148], [34.7716212, 51.1749273], [34.7707844, 51.1748903], [34.7683704, 51.1753141], [34.7661227, 51.1758051], [34.7655165, 51.175985], [34.7650471, 51.1760826], [34.7646555, 51.1761498], [34.7639582, 51.1762659], [34.7635263, 51.1763432], [34.7631052, 51.1764037], [34.7626439, 51.1765164], [34.7622871, 51.1765921], [34.7621101, 51.1766106], [34.7619116, 51.1765551], [34.7616783, 51.1765383], [34.7614932, 51.1765954], [34.7612384, 51.1767485], [34.7611579, 51.1768443], [34.7610345, 51.1768947], [34.7608387, 51.1769906], [34.7604793, 51.1771285], [34.7603479, 51.1771672], [34.7602326, 51.177147], [34.7599322, 51.1771823], [34.7597444, 51.1771739], [34.7595352, 51.1772361], [34.7591838, 51.1773656], [34.7589397, 51.1773958], [34.758583, 51.177569], [34.7584704, 51.1776766], [34.7584033, 51.1779003], [34.7583899, 51.1780533], [34.7583309, 51.1781071], [34.7582424, 51.1781475], [34.7580922, 51.1782416], [34.7580036, 51.1782853], [34.7576791, 51.1783846], [34.757427, 51.1784602], [34.7572848, 51.1785073], [34.7571105, 51.1786216], [34.7568664, 51.1787864], [34.7565901, 51.1790235], [34.7562978, 51.1791866], [34.755823, 51.179422], [34.7556621, 51.1795599], [34.7554743, 51.1798407], [34.7552893, 51.1800778], [34.7551417, 51.1802106], [34.7549701, 51.1802425], [34.7547394, 51.1802493], [34.7544095, 51.1803132], [34.7541735, 51.1803871], [34.7539321, 51.1804897], [34.7534439, 51.1805923], [34.7531596, 51.1806091], [34.7528484, 51.1805855], [34.7525293, 51.1804897], [34.7522503, 51.1804342], [34.7520116, 51.1803451], [34.7518426, 51.1803182], [34.751628, 51.1803014], [34.7514135, 51.1802425], [34.7511908, 51.1802207], [34.7509924, 51.1802509], [34.7506812, 51.1801871], [34.7505686, 51.18014], [34.750362, 51.180103], [34.7499463, 51.1801063], [34.7492409, 51.1800408], [34.7484255, 51.1799147], [34.7479745, 51.1798487], [34.7468859, 51.1797953], [34.7458967, 51.179707], [34.7449735, 51.179644], [34.7443968, 51.179649], [34.7440052, 51.1796524], [34.7436029, 51.1796154], [34.7432998, 51.1795195], [34.7425273, 51.1794607], [34.7419587, 51.1794422], [34.7412264, 51.1794304], [34.7408777, 51.1794624], [34.7405532, 51.1795195], [34.7402501, 51.1796271], [34.7399604, 51.1797532], [34.7396278, 51.1797785], [34.7391129, 51.1797432], [34.7386649, 51.1796658], [34.7382036, 51.1796187], [34.7378656, 51.1795986], [34.7376001, 51.179575], [34.7373667, 51.179533], [34.7371441, 51.1794775], [34.7370717, 51.1794573], [34.7368169, 51.1793917], [34.73673, 51.1793699], [34.7312969, 51.1825073], [34.7165421, 51.1714211], [34.7161666, 51.171569], [34.7160566, 51.1716599], [34.7142649, 51.17224], [34.7136292, 51.1724772], [34.7127306, 51.1728337], [34.7125536, 51.1728774], [34.7123739, 51.172869], [34.7121915, 51.1728606], [34.7118482, 51.1729346], [34.7117972, 51.1730742], [34.7117141, 51.1731969], [34.7116202, 51.1732793], [34.7113144, 51.1733735], [34.7109497, 51.1734626], [34.7107029, 51.1735417], [34.710322, 51.1736863], [34.7092894, 51.173994], [34.708187, 51.174369], [34.7078624, 51.1744817], [34.7066662, 51.1748651], [34.70525, 51.175299], [34.7044587, 51.1755007], [34.7027421, 51.1761145], [34.7005132, 51.1768594], [34.6986598, 51.1774681], [34.698016, 51.1776464], [34.697367, 51.1778633], [34.6969995, 51.1780197], [34.6965247, 51.1782214], [34.6960902, 51.1783761], [34.6952265, 51.1786502], [34.6944433, 51.1789142], [34.6937808, 51.1791479], [34.6932846, 51.1792724], [34.6925148, 51.1795363], [34.6918362, 51.179723], [34.6912703, 51.1799517], [34.690479, 51.1802055], [34.6894088, 51.1805637], [34.688969, 51.1806932], [34.6886203, 51.1808596], [34.6883574, 51.1810395], [34.6875501, 51.1817306], [34.6872014, 51.1819895], [34.686901, 51.1821458], [34.6687639, 51.1977678], [34.6684259, 51.1984065], [34.6683025, 51.198783], [34.6682489, 51.199257], [34.6682435, 51.1993696], [34.6682757, 51.1995108], [34.6682972, 51.1998469], [34.6682382, 51.2002066], [34.6681523, 51.2006587], [34.6681201, 51.2010032], [34.6680772, 51.201336], [34.6680021, 51.2018906], [34.6679726, 51.2023695], [34.6679297, 51.2026956], [34.6678787, 51.2032149], [34.6677822, 51.2041039], [34.6677446, 51.2043139], [34.6677017, 51.2049004], [34.6676615, 51.2052702], [34.6675569, 51.2058062], [34.6675435, 51.206139], [34.6674657, 51.2067708], [34.6674201, 51.2072951], [34.6673048, 51.2080294], [34.6672082, 51.2084882], [34.6671411, 51.2087201], [34.6670929, 51.2088058], [34.667125, 51.208831], [34.667227, 51.2088965], [34.6672913, 51.2089738], [34.6672377, 51.2092813], [34.6672833, 51.2093284], [34.6673503, 51.2093905], [34.6673208, 51.2094796], [34.6672377, 51.2095569], [34.6672726, 51.209651], [34.6672538, 51.2097266], [34.6672538, 51.2098257], [34.6671706, 51.2102206], [34.6671277, 51.2103668], [34.6671224, 51.2105231], [34.667117, 51.2106777], [34.6670499, 51.2109062], [34.6670043, 51.2112187], [34.6669936, 51.2114371], [34.6669909, 51.2117732], [34.6668461, 51.2132283], [34.6666342, 51.2155066], [34.6665698, 51.2160324], [34.6665081, 51.2166053], [34.666425, 51.2171866], [34.6663901, 51.2177646], [34.6663257, 51.2180603], [34.6661809, 51.2191405], [34.6661246, 51.2202711], [34.6660253, 51.2212388], [34.6659583, 51.2214353], [34.665902, 51.221568], [34.665859, 51.2223844], [34.6657142, 51.2234444], [34.6655828, 51.2243297], [34.6654353, 51.2252704], [34.6653306, 51.2262681], [34.6653011, 51.2266612], [34.6652743, 51.2268124], [34.6652341, 51.2269971], [34.6651965, 51.2272323], [34.6651778, 51.227706], [34.665108, 51.2281242], [34.6650664, 51.2286004], [34.6649806, 51.2286894], [34.664872, 51.2287784], [34.6648251, 51.2291127], [34.6647915, 51.229315], [34.6647392, 51.2293898], [34.6647057, 51.2297148], [34.6647701, 51.2298626], [34.6648157, 51.229955], [34.6648505, 51.2300944], [34.6648827, 51.2302321], [34.6648934, 51.2305092], [34.6647835, 51.2316329], [34.6647084, 51.2323634], [34.6646279, 51.2331948], [34.6645582, 51.2335777], [34.6644267, 51.2341336], [34.6643355, 51.2347718], [34.6642899, 51.2353596], [34.6642283, 51.235897], [34.6642122, 51.236185], [34.6641961, 51.2366006], [34.6641599, 51.2367316], [34.6640794, 51.237091], [34.6640378, 51.2373941], [34.6639761, 51.2378929], [34.6639091, 51.2383077], [34.663838, 51.2389441], [34.6637991, 51.2395243], [34.663716, 51.2403463], [34.663661, 51.2408954], [34.6636033, 51.2415385], [34.6635054, 51.2424142], [34.6632493, 51.2451695], [34.6632332, 51.2452971], [34.6631205, 51.2454399], [34.6626432, 51.2474418], [34.6622952, 51.2475018], [34.6619028, 51.2475688], [34.6613476, 51.2476175], [34.6611088, 51.2476326], [34.6607307, 51.2476183], [34.6604289, 51.2475109], [34.6602814, 51.2474689], [34.6601111, 51.2474572], [34.6598129, 51.2474876], [34.659564, 51.2475348], [34.6593256, 51.2476054], [34.6590296, 51.2476759], [34.6587753, 51.2477485], [34.6585983, 51.2477283], [34.6584535, 51.247641], [34.6582523, 51.2475319], [34.6580324, 51.2474479], [34.6577615, 51.2473757], [34.657158, 51.2473741], [34.6563587, 51.247406], [34.6558598, 51.2473589], [34.6555191, 51.2472078], [34.6551678, 51.2470013], [34.6549988, 51.2469123], [34.6548459, 51.2469006], [34.654693, 51.2468956], [34.6545455, 51.246909], [34.6543819, 51.2468704], [34.6541539, 51.2467965], [34.6538481, 51.2468082], [34.6536604, 51.2468385], [34.6535343, 51.2469392], [34.653427, 51.246956], [34.6531534, 51.2469862], [34.6528181, 51.2471037], [34.652507, 51.2472045], [34.652336, 51.2472916], [34.6522097, 51.2473443], [34.6520944, 51.2474405], [34.6518352, 51.247753], [34.651683, 51.2478458], [34.6501931, 51.24833], [34.6499627, 51.2483781], [34.6490121, 51.2484973], [34.6476334, 51.2486299], [34.6471372, 51.2486433], [34.6468073, 51.2487055], [34.6464881, 51.2487508], [34.6462119, 51.2487776], [34.6460831, 51.2487911], [34.6459436, 51.248875], [34.6449597, 51.249454], [34.6447366, 51.249513], [34.644337, 51.2495751], [34.6429315, 51.2498051], [34.6418318, 51.2499529], [34.6415824, 51.2499797], [34.6411519, 51.2498286], [34.640826, 51.2497346], [34.6386427, 51.2497312], [34.6383718, 51.2497631], [34.6382028, 51.2497548], [34.6379842, 51.2497757], [34.6366364, 51.2503113], [34.6360865, 51.2505556], [34.635626, 51.2509566], [34.6354148, 51.2510528], [34.6348568, 51.2510991], [34.6344641, 51.2511009], [34.6342336, 51.2510468], [34.6339456, 51.2508665], [34.6336383, 51.2507643], [34.6334013, 51.2506342], [34.6331293, 51.2505479], [34.6326588, 51.2505479], [34.6319338, 51.2506924], [34.6313363, 51.250846], [34.6309399, 51.2509807], [34.6306903, 51.2510708], [34.6304022, 51.2511189], [34.6300006, 51.2511667], [34.6273693, 51.2507705], [34.6269804, 51.2507167], [34.626672, 51.2507419], [34.6259853, 51.2508141], [34.6238878, 51.2510189], [34.6235311, 51.2510072], [34.6226969, 51.2507973], [34.6211654, 51.250292], [34.6203715, 51.2500872], [34.61656, 51.2506832], [34.6142292, 51.2509652], [34.613497, 51.251034], [34.6128295, 51.2510348], [34.6124356, 51.2510277], [34.6122053, 51.2510235], [34.6115068, 51.2510928], [34.6111715, 51.2511717], [34.6100798, 51.251447], [34.6087736, 51.2519372], [34.6081915, 51.252315], [34.6074834, 51.2525332], [34.6058004, 51.253541], [34.6029815, 51.2536685], [34.6013189, 51.2511189], [34.6007111, 51.2468694], [34.6013352, 51.2456696], [34.5986312, 51.2455844], [34.5955077, 51.2437056], [34.5796994, 51.234196], [34.5794544, 51.2343015], [34.5789501, 51.2345568], [34.5783144, 51.2348759], [34.5764288, 51.2357022], [34.5740148, 51.2367333], [34.5710081, 51.2380415], [34.5690581, 51.238903], [34.5666683, 51.2399659], [34.5642891, 51.2410289], [34.5620602, 51.2420196], [34.5597079, 51.243064], [34.5576748, 51.2439539], [34.5554754, 51.2449378], [34.5542389, 51.245591], [34.5529675, 51.2463264], [34.5524713, 51.2465933], [34.5520341, 51.24682], [34.551715, 51.2469728], [34.5516318, 51.247139], [34.5513689, 51.247327], [34.5509478, 51.2475839], [34.5507051, 51.2477115], [34.55028, 51.2479206], [34.5500922, 51.248054], [34.5485553, 51.248917], [34.5475924, 51.2494458], [34.546541, 51.2500301], [34.5458302, 51.250428], [34.5446393, 51.2510592], [34.5421609, 51.2523922], [34.5415735, 51.2527078], [34.541308, 51.2528404], [34.5235303, 51.2526087], [34.5230046, 51.252132], [34.522275, 51.251447], [34.5214167, 51.250527], [34.5205745, 51.2496675], [34.5198771, 51.2489791], [34.5190912, 51.2481967], [34.5175007, 51.2465614], [34.5163313, 51.2453458], [34.5148024, 51.2438045], [34.5141506, 51.2431798], [34.5138569, 51.2429028], [34.5132391, 51.2422313], [34.4843098, 51.2449121], [34.4838363, 51.2449865], [34.4835567, 51.2450736], [34.4832037, 51.2452141], [34.4828949, 51.2454098], [34.4822592, 51.2461887], [34.4820786, 51.2463399], [34.4819105, 51.2464808], [34.4816852, 51.2466135], [34.4814277, 51.246731], [34.4810441, 51.2468234], [34.4802032, 51.247024], [34.4795434, 51.2471793], [34.4790231, 51.2472632], [34.4787217, 51.2473604], [34.478547, 51.247547], [34.4783887, 51.2476738], [34.4782323, 51.2477658], [34.4774041, 51.2472964], [34.4763376, 51.2478519], [34.4759532, 51.248052], [34.4736937, 51.2492832], [34.4712257, 51.2503688], [34.4710314, 51.2504534], [34.4707365, 51.2505625], [34.4704038, 51.2505791], [34.4701369, 51.2506219], [34.4698204, 51.250778], [34.4696018, 51.2508787], [34.4692075, 51.2509786], [34.4684002, 51.2511113], [34.4676706, 51.251212], [34.4664207, 51.2513429], [34.4657341, 51.2513916], [34.4652271, 51.2513832], [34.4649696, 51.251442], [34.4645807, 51.2515645], [34.4637626, 51.2517526], [34.4630867, 51.2519104], [34.4626817, 51.2520615], [34.4622928, 51.2522713], [34.4618288, 51.25255], [34.461244, 51.2529025], [34.4607612, 51.2530805], [34.4594568, 51.2535956], [34.4576985, 51.254492], [34.457438, 51.2545947], [34.4571832, 51.2547374], [34.4567943, 51.2550211], [34.4564134, 51.2553853], [34.4559526, 51.2558329], [34.4554666, 51.2563489], [34.4553244, 51.2565621], [34.4551769, 51.2569397], [34.4550937, 51.257309], [34.4549838, 51.2576112], [34.4548792, 51.2577337], [34.454686, 51.2578613], [34.4542837, 51.2580711], [34.45375, 51.258437], [34.4532242, 51.258766], [34.4526073, 51.2590967], [34.4522211, 51.2592461], [34.4517222, 51.2594123], [34.4512099, 51.2595432], [34.4505823, 51.2597698], [34.4503194, 51.2598453], [34.4493833, 51.2600585], [34.4489166, 51.2601558], [34.448331, 51.2603345], [34.4476771, 51.2607052], [34.4469023, 51.2612351], [34.446905, 51.2612905], [34.446862, 51.2614038], [34.4464745, 51.2616656], [34.4462894, 51.2617948], [34.4461794, 51.2618141], [34.4460708, 51.2618032], [34.4459555, 51.2617621], [34.4459072, 51.261726], [34.4457985, 51.2616614], [34.4457878, 51.2616144], [34.4458696, 51.2615573], [34.4460145, 51.2614986], [34.4462264, 51.261418], [34.4460916, 51.2613047], [34.4459588, 51.261275], [34.4457543, 51.2612124], [34.4454391, 51.2611226], [34.4451857, 51.2610194], [34.444959, 51.2608331], [34.4441973, 51.2602884], [34.4434791, 51.2597799], [34.4433188, 51.2596305], [34.4431928, 51.2595281], [34.4430895, 51.2594097], [34.4429205, 51.2592671], [34.4426925, 51.2590933], [34.4422017, 51.2587241], [34.4417886, 51.2584437], [34.4415835, 51.2582658], [34.4413756, 51.2581349], [34.4406876, 51.2576238], [34.4399661, 51.2570791], [34.4396429, 51.2567987], [34.4395101, 51.2567182], [34.4393659, 51.2566401], [34.4391272, 51.2565365], [34.4390112, 51.2564861], [34.4388919, 51.2564496], [34.438739, 51.2564664], [34.4384962, 51.2565268], [34.4382441, 51.2565763], [34.4374046, 51.2568038], [34.4367327, 51.2569926], [34.4363478, 51.2571387], [34.4356142, 51.2573586], [34.4349235, 51.257539], [34.4342798, 51.2576985], [34.4337316, 51.2578958], [34.4333169, 51.2580451], [34.4325672, 51.2582742], [34.4323781, 51.2583321], [34.432236, 51.2583548], [34.4319114, 51.2583909], [34.4315949, 51.2584614], [34.4314259, 51.258531], [34.4311215, 51.2586569], [34.4306521, 51.2588088], [34.4303115, 51.2588743], [34.4294585, 51.2590581], [34.428442, 51.2592763], [34.4277848, 51.2594282], [34.426728, 51.2596389], [34.4263127, 51.2597366], [34.4254057, 51.2599502], [34.424538, 51.2601474], [34.4234893, 51.2603724], [34.4222608, 51.2606334], [34.4211772, 51.2608776], [34.4202639, 51.2610807], [34.4198079, 51.2611587], [34.4196363, 51.2611773], [34.4195129, 51.2611906], [34.4192916, 51.2612166], [34.4190985, 51.2612871], [34.4187793, 51.2613702], [34.4183126, 51.2614558], [34.4177788, 51.2616178], [34.4171619, 51.2617739], [34.4161628, 51.2619912], [34.4153716, 51.262175], [34.4146621, 51.2623177], [34.4137461, 51.2624788], [34.4129203, 51.262648], [34.414646, 51.2656072], [34.4142276, 51.2657952], [34.413718, 51.2660436], [34.4132888, 51.266302], [34.4129294, 51.2663927], [34.4126236, 51.2664397], [34.4122213, 51.2664934], [34.4119048, 51.2666377], [34.4116688, 51.2669398], [34.4113737, 51.2672855], [34.4110572, 51.2675003], [34.4104028, 51.2676614], [34.4099736, 51.2677688], [34.4094962, 51.2677923], [34.4088095, 51.2681817], [34.408536, 51.2683898], [34.4081658, 51.2685039], [34.4078815, 51.2685106], [34.4070393, 51.2685072], [34.4067228, 51.2685609], [34.406535, 51.2686818], [34.4062185, 51.2688596], [34.4057196, 51.2689704], [34.4049793, 51.2692053], [34.4042391, 51.2694201], [34.4037294, 51.269588], [34.4031179, 51.2698195], [34.4020021, 51.2702659], [34.4013745, 51.2705143], [34.4008273, 51.2706787], [34.4004786, 51.2707727], [34.4001943, 51.2708063], [34.4000012, 51.2708969], [34.3996686, 51.270907], [34.3988346, 51.2708551], [34.393128, 51.2720153], [34.3920339, 51.2722378], [34.3842389, 51.2738226], [34.3313393, 51.2399827], [34.3310389, 51.2398988], [34.3306661, 51.2398299], [34.3302423, 51.2397778], [34.3285471, 51.2396502], [34.327611, 51.2395461], [34.3273187, 51.2395041], [34.3268332, 51.2394705], [34.3249878, 51.2393883], [34.3234616, 51.2392842], [34.3231291, 51.2392405], [34.3225417, 51.2390944], [34.3216592, 51.239086], [34.3206561, 51.2390541], [34.3193847, 51.2390188], [34.3179738, 51.2389382], [34.3158764, 51.2387619], [34.313677, 51.2386729], [34.3125021, 51.2386091], [34.3119657, 51.2386309], [34.3103698, 51.238552], [34.3078485, 51.238468], [34.3067032, 51.2384059], [34.3062553, 51.2383488], [34.3061708, 51.2384176], [34.3057027, 51.2383001], [34.3051636, 51.2386309], [34.304654, 51.2388778], [34.3037608, 51.2392909], [34.3023071, 51.239971], [34.3006629, 51.2406897], [34.2989436, 51.2414923], [34.2985037, 51.2417543], [34.2984071, 51.2418332], [34.2983146, 51.2419104], [34.2982502, 51.2419742], [34.2981765, 51.2420876], [34.2980732, 51.2423898], [34.2979993, 51.2423877], [34.2974683, 51.2423252], [34.2966179, 51.2427462], [34.2953993, 51.24335], [34.2928015, 51.2446392], [34.2905576, 51.2457672], [34.2883816, 51.246944], [34.2868482, 51.2478378], [34.284645, 51.2491146], [34.2838159, 51.249578], [34.2819112, 51.2499845], [34.2794676, 51.2504702], [34.2767417, 51.2510378], [34.2746618, 51.2515059], [34.2736871, 51.25179], [34.2724332, 51.2522629], [34.269668, 51.253321], [34.2688722, 51.2535119], [34.2677898, 51.2538904], [34.2656458, 51.2546523], [34.2653253, 51.2548445], [34.2628437, 51.2557882], [34.2624924, 51.2558772], [34.2620364, 51.2559729], [34.2617977, 51.2561172], [34.261626, 51.256223], [34.260875, 51.2565822], [34.2603412, 51.2567685], [34.2600757, 51.2568424], [34.2596345, 51.2569211], [34.2593654, 51.2569756], [34.2581057, 51.2572184], [34.2570019, 51.2578848], [34.2555469, 51.2587705], [34.2551015, 51.2590425], [34.2550526, 51.2590828], [34.2549554, 51.2591718], [34.2547166, 51.2593208], [34.253907, 51.2596344], [34.2527781, 51.2600718], [34.2526244, 51.2601313], [34.2504785, 51.2609626], [34.2488052, 51.2616108], [34.2459051, 51.2627342], [34.2452431, 51.2629907], [34.2440321, 51.2635186], [34.2393218, 51.2636056], [34.2348395, 51.2643685], [34.231771, 51.2649114], [34.2315324, 51.2649536], [34.2304829, 51.265097], [34.2306938, 51.2636291], [34.2306223, 51.2632902], [34.2305474, 51.2629658], [34.2304384, 51.2627303], [34.2302251, 51.262511], [34.2299579, 51.2623964], [34.2295626, 51.2623379], [34.2292258, 51.2623536], [34.228956, 51.262448], [34.2287681, 51.2626267], [34.2286191, 51.2631258], [34.2284441, 51.2635923], [34.2281757, 51.2639668], [34.227803, 51.2642598], [34.2275592, 51.2644093], [34.2272112, 51.2645424], [34.2266793, 51.2646165], [34.2261735, 51.2646254], [34.2254803, 51.2645736], [34.2248229, 51.2644307], [34.2243467, 51.2642544], [34.2239599, 51.2639833], [34.2236571, 51.2637218], [34.2234324, 51.2633461], [34.2231094, 51.2625036], [34.2228703, 51.2614618], [34.2227556, 51.2612444], [34.2222241, 51.2607335], [34.2217835, 51.2603706], [34.2212908, 51.2600729], [34.2207104, 51.2597941], [34.2200257, 51.2595154], [34.2190688, 51.2590703], [34.2185548, 51.2589024], [34.2183114, 51.2588741], [34.2178329, 51.258878], [34.2172073, 51.2590038], [34.2166828, 51.2591608], [34.2155132, 51.2598729], [34.2150341, 51.2601611], [34.2147053, 51.2603033], [34.2143374, 51.2603802], [34.2139155, 51.2603888], [34.2134154, 51.2603321], [34.2122095, 51.2601906], [34.2113045, 51.2600234], [34.2103681, 51.2598206], [34.2096018, 51.2595824], [34.2089192, 51.2592957], [34.2083668, 51.2589601], [34.2072535, 51.2580725], [34.2059971, 51.2570382], [34.2056786, 51.2566072], [34.2054761, 51.2561715], [34.2053517, 51.2557358], [34.2052819, 51.2553432], [34.2052642, 51.254918], [34.2054371, 51.2547198], [34.2056898, 51.2546167], [34.2060909, 51.2545689], [34.2066692, 51.2546266], [34.2072475, 51.2547332], [34.208046, 51.2549798], [34.2084178, 51.2550354], [34.2088381, 51.2550388], [34.2092324, 51.2549769], [34.2099191, 51.2547966], [34.2103062, 51.2546407], [34.2106121, 51.2544252], [34.2108692, 51.2542115], [34.2110742, 51.2539489], [34.2111326, 51.2536487], [34.2111388, 51.2533484], [34.2110842, 51.2530235], [34.2108733, 51.2526496], [34.2104371, 51.2522855], [34.2097924, 51.2519051], [34.2086409, 51.2513825], [34.2075154, 51.2509251], [34.2055318, 51.2502491], [34.2046603, 51.2499542], [34.2037366, 51.2495778], [34.2031818, 51.2493042], [34.2026791, 51.2489654], [34.2022468, 51.2486302], [34.2018497, 51.2481656], [34.2015568, 51.2477009], [34.2010981, 51.2467306], [34.2009506, 51.2464704], [34.2006837, 51.2462631], [34.2002866, 51.2462189], [34.1998994, 51.2462771], [34.1996164, 51.2464332], [34.1994386, 51.246762], [34.1992607, 51.2474495], [34.1989191, 51.2481886], [34.1985737, 51.2488257], [34.1980996, 51.2493823], [34.1977752, 51.2496177], [34.1972791, 51.2497994], [34.1966763, 51.2498093], [34.1959414, 51.2496679], [34.1953783, 51.2494191], [34.1946558, 51.2490099], [34.1939854, 51.2485612], [34.1936762, 51.2482025], [34.1935171, 51.2478035], [34.1935061, 51.2472413], [34.1936366, 51.2469057], [34.1950976, 51.2452269], [34.195187, 51.2449318], [34.1951556, 51.2446727], [34.1948881, 51.2444807], [34.1944713, 51.24446], [34.1940181, 51.2445688], [34.1936218, 51.2447974], [34.1933543, 51.2450798], [34.1928329, 51.2455834], [34.1918721, 51.2462337], [34.1901405, 51.2475122], [34.1883014, 51.2488918], [34.1879643, 51.24917], [34.1871545, 51.2500305], [34.1868168, 51.2503001], [34.186021, 51.2506585], [34.1851395, 51.2509633], [34.1839405, 51.2512942], [34.1833424, 51.2513297], [34.1827839, 51.251252], [34.1824486, 51.2510278], [34.1818128, 51.2504275], [34.1807372, 51.2493384], [34.1799729, 51.248497], [34.1796378, 51.2479779], [34.1795248, 51.2475448], [34.1793259, 51.2468163], [34.179159, 51.2465799], [34.1788205, 51.2463704], [34.1784438, 51.2463381], [34.1779384, 51.2463058], [34.1771733, 51.2463327], [34.1764511, 51.2464671], [34.1757399, 51.246797], [34.1751294, 51.2470366], [34.1739631, 51.2472129], [34.1726252, 51.2473354], [34.1708084, 51.2476217], [34.1703351, 51.2477165], [34.169776, 51.247677], [34.1692255, 51.2474283], [34.1690191, 51.2471722], [34.1689415, 51.2468355], [34.1690836, 51.2464953], [34.1698179, 51.2456139], [34.1699968, 51.2452639], [34.1700041, 51.2449675], [34.1698255, 51.2447333], [34.1695182, 51.2445796], [34.1690563, 51.2445646], [34.1687735, 51.244725], [34.1681044, 51.2454496], [34.1677104, 51.2456631], [34.1670499, 51.2458057], [34.1663581, 51.2458331], [34.1655805, 51.2457799], [34.1641714, 51.2455924], [34.1627517, 51.2453039], [34.1616802, 51.2449895], [34.1611074, 51.2446939], [34.1608064, 51.2444517], [34.160677, 51.244102], [34.1608871, 51.2434847], [34.1615807, 51.2425173], [34.1620878, 51.2417208], [34.1621315, 51.241406], [34.1620202, 51.2411501], [34.1616993, 51.240909], [34.1612282, 51.2408157], [34.1606859, 51.2407877], [34.1602217, 51.2408559], [34.1597669, 51.2410329], [34.1591404, 51.2415593], [34.158373, 51.2422998], [34.1577722, 51.2427611], [34.1572042, 51.2429875], [34.1565606, 51.2430157], [34.1561671, 51.2428881], [34.1558708, 51.242601], [34.1558781, 51.2422031], [34.1559454, 51.2418972], [34.1561979, 51.2416181], [34.1566066, 51.2414696], [34.1572925, 51.241338], [34.1577092, 51.24118], [34.1579972, 51.2409682], [34.1586702, 51.2403875], [34.1590252, 51.2400263], [34.159362, 51.2395847], [34.1594363, 51.2390555], [34.1593451, 51.2385622], [34.1591697, 51.2380843], [34.1588871, 51.2376199], [34.1581128, 51.2367959], [34.1578509, 51.2374267], [34.1576843, 51.2376473], [34.1572526, 51.2379235], [34.1562528, 51.2383201], [34.1554533, 51.2384863], [34.1544956, 51.2384688], [34.153189, 51.2386376], [34.152385, 51.2388993], [34.1517122, 51.239245], [34.1511703, 51.2395099], [34.1506976, 51.2395993], [34.1502833, 51.2394824], [34.1499822, 51.2392031], [34.1497488, 51.2386607], [34.14984, 51.2377876], [34.1502358, 51.2373414], [34.1505946, 51.2369741], [34.1511049, 51.2368118], [34.1522455, 51.2367119], [34.1529904, 51.2368235], [34.1554768, 51.2373932], [34.1561337, 51.2374176], [34.1566618, 51.237348], [34.157085, 51.2371524], [34.1578733, 51.2361787], [34.1577133, 51.2352269], [34.1577328, 51.2349067], [34.1575968, 51.2346611], [34.1572249, 51.2344424], [34.1567872, 51.2344341], [34.1549873, 51.2349543], [34.1524647, 51.2355158], [34.1514879, 51.2356504], [34.1509439, 51.2356555], [34.1503569, 51.23558], [34.1499996, 51.2353911], [34.1496424, 51.2350948], [34.1492053, 51.2344712], [34.1486775, 51.2337182], [34.1481555, 51.2334167], [34.1476076, 51.2333752], [34.1474335, 51.2333468], [34.1471631, 51.2333315], [34.1468884, 51.2334257], [34.1467203, 51.2336865], [34.1466792, 51.2338769], [34.1464634, 51.2341698], [34.1462642, 51.234356], [34.1460969, 51.2344831], [34.1459476, 51.2345822], [34.1455989, 51.2346435], [34.1453398, 51.2346126], [34.1451546, 51.2345308], [34.1450377, 51.2343494], [34.1450369, 51.2341651], [34.1451422, 51.2339853], [34.1453354, 51.2337802], [34.1458461, 51.2334521], [34.1461519, 51.2332787], [34.1462623, 51.2330967], [34.1462937, 51.2327757], [34.146629, 51.2325028], [34.1468661, 51.2324035], [34.1471113, 51.2323663], [34.1473031, 51.2322764], [34.1477508, 51.2319644], [34.1484174, 51.231146], [34.148557, 51.2305989], [34.148437, 51.2301422], [34.1473664, 51.2290824], [34.1470485, 51.2285826], [34.1461435, 51.2278901], [34.1455025, 51.2273945], [34.1449212, 51.2267949], [34.1445423, 51.2260021], [34.144378, 51.2252899], [34.1443795, 51.2235724], [34.1442092, 51.2231988], [34.1437358, 51.2229646], [34.1443718, 51.2228484], [34.1443573, 51.2225534], [34.1441281, 51.2222584], [34.1429008, 51.2204209], [34.1397405, 51.2156891], [34.1394636, 51.215636], [34.1390247, 51.2151394], [34.1389382, 51.2149179], [34.1388983, 51.2146617], [34.1409761, 51.2104714], [34.1413812, 51.2098096], [34.1434818, 51.2055713], [34.1475511, 51.1971691], [34.1311523, 51.1855941], [34.1308107, 51.1853628], [34.126041, 51.1839731], [34.1230771, 51.1818641], [34.119341, 51.1786904], [34.1207975, 51.1733894], [34.1211818, 51.1680924], [34.1217029, 51.1622768], [34.1215893, 51.1619993], [34.121906, 51.1583461], [34.1187668, 51.1545806], [34.1237147, 51.1527637], [34.1267258, 51.1534197], [34.1310926, 51.1464137], [34.1321338, 51.1444629], [34.1296146, 51.1416333], [34.1193004, 51.142874], [34.1080389, 51.1442872], [34.10339, 51.1398957], [34.0885144, 51.1290595], [34.083076, 51.1239086], [34.0786198, 51.1197413], [34.0795538, 51.1194452], [34.0800899, 51.1190978], [34.0800699, 51.1182418], [34.0746586, 51.1039074], [34.0706326, 51.094469], [34.0690957, 51.0907157], [34.0478742, 51.0861702], [34.0420204, 51.0854675], [34.0246384, 51.0804383], [34.021326, 51.0793967], [34.0170686, 51.0795904], [34.0161505, 51.0777188], [34.02043, 51.0769735], [34.0196926, 51.0751065], [34.0190823, 51.0735611], [34.0191482, 51.0729145], [34.0192719, 51.0717018], [34.0192783, 51.0716391], [34.0188816, 51.0669615], [34.0174487, 51.0660748], [34.0140027, 51.0649126], [34.013875, 51.0622692], [34.0136278, 51.0585843], [34.0131884, 51.0536971]]]}}, {"type": "Feature", "properties": {"name": "Ахтырский район", "NAME_1": "Сумская область", "osm_id": 11795830}, "geometry": {"type": "Polygon", "coordinates": [[[34.3767901, 50.3587447], [34.3816159, 50.3575596], [34.3839619, 50.3542791], [34.3853681, 50.3541671], [34.3856513, 50.3533643], [34.3846857, 50.3532308], [34.38519, 50.3525702], [34.3841991, 50.3523955], [34.3837231, 50.3522618], [34.3834149, 50.3520355], [34.383058, 50.3514773], [34.3828629, 50.3511722], [34.383929, 50.3505313], [34.384533, 50.3502306], [34.3848111, 50.3498771], [34.3863829, 50.348618], [34.3915001, 50.3445645], [34.3931334, 50.3439491], [34.3994273, 50.3415687], [34.4019376, 50.3405567], [34.4041768, 50.3396807], [34.4097145, 50.3374837], [34.4106621, 50.3362071], [34.4109493, 50.3353892], [34.4098832, 50.3333038], [34.4087225, 50.3313406], [34.4060316, 50.3275391], [34.402075, 50.3219586], [34.3996042, 50.3184951], [34.4024044, 50.3168977], [34.4056233, 50.3150709], [34.4131892, 50.3108043], [34.421098, 50.306354], [34.421196, 50.306247], [34.4287563, 50.3019919], [34.4369592, 50.2973769], [34.4413598, 50.2948439], [34.4500475, 50.2903539], [34.4529308, 50.2887814], [34.4555508, 50.2870016], [34.4624628, 50.2887506], [34.4660452, 50.2885083], [34.46998, 50.2881122], [34.4758322, 50.2876207], [34.4836433, 50.2869513], [34.4888683, 50.2864536], [34.4950021, 50.2858781], [34.49857, 50.2855362], [34.5044529, 50.2849674], [34.5048456, 50.2849853], [34.5076673, 50.2847262], [34.5116246, 50.2834602], [34.519885, 50.2807477], [34.5179656, 50.2795218], [34.5133446, 50.2756197], [34.5117922, 50.2743951], [34.5122926, 50.2744163], [34.5151508, 50.2733992], [34.5148113, 50.272386], [34.5143258, 50.2712516], [34.5139183, 50.2698187], [34.5139763, 50.2697983], [34.51482, 50.2690632], [34.5159936, 50.2680325], [34.5177124, 50.2664241], [34.5189461, 50.2649083], [34.5199623, 50.2635618], [34.5199768, 50.2632], [34.5212723, 50.2618622], [34.5222199, 50.2612509], [34.5194164, 50.2597389], [34.5193655, 50.2593536], [34.5190914, 50.2589109], [34.5189621, 50.2585791], [34.5189599, 50.2583321], [34.5189699, 50.2581412], [34.5193919, 50.2564936], [34.5209254, 50.256517], [34.5234614, 50.2564536], [34.5236117, 50.2562051], [34.523466, 50.2557424], [34.5221751, 50.2557798], [34.5212563, 50.2556936], [34.5195564, 50.2555945], [34.5186208, 50.2554178], [34.5185093, 50.2549706], [34.5190169, 50.2529596], [34.5179165, 50.2529029], [34.516893, 50.2552873], [34.5140965, 50.255031], [34.5135015, 50.2546696], [34.5133495, 50.2543332], [34.5126576, 50.2541264], [34.512542, 50.2526253], [34.5129946, 50.2512825], [34.5130868, 50.2504244], [34.5143055, 50.2483257], [34.5162588, 50.2472152], [34.5175585, 50.2462633], [34.5184797, 50.2455891], [34.5195459, 50.244709], [34.5216414, 50.2447345], [34.5228306, 50.24432], [34.5232668, 50.2440243], [34.5236801, 50.2437776], [34.5254768, 50.2430062], [34.5264313, 50.2426241], [34.5258222, 50.2405836], [34.5260025, 50.2405078], [34.5268915, 50.2402935], [34.5274056, 50.2402992], [34.5287227, 50.2405838], [34.5305045, 50.241265], [34.5323768, 50.242394], [34.5339586, 50.2432044], [34.5343526, 50.2435157], [34.5345543, 50.2442693], [34.5330057, 50.2458999], [34.5305073, 50.2463697], [34.5296644, 50.2464198], [34.5289542, 50.2466499], [34.528088, 50.2476944], [34.528399, 50.2480229], [34.5277946, 50.2489704], [34.5281743, 50.2491404], [34.529206, 50.2494579], [34.5301512, 50.2494741], [34.5304566, 50.249556], [34.5322214, 50.2504631], [34.5328206, 50.2505006], [34.5330612, 50.2501202], [34.5329037, 50.2496951], [34.5337771, 50.2483778], [34.5371487, 50.2477402], [34.5377325, 50.2476278], [34.5382408, 50.2478076], [34.5391885, 50.2480629], [34.5413219, 50.2477308], [34.5417752, 50.2475523], [34.5434101, 50.2472779], [34.5433545, 50.2467407], [34.5439526, 50.2458671], [34.5452495, 50.2453417], [34.5443896, 50.2446129], [34.545993, 50.245114], [34.5464107, 50.244961], [34.547896, 50.2443501], [34.5515076, 50.2428609], [34.5538436, 50.2410362], [34.5548799, 50.2400835], [34.556633, 50.2384748], [34.5596087, 50.237187], [34.5590615, 50.236144], [34.5572054, 50.2353067], [34.5551325, 50.2313203], [34.5570897, 50.2322224], [34.5576239, 50.2316557], [34.5578416, 50.2312654], [34.559126, 50.2309027], [34.5592749, 50.2304363], [34.5595487, 50.2280048], [34.5608418, 50.2289531], [34.5626028, 50.229653], [34.5624522, 50.2300128], [34.5631176, 50.2304906], [34.5629802, 50.2310385], [34.5625452, 50.2319776], [34.5621515, 50.2327118], [34.5596087, 50.2335842], [34.5589249, 50.2338773], [34.5591366, 50.2344352], [34.559598, 50.2348881], [34.5607498, 50.2354867], [34.5626371, 50.236294], [34.5663357, 50.2321293], [34.5675227, 50.2308295], [34.5696765, 50.2282861], [34.5709169, 50.2269955], [34.571051, 50.2266454], [34.5710027, 50.226261], [34.569388, 50.2244615], [34.5674165, 50.2196448], [34.5664716, 50.2179615], [34.566046, 50.217193], [34.5652514, 50.2153688], [34.5628568, 50.2098276], [34.5602095, 50.2062075], [34.5598449, 50.2059044], [34.5588952, 50.2059878], [34.5574307, 50.2059637], [34.5552313, 50.2061457], [34.5538746, 50.2063186], [34.5523768, 50.2049124], [34.5485651, 50.2012521], [34.5456988, 50.198623], [34.5405844, 50.1937261], [34.5355934, 50.1890113], [34.5295653, 50.1834966], [34.5262795, 50.1803641], [34.5233856, 50.1773543], [34.5245992, 50.1749939], [34.5255899, 50.1721419], [34.5344229, 50.1714438], [34.5323628, 50.1669921], [34.5284107, 50.1584506], [34.5266717, 50.154264], [34.5375573, 50.154322], [34.5376026, 50.1516928], [34.5379855, 50.1480482], [34.5384812, 50.1444615], [34.5387679, 50.141282], [34.5466203, 50.1402975], [34.5463757, 50.1373034], [34.5461712, 50.134404], [34.5461646, 50.1324772], [34.5496947, 50.1323469], [34.5511705, 50.1322083], [34.5542886, 50.1307868], [34.5608895, 50.1277961], [34.5665612, 50.1252696], [34.5681141, 50.1246658], [34.5689881, 50.1242377], [34.569322, 50.1236979], [34.5694343, 50.1231731], [34.5702844, 50.1225788], [34.5720732, 50.1218409], [34.5729287, 50.121413], [34.5735724, 50.1213409], [34.5740162, 50.1212913], [34.5754809, 50.1213903], [34.5763586, 50.1216401], [34.5766862, 50.12204], [34.5767624, 50.1226694], [34.576891, 50.1232029], [34.5774275, 50.1237665], [34.5781667, 50.1243036], [34.5786399, 50.1246302], [34.579463, 50.1249045], [34.5803573, 50.1250945], [34.580737, 50.1253867], [34.580858, 50.1262533], [34.5807174, 50.1270403], [34.5801518, 50.1278449], [34.5799787, 50.128204], [34.5801549, 50.128499], [34.5804527, 50.1285544], [34.580949, 50.1284525], [34.5816762, 50.128062], [34.582427, 50.1278258], [34.5829133, 50.1279857], [34.5834882, 50.1280254], [34.5849606, 50.1277912], [34.5858102, 50.1277439], [34.5871642, 50.1278444], [34.5914996, 50.1274639], [34.5931065, 50.1273824], [34.593598, 50.1271378], [34.594443, 50.1258416], [34.5956811, 50.1252418], [34.5965101, 50.1251352], [34.5968174, 50.1249169], [34.5967795, 50.1243346], [34.5966763, 50.1234559], [34.5986349, 50.1217162], [34.5994667, 50.1222518], [34.6004366, 50.1224882], [34.6020518, 50.1215501], [34.6031333, 50.1212497], [34.604838, 50.1209353], [34.6066826, 50.1206179], [34.6073445, 50.1210488], [34.6079752, 50.1210995], [34.6091073, 50.1206556], [34.6092579, 50.1196307], [34.6103067, 50.1194615], [34.6132046, 50.1187195], [34.6166519, 50.1178152], [34.6181636, 50.1176633], [34.6206782, 50.1176282], [34.6222365, 50.1177611], [34.6238914, 50.1174644], [34.6251044, 50.1166862], [34.6289478, 50.1138372], [34.6306806, 50.1125758], [34.6319988, 50.1121767], [34.6330839, 50.1119949], [34.6342145, 50.1120623], [34.6363193, 50.1124965], [34.6377816, 50.1130706], [34.6384959, 50.1134055], [34.6401746, 50.1143571], [34.6414826, 50.114743], [34.6422595, 50.1147439], [34.6431557, 50.1144458], [34.6456822, 50.1136844], [34.6490229, 50.1129353], [34.6503253, 50.1126194], [34.6513573, 50.1125096], [34.651985, 50.1130121], [34.6521488, 50.1134737], [34.6525082, 50.1142417], [34.6531367, 50.114768], [34.6541223, 50.1149205], [34.6550994, 50.1148233], [34.6560858, 50.1144643], [34.6566602, 50.1139565], [34.6558226, 50.1127315], [34.6558292, 50.1118512], [34.6571817, 50.1108447], [34.6608445, 50.1108637], [34.6644157, 50.1109077], [34.6654777, 50.1111304], [34.6655439, 50.1114387], [34.6650033, 50.1118508], [34.6632233, 50.1127922], [34.6624908, 50.1135401], [34.6625776, 50.1149781], [34.6631541, 50.1156002], [34.6643764, 50.1161774], [34.6658137, 50.1165493], [34.6667522, 50.1169403], [34.6672511, 50.1179917], [34.6678406, 50.1195176], [34.6671361, 50.1205387], [34.6675932, 50.121448], [34.6694244, 50.1225041], [34.6701208, 50.1239095], [34.670588, 50.1256393], [34.6709409, 50.1267404], [34.6715222, 50.1274933], [34.6720368, 50.127926], [34.6732827, 50.1286336], [34.6748762, 50.1292291], [34.6754426, 50.129554], [34.6746611, 50.1299578], [34.6752098, 50.1303067], [34.6717393, 50.1326642], [34.6768156, 50.1338993], [34.678615, 50.1319108], [34.6795265, 50.131517], [34.6808549, 50.1308793], [34.6807013, 50.1301916], [34.679624, 50.1290178], [34.6768398, 50.1271787], [34.6757538, 50.1262786], [34.6753603, 50.1256063], [34.6753755, 50.1244523], [34.6750996, 50.12291], [34.675359, 50.1218596], [34.6759387, 50.1193891], [34.6759832, 50.118544], [34.6766814, 50.1178797], [34.6789049, 50.1163965], [34.6798779, 50.1156568], [34.6802092, 50.1150811], [34.6793826, 50.1141891], [34.6781269, 50.1137196], [34.6775237, 50.1133953], [34.6768966, 50.1118581], [34.6767952, 50.1110745], [34.6826328, 50.1108711], [34.6873098, 50.1108032], [34.6881913, 50.1106239], [34.6905089, 50.1102571], [34.6915811, 50.1102415], [34.6933292, 50.1105134], [34.6952182, 50.110581], [34.6975827, 50.1110247], [34.6982666, 50.111184], [34.6985866, 50.1114861], [34.6989322, 50.1119331], [34.6993052, 50.1130313], [34.6992765, 50.1134134], [34.6988797, 50.1142352], [34.6979892, 50.1146549], [34.6976029, 50.1147753], [34.6972469, 50.1150969], [34.6974045, 50.1152706], [34.6974742, 50.1158313], [34.6978927, 50.1169252], [34.697928, 50.1178745], [34.6978283, 50.1195187], [34.6980029, 50.1199039], [34.6983416, 50.1200061], [34.699856, 50.1200759], [34.7002798, 50.1204577], [34.7002369, 50.1207914], [34.6996844, 50.121266], [34.6992874, 50.1216512], [34.6989226, 50.122205], [34.6987027, 50.1227587], [34.6979678, 50.1235738], [34.6972543, 50.1241482], [34.6964872, 50.1244165], [34.6957362, 50.1243821], [34.6942241, 50.1247539], [34.6957784, 50.1274308], [34.6967087, 50.1290328], [34.6990192, 50.1302491], [34.7004523, 50.1314564], [34.7021338, 50.1324704], [34.7041055, 50.1336909], [34.7048502, 50.1341634], [34.7022034, 50.1362352], [34.7010594, 50.1371452], [34.7008528, 50.1383295], [34.7001195, 50.1422006], [34.6996073, 50.1453764], [34.6993475, 50.1473768], [34.6993776, 50.1487127], [34.6998585, 50.1496921], [34.7009752, 50.1504286], [34.7056013, 50.1509739], [34.7057558, 50.1514849], [34.7072199, 50.1510811], [34.7070592, 50.1517713], [34.7100055, 50.1528472], [34.7119893, 50.151762], [34.7142867, 50.1515081], [34.7201614, 50.1508582], [34.7206908, 50.1523063], [34.7210638, 50.1532916], [34.722408, 50.1553666], [34.7236397, 50.1564513], [34.7256004, 50.1578863], [34.7294225, 50.1589217], [34.7344959, 50.1603383], [34.7377738, 50.1597728], [34.7444062, 50.1586341], [34.74951, 50.1577533], [34.748991, 50.15519], [34.7484475, 50.1524461], [34.7473967, 50.1515204], [34.7451443, 50.1495568], [34.7427155, 50.1474216], [34.7404476, 50.1454454], [34.7398713, 50.1449366], [34.7454149, 50.144708], [34.7466506, 50.1446532], [34.7477621, 50.1459253], [34.7493838, 50.1469013], [34.7508143, 50.1452299], [34.7547836, 50.14549], [34.7582951, 50.145717], [34.7616696, 50.1463577], [34.7637921, 50.1465199], [34.7649594, 50.1464603], [34.7650927, 50.1476434], [34.7666421, 50.1481839], [34.7705053, 50.1495493], [34.7740168, 50.1507711], [34.7773899, 50.1519503], [34.7811451, 50.1532772], [34.7820602, 50.1533379], [34.78434, 50.1535066], [34.7877024, 50.1537518], [34.7907103, 50.1539816], [34.7943011, 50.1542388], [34.7978786, 50.1545058], [34.8007001, 50.1547264], [34.7987149, 50.1584006], [34.798131, 50.1595668], [34.7994914, 50.1597034], [34.8020949, 50.1599657], [34.8060647, 50.160361], [34.8101377, 50.1604222], [34.8147757, 50.1603425], [34.8216827, 50.1602032], [34.827137, 50.1587333], [34.8298431, 50.1570564], [34.8300755, 50.1570232], [34.8319324, 50.1557385], [34.8329526, 50.1558409], [34.8349965, 50.1569029], [34.837709, 50.1579493], [34.8414621, 50.1593945], [34.842915, 50.1599593], [34.8437526, 50.1610608], [34.8456794, 50.1635504], [34.8464061, 50.1645129], [34.8473047, 50.1656465], [34.8511945, 50.1638936], [34.8543546, 50.1624103], [34.8561961, 50.1623153], [34.8614588, 50.1620081], [34.8653006, 50.161796], [34.8705564, 50.1613602], [34.8766725, 50.1609129], [34.8853072, 50.1602813], [34.8915299, 50.1598156], [34.8982218, 50.1592997], [34.901844, 50.1590233], [34.9059881, 50.1582811], [34.9103935, 50.1574801], [34.9161833, 50.1564338], [34.9220963, 50.1553844], [34.9302745, 50.1539025], [34.9363682, 50.1528441], [34.93936, 50.152364], [34.9403583, 50.1521815], [34.9539143, 50.1540036], [34.9596611, 50.1547312], [34.9632708, 50.1552355], [34.9638518, 50.1553244], [34.9645793, 50.1555573], [34.9672693, 50.1570428], [34.9680904, 50.1573257], [34.9716751, 50.1580119], [34.9733967, 50.1582902], [34.9736237, 50.1584901], [34.973436, 50.1595802], [34.9731559, 50.1607034], [34.9731362, 50.1624901], [34.9719583, 50.1647053], [34.9711286, 50.1665464], [34.9693215, 50.1704218], [34.9672318, 50.1745436], [34.9647868, 50.1793496], [34.9641236, 50.180672], [34.9631739, 50.1826556], [34.9621449, 50.1845789], [34.9643004, 50.184696], [34.9764702, 50.182319], [34.9774903, 50.182132], [34.980799, 50.1824026], [34.9844369, 50.1827223], [34.984433, 50.1826127], [34.9928039, 50.1835257], [34.9950385, 50.1833633], [34.998741, 50.1828748], [35.0013737, 50.1824982], [35.001567, 50.182027], [35.0018728, 50.1819618], [35.0018835, 50.1816457], [35.001535, 50.1809467], [35.0031227, 50.1807251], [35.0049782, 50.1807062], [35.0049412, 50.1805636], [35.0039488, 50.1802682], [35.0035518, 50.1799419], [35.0031099, 50.178363], [35.0062847, 50.1777674], [35.0069301, 50.1794269], [35.0089463, 50.1844748], [35.0115394, 50.1841327], [35.0203264, 50.1820098], [35.0258232, 50.1812044], [35.0305153, 50.1805503], [35.0325083, 50.1802657], [35.0310706, 50.1788246], [35.031082, 50.1782723], [35.0312878, 50.1771087], [35.031817, 50.1749948], [35.032171, 50.1734282], [35.0321805, 50.1730894], [35.029597, 50.1660928], [35.0398747, 50.1647254], [35.0426314, 50.1657657], [35.0473558, 50.1724018], [35.0496495, 50.1750226], [35.054015, 50.1803101], [35.0551951, 50.1817763], [35.0560105, 50.1826488], [35.0569546, 50.1833358], [35.0576949, 50.184064], [35.0586966, 50.185349], [35.0588369, 50.1855302], [35.0641661, 50.1827903], [35.0640864, 50.1834003], [35.062645, 50.1851323], [35.0626999, 50.1853383], [35.0632204, 50.1860211], [35.0642869, 50.1865622], [35.0658721, 50.1873723], [35.0682103, 50.1884138], [35.0688583, 50.1890238], [35.0684027, 50.1895408], [35.0688236, 50.1911574], [35.0695004, 50.1932767], [35.0728827, 50.1944407], [35.0716512, 50.1949935], [35.0726294, 50.1954667], [35.0698879, 50.1965419], [35.0770162, 50.2004302], [35.0704759, 50.205604], [35.0700952, 50.2058684], [35.0896006, 50.2123688], [35.0935381, 50.212918], [35.1054519, 50.2144842], [35.1129751, 50.2183168], [35.1138697, 50.218941], [35.1180222, 50.2211582], [35.1202071, 50.2223333], [35.1266928, 50.2257315], [35.1269242, 50.2259082], [35.1272546, 50.2262587], [35.127889, 50.2265419], [35.1283031, 50.2267777], [35.1411359, 50.2368828], [35.1480809, 50.2422051], [35.1589099, 50.2381019], [35.1612905, 50.2372936], [35.1712493, 50.2343599], [35.1784735, 50.2322194], [35.184907, 50.2303197], [35.190933, 50.2284767], [35.1926064, 50.2282248], [35.1935907, 50.2300089], [35.1936537, 50.2302306], [35.1938413, 50.2305822], [35.1942791, 50.2308944], [35.1949689, 50.2321165], [35.1978805, 50.2381829], [35.200246, 50.2380355], [35.2000798, 50.237073], [35.1998576, 50.2362306], [35.1991036, 50.2353425], [35.1995777, 50.2352418], [35.214468, 50.2320779], [35.2309951, 50.2288851], [35.2347559, 50.2280774], [35.2376129, 50.2364508], [35.241377, 50.2361123], [35.2565307, 50.2347486], [35.2603892, 50.2344283], [35.2607255, 50.2351051], [35.2610288, 50.2359007], [35.2611077, 50.2369354], [35.2607906, 50.2380869], [35.2594101, 50.2393689], [35.2591419, 50.2398015], [35.2590325, 50.2408963], [35.2591311, 50.2423267], [35.2591487, 50.2429931], [35.2595636, 50.2443166], [35.2600723, 50.2450526], [35.2605265, 50.245551], [35.261282, 50.2472726], [35.2618376, 50.247577], [35.2624181, 50.2478288], [35.2625936, 50.2481894], [35.2625552, 50.2484911], [35.262451, 50.2493084], [35.2621929, 50.2497622], [35.2618929, 50.250473], [35.2614121, 50.2516354], [35.2612393, 50.2548172], [35.2605361, 50.2564739], [35.2604545, 50.2569866], [35.2605988, 50.2574987], [35.2610469, 50.2595039], [35.2613604, 50.2604664], [35.2622261, 50.2615818], [35.2639445, 50.262256], [35.2655103, 50.2631686], [35.2659265, 50.2636121], [35.2653112, 50.2646413], [35.2661274, 50.2652909], [35.2680805, 50.265256], [35.278018, 50.2644882], [35.2898199, 50.2633905], [35.2969236, 50.2626443], [35.2994283, 50.2624469], [35.3000775, 50.2625297], [35.3028507, 50.2639095], [35.3031067, 50.2640306], [35.3050536, 50.265019], [35.3054084, 50.2651992], [35.3086961, 50.2667806], [35.3098428, 50.2673496], [35.3110799, 50.2680735], [35.3117922, 50.2686021], [35.3124907, 50.2690024], [35.3153667, 50.2703322], [35.315735, 50.2706781], [35.3159052, 50.2707639], [35.318122, 50.2711501], [35.3182995, 50.2711802], [35.3190879, 50.2712301], [35.3274013, 50.2730521], [35.3287345, 50.2734057], [35.3296084, 50.2738513], [35.3298884, 50.2741183], [35.3311047, 50.2767343], [35.3249257, 50.2777124], [35.3242349, 50.277998], [35.3234674, 50.2784287], [35.3210266, 50.2794101], [35.2965161, 50.2895163], [35.2965894, 50.2897188], [35.2998195, 50.2924244], [35.3032256, 50.2955658], [35.3121804, 50.3033691], [35.3173089, 50.3077463], [35.3213627, 50.3115501], [35.318719, 50.3134987], [35.3300292, 50.3186529], [35.3437156, 50.3120617], [35.3461765, 50.3108625], [35.3645548, 50.3025877], [35.3822305, 50.2944786], [35.3845347, 50.3024883], [35.3854331, 50.3059236], [35.3801695, 50.3114323], [35.3792194, 50.3190859], [35.3790932, 50.3205345], [35.3967883, 50.3187916], [35.4076829, 50.3206028], [35.4081339, 50.3206778], [35.4099159, 50.320974], [35.4095948, 50.3221754], [35.4095927, 50.322372], [35.409914, 50.3226823], [35.4110658, 50.3231739], [35.412325, 50.3238267], [35.4126478, 50.324199], [35.4128366, 50.3248127], [35.4130571, 50.3251967], [35.4135053, 50.3253297], [35.4141238, 50.325374], [35.4145634, 50.3256829], [35.4147738, 50.3261557], [35.4145595, 50.3270664], [35.4147802, 50.3276425], [35.4147971, 50.327859], [35.414452, 50.3280575], [35.4145403, 50.3282993], [35.4147738, 50.3284645], [35.4149253, 50.328678], [35.4155954, 50.3292528], [35.4162065, 50.3294838], [35.4165347, 50.3296893], [35.4168314, 50.329927], [35.4175193, 50.3302654], [35.4179233, 50.3303541], [35.4186806, 50.3301526], [35.4191427, 50.3301879], [35.419823, 50.3308174], [35.4199366, 50.3310712], [35.4199429, 50.331184], [35.4196778, 50.3322557], [35.4197109, 50.3325299], [35.4199195, 50.3327206], [35.4205614, 50.3333072], [35.4209557, 50.3337294], [35.4215687, 50.3341418], [35.4223602, 50.3344634], [35.423004, 50.334822], [35.4232694, 50.3350281], [35.4234871, 50.3350487], [35.4252366, 50.3335514], [35.4254122, 50.3334011], [35.4285954, 50.3301731], [35.4342298, 50.3244856], [35.4364765, 50.3221775], [35.4382718, 50.317612], [35.4390285, 50.316894], [35.4418101, 50.3166443], [35.4553978, 50.315212], [35.4595938, 50.3149295], [35.4583197, 50.3096079], [35.4631725, 50.3073752], [35.4824877, 50.2987366], [35.49063, 50.2951226], [35.4963592, 50.2926133], [35.5021144, 50.2978749], [35.5023313, 50.2979961], [35.5029649, 50.2984696], [35.5040407, 50.2997155], [35.5042539, 50.299842], [35.5140484, 50.295134], [35.5227025, 50.2909824], [35.5244478, 50.2901141], [35.5279705, 50.294677], [35.5290192, 50.2933539], [35.5297555, 50.2929714], [35.5312343, 50.2935369], [35.5302211, 50.2943598], [35.5300985, 50.2947544], [35.5312216, 50.2983139], [35.5341355, 50.2983025], [35.5349341, 50.3004455], [35.5353313, 50.3020062], [35.5309809, 50.3055252], [35.5281195, 50.3077119], [35.5159175, 50.3172416], [35.5189872, 50.3174257], [35.5294336, 50.3182437], [35.5429831, 50.3197274], [35.5570956, 50.3211361], [35.5589341, 50.3212365], [35.561999, 50.3210033], [35.5630066, 50.3207956], [35.5635615, 50.320687], [35.5683402, 50.3202333], [35.5707851, 50.3198683], [35.5734275, 50.319806], [35.5785373, 50.3224265], [35.587878, 50.3272445], [35.5911228, 50.3293902], [35.5939337, 50.3312547], [35.5974118, 50.3299413], [35.5989423, 50.3293238], [35.6058247, 50.3275813], [35.6090467, 50.3269044], [35.6109476, 50.3263652], [35.6117436, 50.3261469], [35.6127066, 50.3260921], [35.6154087, 50.3260702], [35.6168574, 50.326028], [35.6178648, 50.325944], [35.6220006, 50.3254252], [35.6303036, 50.3244359], [35.6282166, 50.3232175], [35.6258332, 50.3219535], [35.6233295, 50.3211673], [35.6242151, 50.3200323], [35.6249802, 50.3196841], [35.6280722, 50.317615], [35.6297366, 50.3170943], [35.633066, 50.3161372], [35.6345732, 50.3156503], [35.6370039, 50.315], [35.6364826, 50.3134255], [35.6374532, 50.3131164], [35.6502278, 50.3097534], [35.6508498, 50.3125161], [35.6511849, 50.3126231], [35.6515332, 50.3126602], [35.6531718, 50.3124113], [35.6534386, 50.3124855], [35.6552446, 50.3122933], [35.6555798, 50.3123239], [35.6557588, 50.3124003], [35.6566935, 50.3152281], [35.6585536, 50.3209184], [35.6597052, 50.3247064], [35.6603619, 50.3268231], [35.6617163, 50.3266737], [35.6622621, 50.3266103], [35.662808, 50.3265598], [35.6653098, 50.3263398], [35.667825, 50.3261214], [35.6702445, 50.3259087], [35.6720018, 50.3257512], [35.6729264, 50.3255268], [35.672804, 50.3256478], [35.6731892, 50.3257847], [35.6732887, 50.3256718], [35.6737138, 50.3259864], [35.6744181, 50.3265858], [35.6747147, 50.3268961], [35.6777763, 50.3301849], [35.6777422, 50.3309844], [35.6821582, 50.3314024], [35.6823959, 50.3334126], [35.6830013, 50.3351072], [35.6886612, 50.3347382], [35.6926624, 50.3456316], [35.6823725, 50.3475864], [35.68033, 50.34262], [35.6538404, 50.3468667], [35.6580016, 50.3511483], [35.6283017, 50.3544373], [35.6264889, 50.3519808], [35.6015557, 50.3673887], [35.606256, 50.3705579], [35.6082198, 50.3720288], [35.6119229, 50.3746325], [35.5975, 50.3830996], [35.5940037, 50.3929844], [35.584873, 50.3927025], [35.5850655, 50.3928261], [35.5851057, 50.3929697], [35.5850226, 50.3930911], [35.5849206, 50.3931749], [35.5847946, 50.3932331], [35.5847195, 50.3932895], [35.5847731, 50.3934365], [35.584588, 50.3938931], [35.5840248, 50.3943035], [35.5840784, 50.3944044], [35.5840489, 50.3944779], [35.5841079, 50.3947532], [35.5838665, 50.3948865], [35.5836707, 50.3950216], [35.5836144, 50.3951071], [35.5836305, 50.3952747], [35.583601, 50.3955329], [35.5836144, 50.395868], [35.5835983, 50.3963519], [35.5835795, 50.3970273], [35.5835581, 50.3981421], [35.58355, 50.3997749], [35.5835286, 50.40084], [35.5835018, 50.4043037], [35.5834964, 50.404714], [35.5834722, 50.4055192], [35.5834454, 50.4060064], [35.5834481, 50.4067654], [35.5834669, 50.4077261], [35.5834508, 50.4091056], [35.5834132, 50.4117243], [35.5833864, 50.412143], [35.5834427, 50.4123686], [35.5834213, 50.4128883], [35.5833623, 50.4130746], [35.583373, 50.4134198], [35.5833113, 50.4143855], [35.5832764, 50.4148419], [35.5832952, 50.4150829], [35.5833006, 50.415664], [35.5833837, 50.4162075], [35.5834749, 50.4167236], [35.5834401, 50.416992], [35.5834615, 50.417826], [35.5834052, 50.4182105], [35.5834427, 50.4183883], [35.5834293, 50.4191522], [35.5834427, 50.4196735], [35.5834857, 50.4200358], [35.5834696, 50.4202255], [35.583432, 50.4204152], [35.5834964, 50.4205057], [35.5835071, 50.4213209], [35.5835313, 50.4246242], [35.5835608, 50.4266234], [35.5835339, 50.427148], [35.5835098, 50.428491], [35.5835447, 50.4293659], [35.5835815, 50.4301029], [35.5874116, 50.4313266], [35.5872059, 50.4315316], [35.5870181, 50.431787], [35.5868733, 50.4319185], [35.5868411, 50.4321458], [35.5868974, 50.4328907], [35.5869672, 50.4332136], [35.5871013, 50.43334], [35.58723, 50.4336219], [35.5872112, 50.4339944], [35.5871978, 50.4347273], [35.5871335, 50.436311], [35.5871066, 50.4365348], [35.5870503, 50.436733], [35.5869752, 50.4371157], [35.5869538, 50.4375393], [35.5868974, 50.4385336], [35.5868492, 50.4402487], [35.5867747, 50.4416452], [35.5867042, 50.4421886], [35.5865031, 50.4431953], [35.5862529, 50.4438394], [35.5863127, 50.4441775], [35.586361, 50.444514], [35.5863959, 50.4451614], [35.5864125, 50.4454053], [35.5864543, 50.4469828], [35.5864838, 50.4480937], [35.5860914, 50.4485373], [35.5858308, 50.4487991], [35.5853651, 50.449195], [35.5845303, 50.4500478], [35.5838045, 50.4504811], [35.5813907, 50.4518164], [35.5803384, 50.4524022], [35.5798873, 50.452575], [35.5794655, 50.4526567], [35.5792425, 50.4527635], [35.5782074, 50.4545022], [35.5778339, 50.4549561], [35.5779971, 50.4551698], [35.578531, 50.4557034], [35.5747151, 50.4579439], [35.5733427, 50.4597019], [35.5725661, 50.4606968], [35.5692751, 50.4649123], [35.5617765, 50.4594961], [35.5616391, 50.4589794], [35.5617195, 50.4587437], [35.5618305, 50.4578263], [35.5618389, 50.4575493], [35.5617249, 50.4575604], [35.561682, 50.4575416], [35.561627, 50.4575117], [35.5615278, 50.4574955], [35.5614728, 50.4574596], [35.5614594, 50.457428], [35.5614486, 50.4573785], [35.5614178, 50.4573529], [35.5613574, 50.4573281], [35.5613279, 50.4572812], [35.5613145, 50.4572393], [35.5613333, 50.4571787], [35.5613843, 50.4571582], [35.5614607, 50.4571821], [35.5615573, 50.4571779], [35.5616391, 50.4571727], [35.5617008, 50.4571949], [35.5617759, 50.4572103], [35.5618121, 50.4572368], [35.5618832, 50.4572325], [35.5618925, 50.4570122], [35.5618925, 50.4568688], [35.561851, 50.4567544], [35.5618335, 50.4566126], [35.5618295, 50.4564854], [35.5618604, 50.4564094], [35.5619717, 50.4563966], [35.5620468, 50.4563582], [35.5621983, 50.4563445], [35.5624706, 50.4563672], [35.5627307, 50.4563812], [35.5628702, 50.4564214], [35.5631264, 50.4564982], [35.5638492, 50.4565802], [35.5643749, 50.4566092], [35.5647437, 50.4566425], [35.5654341, 50.4566991], [35.5659936, 50.456772], [35.5663973, 50.4568423], [35.5677366, 50.4570556], [35.5677893, 50.4580302], [35.5694278, 50.4578902], [35.5715322, 50.4576894], [35.5715216, 50.4576306], [35.5715217, 50.4574801], [35.5714895, 50.4574067], [35.5715297, 50.4573273], [35.571582, 50.4572846], [35.5715874, 50.4572334], [35.5716035, 50.4571266], [35.5716169, 50.4570447], [35.5716611, 50.4569747], [35.5717255, 50.4569345], [35.5717242, 50.4568688], [35.5716799, 50.4568235], [35.5716839, 50.4567766], [35.5717121, 50.4567433], [35.5716947, 50.4566869], [35.5717054, 50.4566476], [35.5716504, 50.456482], [35.571586, 50.4563573], [35.5715203, 50.4562165], [35.5714747, 50.4561447], [35.5714761, 50.4560824], [35.5713956, 50.4559996], [35.5713312, 50.4559791], [35.5712682, 50.4559296], [35.5712575, 50.4559031], [35.57124, 50.4558502], [35.571169, 50.4558049], [35.5711059, 50.4557545], [35.5710442, 50.4557024], [35.5710375, 50.4556708], [35.5708337, 50.4555001], [35.5707586, 50.4554565], [35.5706057, 50.4554343], [35.5704689, 50.4554437], [35.5702463, 50.4555095], [35.570088, 50.4555641], [35.5700304, 50.4555966], [35.569919, 50.4556333], [35.5698091, 50.4556444], [35.5697085, 50.455664], [35.5695502, 50.4556546], [35.569443, 50.455664], [35.5693692, 50.4556708], [35.5692954, 50.4556819], [35.569227, 50.4556563], [35.5691533, 50.4556341], [35.5690701, 50.4556418], [35.5689722, 50.4556452], [35.5689159, 50.4556538], [35.5688851, 50.4556273], [35.5687965, 50.4556025], [35.5687121, 50.4556034], [35.5686705, 50.4555931], [35.5686101, 50.4555727], [35.5685337, 50.4555325], [35.568417, 50.4554958], [35.5683191, 50.4554497], [35.568248, 50.4553899], [35.5682306, 50.4553583], [35.5681716, 50.4553404], [35.5681582, 50.4553114], [35.5681501, 50.4552772], [35.5681354, 50.4552243], [35.5681367, 50.4551705], [35.5681635, 50.4550842], [35.5682011, 50.4550569], [35.5682588, 50.4550347], [35.5683245, 50.4550159], [35.5683862, 50.4550262], [35.5685002, 50.4550416], [35.5685511, 50.455074], [35.5686383, 50.4550629], [35.5687201, 50.4550296], [35.5687885, 50.4550484], [35.5688435, 50.455103], [35.5689414, 50.4551056], [35.5690473, 50.4550868], [35.5691479, 50.4550527], [35.5692391, 50.4550347], [35.5693357, 50.4550373], [35.5694215, 50.4550048], [35.5694953, 50.4549724], [35.5695583, 50.4549818], [35.5695985, 50.4549741], [35.5696227, 50.4549374], [35.569624, 50.4549075], [35.5696066, 50.4548691], [35.5695677, 50.454823], [35.5695288, 50.4547845], [35.5695073, 50.4547564], [35.5694711, 50.4547171], [35.5694443, 50.4546701], [35.5694, 50.4546274], [35.5693263, 50.4546069], [35.5692391, 50.4545864], [35.5691519, 50.4545557], [35.5690111, 50.4545173], [35.5689293, 50.4544814], [35.5688274, 50.4544404], [35.5687255, 50.4544131], [35.5686396, 50.4543815], [35.5685659, 50.4543508], [35.5685136, 50.4542995], [35.5684412, 50.4542244], [35.5683754, 50.4541493], [35.5683218, 50.4540699], [35.5682789, 50.454022], [35.5682091, 50.4539956], [35.5681327, 50.4539785], [35.5680267, 50.4539495], [35.5680013, 50.4539588], [35.567961, 50.4539477], [35.5679087, 50.4539597], [35.5678658, 50.4539853], [35.5678202, 50.4539776], [35.5677947, 50.4539529], [35.5677719, 50.4539144], [35.5677424, 50.4538854], [35.5677411, 50.4538572], [35.5677532, 50.4538359], [35.5677196, 50.4538128], [35.5676781, 50.4538265], [35.5676566, 50.4538077], [35.5676566, 50.4537881], [35.5676565, 50.4537575], [35.567607, 50.4537095], [35.56756, 50.4536899], [35.5675091, 50.4536728], [35.5674487, 50.4536412], [35.5674233, 50.4536088], [35.5674541, 50.4535789], [35.5674434, 50.4535447], [35.5673951, 50.4535131], [35.5673575, 50.4534909], [35.5672958, 50.4534781], [35.5672529, 50.453467], [35.5672342, 50.453432], [35.5672033, 50.4534107], [35.5671497, 50.4534064], [35.5671282, 50.4533808], [35.5671228, 50.4533398], [35.5670933, 50.4532928], [35.5670209, 50.4532527], [35.5669311, 50.4532424], [35.5668855, 50.4532015], [35.5668747, 50.4531553], [35.5668265, 50.4531101], [35.5667514, 50.4530734], [35.5666655, 50.4530469], [35.5665459, 50.4529331], [35.5663705, 50.452783], [35.5663142, 50.4527241], [35.5662779, 50.4526686], [35.5662537, 50.4526502], [35.5662297, 50.4526319], [35.5661613, 50.4526191], [35.5661157, 50.4525901], [35.5660392, 50.4525474], [35.5660164, 50.4525175], [35.565999, 50.4524902], [35.5659413, 50.4524603], [35.5658877, 50.452456], [35.56583, 50.4523996], [35.5657831, 50.452374], [35.5657442, 50.4523757], [35.5657402, 50.4523416], [35.5656838, 50.4523313], [35.5656047, 50.4522878], [35.5655859, 50.4522536], [35.5655524, 50.4522169], [35.5654773, 50.4521956], [35.5653955, 50.4521751], [35.5653284, 50.4521221], [35.5652185, 50.4521016], [35.5651461, 50.4520922], [35.5650736, 50.4520564], [35.5649663, 50.4520623], [35.5648953, 50.4520726], [35.5648014, 50.4520512], [35.5646954, 50.4520444], [35.564615, 50.452047], [35.5645224, 50.452047], [35.5644259, 50.4520658], [35.5643441, 50.4520811], [35.5642609, 50.4520854], [35.5641761, 50.4520679], [35.5640671, 50.451989], [35.5640008, 50.4519163], [35.5639788, 50.4518613], [35.5639417, 50.4517541], [35.563931, 50.4517105], [35.5639377, 50.4516695], [35.5639927, 50.451614], [35.5640785, 50.451585], [35.5641215, 50.4515602], [35.5641925, 50.4515116], [35.5641818, 50.4514749], [35.564218, 50.4514023], [35.5642381, 50.4513596], [35.5642234, 50.4513143], [35.5642006, 50.4512597], [35.5641751, 50.4512383], [35.5641295, 50.4512221], [35.5640638, 50.4511674], [35.5639726, 50.4511324], [35.563872, 50.4511162], [35.5637446, 50.4511128], [35.5635528, 50.4511239], [35.5634683, 50.4511563], [35.5633812, 50.4511973], [35.56329, 50.4512921], [35.563243, 50.451322], [35.5632095, 50.4513536], [35.5631666, 50.4513604], [35.5631384, 50.4513468], [35.5630928, 50.4513655], [35.5630606, 50.4514373], [35.5630808, 50.4514663], [35.5630767, 50.4515099], [35.5630177, 50.4515756], [35.563007, 50.4516294], [35.5630057, 50.4516806], [35.5629319, 50.4517268], [35.5629024, 50.4518309], [35.5628031, 50.4519001], [35.5626878, 50.4519727], [35.5624853, 50.4520606], [35.5613874, 50.4523501], [35.5605493, 50.4525613], [35.5599721, 50.4528659], [35.5598058, 50.4530717], [35.5597535, 50.4531938], [35.5597575, 50.4532732], [35.5598038, 50.4533646], [35.5597857, 50.4534243], [35.5598205, 50.4534901], [35.5598742, 50.4535524], [35.5598862, 50.4536096], [35.5598406, 50.4536497], [35.5598272, 50.4537257], [35.5598071, 50.4537778], [35.5597079, 50.4538086], [35.5595899, 50.4538538], [35.5595469, 50.4539136], [35.5594946, 50.4539384], [35.5594464, 50.4539392], [35.5594061, 50.4539691], [35.559319, 50.454022], [35.5592278, 50.454057], [35.5591862, 50.4540681], [35.5591862, 50.4541066], [35.5591352, 50.4541416], [35.559091, 50.4541288], [35.5589703, 50.4541732], [35.5587329, 50.454297], [35.5586109, 50.4543328], [35.558529, 50.4543508], [35.5583936, 50.4543346], [35.5581737, 50.4543141], [35.558057, 50.4543072], [35.5579872, 50.4543081], [35.5579068, 50.4543448], [35.5577981, 50.4543636], [35.557707, 50.4543892], [35.5576067, 50.4544249], [35.5575715, 50.454431], [35.5575192, 50.4544251], [35.5574682, 50.4544481], [35.5574079, 50.4544413], [35.5573462, 50.4544242], [35.5572523, 50.4543866], [35.5571826, 50.4543627], [35.5571383, 50.4543149], [35.5571115, 50.4542509], [35.5571437, 50.4541809], [35.5571477, 50.4541245], [35.5571705, 50.4540681], [35.5572107, 50.4540075], [35.5572885, 50.4538965], [35.5573019, 50.4537889], [35.5572617, 50.4537274], [35.5572148, 50.453689], [35.557133, 50.453654], [35.5570833, 50.4536489], [35.5570243, 50.4536591], [35.5569774, 50.4537172], [35.556858, 50.4537317], [35.5567601, 50.4537445], [35.5566555, 50.4537309], [35.5565415, 50.4537462], [35.5564919, 50.453771], [35.5564128, 50.4537787], [35.5562934, 50.4537983], [35.5562197, 50.4538513], [35.5561607, 50.4538922], [35.5561365, 50.4539264], [35.5561151, 50.4539691], [35.5561486, 50.4540152], [35.5561647, 50.4540511], [35.5561459, 50.4540963], [35.5561312, 50.454145], [35.5561432, 50.454192], [35.5561768, 50.4542261], [35.5562384, 50.4542671], [35.5562974, 50.4543192], [35.5563162, 50.454437], [35.5563068, 50.454472], [35.5562425, 50.4545096], [35.5561808, 50.4546121], [35.5561955, 50.4546659], [35.5562358, 50.4547214], [35.5561472, 50.4548093], [35.5560467, 50.4548503], [35.5559635, 50.4548742], [35.5558495, 50.4548733], [35.5557275, 50.4548631], [35.5556457, 50.4548196], [35.5555974, 50.4547683], [35.5555169, 50.4547017], [35.555474, 50.4546206], [35.5554686, 50.4545549], [35.5555008, 50.4545002], [35.5555022, 50.4543892], [35.5555236, 50.4542671], [35.5555263, 50.454133], [35.5555075, 50.4540613], [35.5554571, 50.4539621], [35.555419, 50.4539221], [35.5553466, 50.4538897], [35.5552313, 50.4538496], [35.5551119, 50.4538274], [35.5550542, 50.4538325], [35.5549926, 50.4538777], [35.5549094, 50.4538683], [35.5548383, 50.4539127], [35.5548222, 50.4539717], [35.55479, 50.4540024], [35.5546814, 50.454022], [35.5546398, 50.4540707], [35.5546546, 50.4541168], [35.5545768, 50.4541766], [35.5545111, 50.4542022], [35.5543689, 50.4542372], [35.5542643, 50.4542671], [35.5541839, 50.454285], [35.5541383, 50.4543064], [35.554157, 50.4543388], [35.5542268, 50.4543696], [35.5542724, 50.454414], [35.5542992, 50.4544532], [35.554322, 50.4545053], [35.5543019, 50.4545608], [35.5542348, 50.454589], [35.5541866, 50.4546172], [35.5541557, 50.4546838], [35.5540685, 50.4548025], [35.5540176, 50.4548546], [35.5539975, 50.4549195], [35.5539384, 50.4549596], [35.5538875, 50.4549997], [35.5538674, 50.4550697], [35.5538902, 50.4551508], [35.5539277, 50.455232], [35.5539827, 50.4552986], [35.5540726, 50.4553293], [35.5541839, 50.4553515], [35.5542697, 50.4553669], [35.5543944, 50.4553951], [35.5545004, 50.4554224], [35.5545942, 50.4554531], [35.5546479, 50.4554617], [35.5547471, 50.4554821], [35.5548035, 50.45553], [35.5548611, 50.4555906], [35.5549134, 50.4556341], [35.554955, 50.4556948], [35.5550382, 50.4557281], [35.5550301, 50.4557665], [35.5549952, 50.4558194], [35.5549523, 50.4558766], [35.5548879, 50.4559304], [35.5547927, 50.4559851], [35.5547404, 50.4560209], [35.5546358, 50.4560534], [35.5544655, 50.4561072], [35.5541664, 50.4561695], [35.554035, 50.456178], [35.5538955, 50.45619], [35.5538177, 50.4562233], [35.553752, 50.4562685], [35.5536796, 50.4563403], [35.5536863, 50.4564103], [35.5537105, 50.4564504], [35.5537574, 50.4564828], [35.5538151, 50.4564948], [35.553858, 50.4565238], [35.5539224, 50.4565827], [35.5540283, 50.4566528], [35.5541354, 50.4567141], [35.5542335, 50.456768], [35.5542965, 50.4568056], [35.5543166, 50.4568654], [35.5543032, 50.45692], [35.5542818, 50.4569832], [35.554263, 50.4570276], [35.5542563, 50.4570891], [35.5542107, 50.4571488], [35.5541383, 50.4571924], [35.5540694, 50.4572139], [35.5540363, 50.4572615], [35.5539747, 50.4572889], [35.5538835, 50.4573042], [35.5537789, 50.4573461], [35.5536823, 50.4573888], [35.5536474, 50.4574374], [35.5536246, 50.4575091], [35.5535549, 50.4575774], [35.5534758, 50.4576142], [35.5533832, 50.4576884], [35.5532558, 50.4577533], [35.5531157, 50.4579237], [35.552997, 50.4580889], [35.552875, 50.4582451], [35.5528025, 50.4583032], [35.5527449, 50.4583331], [35.552647, 50.4583467], [35.5525316, 50.4583425], [35.5524364, 50.4583262], [35.5523881, 50.4583527], [35.5523291, 50.4583442], [35.5522782, 50.4583186], [35.5522379, 50.4583023], [35.5521776, 50.4582938], [35.5521025, 50.45831], [35.5520193, 50.4583245], [35.5519496, 50.4583177], [35.5518195, 50.458287], [35.551731, 50.4582315], [35.5516693, 50.4581854], [35.5515218, 50.4580761], [35.5513649, 50.4579292], [35.5512495, 50.4578327], [35.5512214, 50.4577764], [35.5511511, 50.4577075], [35.5508633, 50.4576022], [35.5507265, 50.4575766], [35.5506085, 50.4575732], [35.5504754, 50.4575833], [35.5503751, 50.4576014], [35.5503309, 50.4576218], [35.5502786, 50.4576586], [35.5502075, 50.4577525], [35.5501954, 50.4578336], [35.5502021, 50.4579514], [35.5501954, 50.4580248], [35.5502008, 50.4580803], [35.5502424, 50.4581913], [35.5502155, 50.4582383], [35.5501311, 50.4582767], [35.5500171, 50.4582716], [35.5499098, 50.4582613], [35.5498065, 50.4582221], [35.5496858, 50.4581555], [35.549549, 50.4580684], [35.5494417, 50.4579437], [35.5494082, 50.4578481], [35.5493948, 50.4577764], [35.5494015, 50.4576065], [35.5494136, 50.4574622], [35.5494176, 50.4572948], [35.5494162, 50.4571966], [35.5493961, 50.4571147], [35.5493787, 50.4569593], [35.5492862, 50.4569243], [35.5491856, 50.4569046], [35.5490997, 50.456897], [35.5490005, 50.4569063], [35.5488168, 50.456967], [35.5486719, 50.4570319], [35.5485834, 50.4571164], [35.5485, 50.45729], [35.5484158, 50.457399], [35.548275, 50.45751], [35.5481797, 50.4575339], [35.5480295, 50.4575903], [35.5479464, 50.4576039], [35.5479223, 50.457627], [35.5479343, 50.4576765], [35.5478834, 50.4577166], [35.5475481, 50.4577491], [35.5474475, 50.4577269], [35.5473858, 50.4577175], [35.5473134, 50.4576816], [35.5472517, 50.4576287], [35.5472182, 50.4575578], [35.5471806, 50.4574733], [35.5471545, 50.4573725], [35.547137, 50.4573354], [35.5471028, 50.4573132], [35.5470291, 50.4572889], [35.5469332, 50.4572709], [35.5468111, 50.4572654], [35.5467253, 50.4572696], [35.5465242, 50.4572978], [35.5372765, 50.4596302], [35.5384503, 50.4612483], [35.5352918, 50.4636437], [35.5326658, 50.4656351], [35.5244123, 50.4683923], [35.5076408, 50.4770336], [35.5073552, 50.4773033], [35.5071044, 50.4774893], [35.5068241, 50.4777769], [35.5066927, 50.4778768], [35.5063051, 50.4782096], [35.5059148, 50.4785655], [35.5057579, 50.4787208], [35.5055018, 50.479005], [35.5053489, 50.479209], [35.5052496, 50.4793071], [35.5051987, 50.4793447], [35.5050673, 50.479506], [35.5049224, 50.4797296], [35.5046636, 50.4799549], [35.5043954, 50.4801648], [35.5041808, 50.4803022], [35.5040681, 50.4803568], [35.5038334, 50.4805275], [35.5035827, 50.4807059], [35.50347, 50.4808202], [35.5034204, 50.4808893], [35.5033171, 50.481002], [35.5032675, 50.4810378], [35.502837, 50.4812162], [35.5024521, 50.4813476], [35.5017655, 50.4815755], [35.5016153, 50.4816531], [35.5013725, 50.4817257], [35.5009916, 50.4818247], [35.5008213, 50.4818972], [35.5006671, 50.4819245], [35.500415, 50.4819731], [35.4997833, 50.4821344], [35.4988807, 50.4824271], [35.4979473, 50.4827292], [35.4972553, 50.4829613], [35.4966773, 50.4831755], [35.4960255, 50.4834], [35.4955535, 50.4835868], [35.4951203, 50.4837055], [35.4946831, 50.4838232], [35.4942861, 50.4839819], [35.4937094, 50.4842379], [35.4931623, 50.4844547], [35.4924408, 50.4847585], [35.4920237, 50.4849658], [35.4917434, 50.4850657], [35.4913692, 50.4851715], [35.4910527, 50.4852432], [35.4906853, 50.4853148], [35.4899986, 50.4855393], [35.4894152, 50.4857415], [35.4890129, 50.4858558], [35.4887433, 50.4858968], [35.4883665, 50.4859207], [35.488003, 50.4859181], [35.4878367, 50.4859369], [35.4877053, 50.4859642], [35.4873754, 50.4859633], [35.4868671, 50.4859173], [35.4855689, 50.486169], [35.4846315, 50.4863533], [35.484205, 50.4864565], [35.4835345, 50.4866665], [35.4830798, 50.486797], [35.4827526, 50.486867], [35.4823101, 50.4869515], [35.4817548, 50.4870274], [35.4809783, 50.4871486], [35.4804285, 50.4872561], [35.4797687, 50.4873892], [35.4794039, 50.4874805], [35.4789466, 50.4875658], [35.4787052, 50.487623], [35.4784611, 50.4876895], [35.4781634, 50.4878167], [35.477867, 50.4879788], [35.4774727, 50.4881887], [35.4769617, 50.4885138], [35.4768182, 50.4886298], [35.4766855, 50.4886921], [35.4764682, 50.4888833], [35.4762483, 50.4890676], [35.476082, 50.4892519], [35.4760122, 50.4893918], [35.4759774, 50.4894481], [35.4759157, 50.4895181], [35.4754423, 50.4900675], [35.4674224, 50.4994852], [35.4629982, 50.5046798], [35.4629197, 50.5047118], [35.4628466, 50.5047369], [35.4627849, 50.5047591], [35.4626991, 50.5047608], [35.4625851, 50.5047425], [35.462274, 50.5046904], [35.4620808, 50.5046393], [35.461944, 50.5046196], [35.4618113, 50.5046162], [35.4617563, 50.5046179], [35.4617, 50.5046427], [35.4616718, 50.5046913], [35.4616423, 50.5047263], [35.4616195, 50.5047928], [35.4616544, 50.5048124], [35.4617, 50.5048295], [35.4617308, 50.5048474], [35.4617415, 50.5048772], [35.4617389, 50.5049139], [35.4617147, 50.5049497], [35.4616879, 50.5049822], [35.461645, 50.5050026], [35.4616128, 50.5050103], [35.4615109, 50.5050094], [35.4614586, 50.5050001], [35.4614317, 50.5049847], [35.4613875, 50.5049634], [35.4613258, 50.5049719], [35.4612762, 50.5049638], [35.4611541, 50.5049442], [35.4610334, 50.5049519], [35.4609241, 50.5049442], [35.4607739, 50.5049118], [35.4606586, 50.5048747], [35.4605573, 50.5048192], [35.4604293, 50.5047681], [35.4603649, 50.5047327], [35.4602844, 50.5046593], [35.4601704, 50.5045928], [35.4600893, 50.504525], [35.4600826, 50.5045002], [35.4600504, 50.5044734], [35.4600075, 50.5044755], [35.4599011, 50.5044216], [35.4570944, 50.5068803], [35.4572234, 50.5070505], [35.4572904, 50.5071478], [35.4573494, 50.5072092], [35.4576498, 50.507361], [35.4580468, 50.5075401], [35.4587105, 50.507753], [35.4590067, 50.5079166], [35.4592907, 50.5082678], [35.459401, 50.5086901], [35.4594095, 50.509155], [35.4594898, 50.5095188], [35.4594952, 50.5096587], [35.4592887, 50.5098821], [35.4591572, 50.5099231], [35.4581516, 50.5103004], [35.4575815, 50.5108502], [35.4576181, 50.5114796], [35.4577102, 50.5126036], [35.4579073, 50.513024], [35.4570232, 50.5137526], [35.4454362, 50.5230813], [35.4445982, 50.5292924], [35.4444909, 50.5293201], [35.4443783, 50.5293287], [35.4440913, 50.5293593], [35.4437023, 50.5293952], [35.4431498, 50.5294003], [35.4426482, 50.5294224], [35.4416987, 50.5294054], [35.4398697, 50.5293985], [35.4382267, 50.5297213], [35.4365388, 50.5299467], [35.4365207, 50.5301053], [35.4364939, 50.530182], [35.4364564, 50.5302485], [35.4362324, 50.5305963], [35.4360138, 50.5308632], [35.4359052, 50.5310149], [35.4356423, 50.5312451], [35.4354358, 50.5315469], [35.4351863, 50.5319134], [35.4351649, 50.532118], [35.4350683, 50.5323533], [35.4348752, 50.5325511], [35.4352285, 50.5337051], [35.435446, 50.5340762], [35.4354945, 50.5344174], [35.4354185, 50.5349609], [35.4350289, 50.535426], [35.434954, 50.5358145], [35.435102, 50.5362636], [35.4355964, 50.5369286], [35.4361311, 50.5374007], [35.4367391, 50.5381978], [35.4371192, 50.5390553], [35.4373662, 50.5392787], [35.4381332, 50.5396937], [35.4389932, 50.5402659], [35.4391275, 50.5404794], [35.4394903, 50.5415724], [35.4393825, 50.5420167], [35.4393139, 50.5422481], [35.4386353, 50.5431276], [35.4374274, 50.5440576], [35.435975, 50.5449115], [35.435275, 50.5451438], [35.4338581, 50.5459638], [35.4329459, 50.5460913], [35.4309022, 50.5469315], [35.4306938, 50.5469307], [35.4304385, 50.5468112], [35.4298809, 50.5471015], [35.4287571, 50.5472116], [35.4273997, 50.547295], [35.4262798, 50.547443], [35.4258968, 50.547601], [35.4257087, 50.5478827], [35.4238813, 50.5487963], [35.4231387, 50.5490415], [35.422057, 50.5492891], [35.4209283, 50.5496179], [35.4195534, 50.5499119], [35.4187784, 50.5501301], [35.4171392, 50.5508694], [35.4170296, 50.5508313], [35.4152154, 50.550511], [35.4129736, 50.5503334], [35.412099, 50.5504724], [35.411366, 50.5503585], [35.4111149, 50.5508132], [35.4108928, 50.5513118], [35.4109939, 50.551906], [35.4104907, 50.5525659], [35.4102222, 50.5531044], [35.4098249, 50.5531568], [35.4093076, 50.5529604], [35.4088189, 50.5529102], [35.4076549, 50.5530159], [35.407011, 50.5531304], [35.4061397, 50.5533675], [35.4057608, 50.5533859], [35.4046987, 50.5531184], [35.4038334, 50.5531217], [35.4036706, 50.5530293], [35.4035876, 50.551636], [35.4033886, 50.5513041], [35.4033331, 50.5506215], [35.4032341, 50.5504973], [35.4004434, 50.5494978], [35.399953, 50.5492224], [35.3982901, 50.5485872], [35.397429, 50.5476631], [35.3973617, 50.5461495], [35.3974139, 50.544878], [35.3976385, 50.5443738], [35.397867, 50.5437693], [35.3979039, 50.5434475], [35.396846, 50.5433755], [35.3957883, 50.5432117], [35.3947094, 50.543211], [35.393673, 50.5433883], [35.3933343, 50.5433536], [35.3910204, 50.5424908], [35.3908668, 50.5423055], [35.390562, 50.5417835], [35.3905684, 50.5415511], [35.3911812, 50.539623], [35.3913389, 50.5388704], [35.3915085, 50.5379415], [35.3857938, 50.5385559], [35.3850977, 50.5385121], [35.3817462, 50.5391658], [35.3799504, 50.5393771], [35.3785252, 50.5397938], [35.3761672, 50.5402776], [35.3756843, 50.5402889], [35.3720312, 50.5407579], [35.3662305, 50.5414543], [35.3596304, 50.5423393], [35.3586619, 50.5424628], [35.3558026, 50.5426859], [35.3507814, 50.5431278], [35.3489571, 50.5433569], [35.3430924, 50.5429657], [35.3383992, 50.5423232], [35.3380921, 50.5422358], [35.3369156, 50.5423598], [35.3362295, 50.5425213], [35.3355152, 50.5427932], [35.335279, 50.5434371], [35.3342367, 50.5447369], [35.3327831, 50.5448274], [35.3310123, 50.5436194], [35.3299601, 50.5432359], [35.3290867, 50.5429035], [35.3275343, 50.5420575], [35.3260403, 50.5409739], [35.3250487, 50.5397438], [35.3225217, 50.5407716], [35.3217801, 50.5406775], [35.3186251, 50.538619], [35.3169357, 50.5374932], [35.3180719, 50.5351439], [35.319846, 50.5315415], [35.3207438, 50.5291511], [35.3217828, 50.5286417], [35.3161039, 50.5275612], [35.3154387, 50.5279961], [35.314861, 50.5282374], [35.3139697, 50.5287551], [35.3134415, 50.5291363], [35.3127728, 50.5296788], [35.3135689, 50.5301671], [35.3140573, 50.5307947], [35.3145529, 50.5312068], [35.3137998, 50.5314968], [35.3124346, 50.5317104], [35.3112728, 50.5315947], [35.3098502, 50.532152], [35.3095516, 50.5325428], [35.309628, 50.5328181], [35.3101025, 50.5331279], [35.3112467, 50.5334208], [35.3117426, 50.5336018], [35.3118299, 50.533882], [35.3106259, 50.5354663], [35.3095901, 50.5366624], [35.3090344, 50.5381241], [35.3087373, 50.5379563], [35.308317, 50.5376829], [35.3072473, 50.5376578], [35.3069906, 50.5381592], [35.3063016, 50.5380262], [35.3045132, 50.5385993], [35.302534, 50.5392285], [35.3022493, 50.5397944], [35.3039579, 50.5402374], [35.3039097, 50.5409269], [35.3033218, 50.5411087], [35.3036389, 50.5432241], [35.3038887, 50.5443879], [35.3024698, 50.545023], [35.3027789, 50.5453034], [35.3022544, 50.5457046], [35.2991982, 50.5462903], [35.2981098, 50.5480823], [35.2976431, 50.5489394], [35.2944882, 50.5497299], [35.2939846, 50.5495142], [35.294163, 50.5485244], [35.294531, 50.546345], [35.2956774, 50.54525], [35.2968101, 50.5437912], [35.2986679, 50.5414966], [35.299303, 50.540295], [35.2991555, 50.5391796], [35.2985448, 50.5388081], [35.2972273, 50.5370159], [35.2962947, 50.5356882], [35.2954484, 50.5342865], [35.2942022, 50.532826], [35.2949942, 50.5322393], [35.2956167, 50.5319623], [35.2956206, 50.531424], [35.2965328, 50.5307883], [35.2967103, 50.530092], [35.296026, 50.5292029], [35.2951238, 50.5285606], [35.2948935, 50.5274231], [35.2932705, 50.5268119], [35.2915821, 50.5266465], [35.2896567, 50.5269022], [35.2887929, 50.5273255], [35.287413, 50.5271695], [35.2869898, 50.5269162], [35.2857393, 50.5267728], [35.2844611, 50.5266609], [35.283343, 50.5268383], [35.2824609, 50.5273685], [35.2810418, 50.5274118], [35.2802076, 50.5271636], [35.2799596, 50.5263357], [35.2801229, 50.5253378], [35.2799171, 50.5247467], [35.2792009, 50.5240846], [35.2789219, 50.5233641], [35.2782505, 50.5223528], [35.2781843, 50.5218815], [35.2781812, 50.5213059], [35.2778505, 50.5210165], [35.27658, 50.5203384], [35.2765017, 50.5195485], [35.2758864, 50.5191161], [35.2744934, 50.5189835], [35.2729369, 50.5193855], [35.267565, 50.5191607], [35.2631386, 50.5183122], [35.2617122, 50.5227113], [35.2697434, 50.5235819], [35.2694766, 50.5250516], [35.2691656, 50.5261554], [35.2740512, 50.5267613], [35.2734952, 50.5278406], [35.2726437, 50.5295236], [35.2720946, 50.530558], [35.2710048, 50.5326901], [35.2695179, 50.535562], [35.2691234, 50.536321], [35.2681541, 50.5362382], [35.2675043, 50.5361773], [35.2633239, 50.5330429], [35.2616308, 50.531792], [35.2606118, 50.5310272], [35.2601468, 50.5313657], [35.2590803, 50.5321334], [35.2587526, 50.5332527], [35.2581928, 50.5337509], [35.2590489, 50.5337838], [35.2591361, 50.5345072], [35.2585875, 50.5353801], [35.2580632, 50.5352729], [35.2577044, 50.5353999], [35.2572142, 50.5358376], [35.2574631, 50.5362159], [35.2586459, 50.5367352], [35.2582685, 50.5370467], [35.2574126, 50.537022], [35.2571675, 50.537341], [35.2574748, 50.5376402], [35.2567329, 50.5381631], [35.2556926, 50.5381555], [35.255399, 50.5385219], [35.2558402, 50.5389455], [35.2540011, 50.5401818], [35.251493, 50.5401471], [35.2489389, 50.5407857], [35.246831, 50.5413134], [35.2493797, 50.5423758], [35.252359, 50.5417365], [35.2542558, 50.5418838], [35.256227, 50.5423156], [35.2595508, 50.5420049], [35.2617012, 50.5428811], [35.2636279, 50.5436597], [35.2657815, 50.5431677], [35.2677024, 50.5425341], [35.2691292, 50.5423135], [35.2692332, 50.5421279], [35.2685663, 50.5413158], [35.2704406, 50.5403714], [35.2713534, 50.5409511], [35.2730509, 50.5420583], [35.2727389, 50.5434426], [35.2710146, 50.544113], [35.2720569, 50.5449868], [35.2707214, 50.5459156], [35.2705115, 50.5465939], [35.2715412, 50.5470486], [35.2726748, 50.547344], [35.2712086, 50.54863], [35.2717889, 50.5488723], [35.2710329, 50.5506764], [35.2698955, 50.5529285], [35.2717177, 50.55522], [35.2714177, 50.5561308], [35.2709602, 50.5564312], [35.2719012, 50.5576768], [35.2725926, 50.5585935], [35.2738632, 50.5598146], [35.2752457, 50.5611721], [35.2738758, 50.5612011], [35.2733438, 50.5618503], [35.2740267, 50.5622341], [35.2755816, 50.5625405], [35.2779608, 50.5622392], [35.2791718, 50.5631581], [35.2781108, 50.5650026], [35.2766084, 50.5652306], [35.2756679, 50.5657386], [35.274053, 50.5666298], [35.2716466, 50.5665389], [35.2689671, 50.5665221], [35.2692562, 50.5668608], [35.2722113, 50.5668642], [35.2739313, 50.5670356], [35.2758748, 50.5666492], [35.2743799, 50.5676934], [35.2738819, 50.5685336], [35.273415, 50.5682371], [35.273023, 50.568105], [35.2710742, 50.5678837], [35.2683889, 50.5679351], [35.2682054, 50.5680669], [35.2684146, 50.5689389], [35.2684201, 50.5691853], [35.2677722, 50.5694851], [35.2672281, 50.570214], [35.2670778, 50.5709448], [35.2673023, 50.5722691], [35.2663019, 50.5744208], [35.2678829, 50.5751311], [35.2695323, 50.5759688], [35.2698029, 50.5761277], [35.2710298, 50.5765634], [35.2721198, 50.5771897], [35.2732849, 50.5781734], [35.2732811, 50.5782846], [35.2729463, 50.578771], [35.2735297, 50.5794224], [35.27339, 50.5795865], [35.2728775, 50.5796975], [35.2718231, 50.5798895], [35.2713114, 50.5800956], [35.2711298, 50.5802668], [35.2712214, 50.5803033], [35.2709648, 50.5805673], [35.2707563, 50.5808713], [35.2706175, 50.5809001], [35.2697369, 50.5808219], [35.268741, 50.5809948], [35.2683753, 50.5811431], [35.2680874, 50.5813456], [35.2679784, 50.5815877], [35.2676438, 50.5818842], [35.2669129, 50.582081], [35.2665855, 50.5822791], [35.266985, 50.5827989], [35.2627381, 50.5843013], [35.2590679, 50.5852015], [35.2558636, 50.5849317], [35.2522171, 50.5856237], [35.2489779, 50.5861873], [35.2446801, 50.5867059], [35.2438712, 50.586746], [35.2452265, 50.5860327], [35.2451175, 50.5848322], [35.244668, 50.5835382], [35.2441186, 50.5823315], [35.2434315, 50.5815847], [35.2426358, 50.5800625], [35.2407453, 50.5787543], [35.2369188, 50.5765771], [35.2356497, 50.5754409], [35.235124, 50.5747402], [35.2325519, 50.5727455], [35.2292828, 50.573947], [35.2272909, 50.5745202], [35.2253402, 50.5752002], [35.2239235, 50.5753046], [35.2216497, 50.5756321], [35.2182697, 50.5762144], [35.2122542, 50.5766445], [35.2092191, 50.5767679], [35.2036761, 50.5765488], [35.2007185, 50.5765947], [35.2000493, 50.5767874], [35.1990455, 50.5769455], [35.1981099, 50.5770304], [35.1972014, 50.5769208], [35.1967126, 50.5767973], [35.1958467, 50.5756228], [35.1917943, 50.5757111], [35.1907614, 50.5748172], [35.1876121, 50.57309], [35.1869285, 50.5722229], [35.1882193, 50.5708254], [35.1851442, 50.5710317], [35.1838445, 50.5717551], [35.1822573, 50.5720765], [35.1815547, 50.5721971], [35.1806452, 50.5721215], [35.1777706, 50.5735911], [35.1759665, 50.5742711], [35.1732275, 50.5747456], [35.1674468, 50.5771003], [35.1628745, 50.5791332], [35.1579194, 50.5812095], [35.1615748, 50.5850135], [35.1628935, 50.5869933], [35.1636866, 50.5881493], [35.1593129, 50.5892646], [35.1547622, 50.5904955], [35.1514866, 50.5913726], [35.1517967, 50.5925269], [35.1535021, 50.5941534], [35.1537365, 50.5953557], [35.157299, 50.5955814], [35.1576926, 50.5944799], [35.1651212, 50.5936004], [35.169756, 50.5922376], [35.1734974, 50.5919688], [35.1773489, 50.5908917], [35.1828854, 50.5905042], [35.1874453, 50.5900553], [35.1888463, 50.5907523], [35.1865967, 50.5912568], [35.183189, 50.591447], [35.1813026, 50.5918597], [35.1770996, 50.5928261], [35.1759546, 50.5930057], [35.1744189, 50.5934504], [35.1736174, 50.5943098], [35.1725128, 50.5947032], [35.1702662, 50.595664], [35.1681836, 50.5963088], [35.1682203, 50.5969798], [35.1693875, 50.59782], [35.1695557, 50.5986233], [35.1694111, 50.5994769], [35.1689415, 50.6008246], [35.1688531, 50.6019311], [35.167341, 50.6044846], [35.1660171, 50.6068927], [35.1699861, 50.608803], [35.1695569, 50.609655], [35.1721771, 50.6107499], [35.1750983, 50.6122268], [35.1791063, 50.6139911], [35.1775239, 50.6157736], [35.1719533, 50.6183353], [35.1701864, 50.6192962], [35.1701683, 50.6205023], [35.1696971, 50.6244907], [35.1712016, 50.624392], [35.1735399, 50.6229795], [35.174999, 50.6249941], [35.1767636, 50.6277416], [35.1771726, 50.6284762], [35.1780378, 50.6320403], [35.174036, 50.6322631], [35.1736901, 50.6324607], [35.1744803, 50.634067], [35.1745608, 50.6346403], [35.1748135, 50.6350307], [35.1754841, 50.6352142], [35.1766608, 50.6355551], [35.1778254, 50.6358794], [35.1807268, 50.6361719], [35.1844919, 50.6368293], [35.1887733, 50.637378], [35.1897858, 50.6390288], [35.1901989, 50.643616], [35.1902414, 50.6478747], [35.1904351, 50.6477752], [35.1906102, 50.6477752], [35.1908055, 50.6478649], [35.191277, 50.6482621], [35.1915262, 50.6483304], [35.1919371, 50.6482706], [35.1923277, 50.6481766], [35.1939326, 50.6477517], [35.1956903, 50.6475299], [35.1975646, 50.6477473], [35.1996142, 50.6477744], [35.2007816, 50.6476609], [35.2007903, 50.6478123], [35.2004056, 50.6484137], [35.2001227, 50.648717], [35.199961, 50.6491398], [35.1994403, 50.6492874], [35.1976103, 50.6501605], [35.1938982, 50.6517313], [35.1882008, 50.6560005], [35.1874977, 50.6583361], [35.1871737, 50.6588671], [35.1868139, 50.6591077], [35.1854147, 50.6601371], [35.1828857, 50.6619667], [35.1814975, 50.6629006], [35.180571, 50.6637811], [35.1805139, 50.6640468], [35.1806663, 50.6642581], [35.1809806, 50.6643728], [35.1818284, 50.6639079], [35.1827047, 50.663443], [35.1853242, 50.662489], [35.1878865, 50.6626218], [35.1883657, 50.6631389], [35.1890306, 50.6639155], [35.1897332, 50.6645196], [35.1904009, 50.6642565], [35.1911408, 50.6640717], [35.1924825, 50.6642158], [35.1935318, 50.6645675], [35.1942331, 50.6649681], [35.1948548, 50.6659434], [35.1898427, 50.6670434], [35.1883031, 50.6675646], [35.1876409, 50.667888], [35.1872056, 50.6676142], [35.1871465, 50.6668323], [35.1868003, 50.6666634], [35.1851017, 50.666784], [35.1846572, 50.6667669], [35.1844686, 50.6666004], [35.1838961, 50.6665961], [35.1824412, 50.6667029], [35.1817141, 50.6657357], [35.1800948, 50.6661976], [35.1808988, 50.6672835], [35.1812118, 50.6682211], [35.1803785, 50.6688512], [35.1820773, 50.6729597], [35.1826652, 50.6749553], [35.1818612, 50.6750928], [35.1776434, 50.6733288], [35.1741254, 50.6740411], [35.1726738, 50.674284], [35.1696066, 50.6746536], [35.1692357, 50.674808], [35.1670348, 50.6797961], [35.1662539, 50.6821024], [35.1652625, 50.6844158], [35.1638154, 50.6851032], [35.1631819, 50.6852377], [35.1620971, 50.6853886], [35.160842, 50.6855659], [35.160386, 50.6856712], [35.1593989, 50.6859907], [35.1581759, 50.6860009], [35.157618, 50.6861708], [35.1568669, 50.6866738], [35.1563734, 50.6868574], [35.1538521, 50.687238], [35.1535857, 50.687195], [35.1526988, 50.6857392], [35.1528275, 50.6843219], [35.1521892, 50.6840194], [35.1515562, 50.6834144], [35.1499683, 50.6817081], [35.1500434, 50.6805082], [35.1498449, 50.6793763], [35.1497608, 50.6790562], [35.1477152, 50.6781526], [35.1450277, 50.6783395], [35.1437348, 50.6781492], [35.1389873, 50.6773401], [35.1373673, 50.6771226], [35.133403, 50.6771124], [35.1299835, 50.6774117], [35.129723, 50.6761265], [35.1294895, 50.6754668], [35.1292563, 50.672659], [35.1286125, 50.672863], [35.1280493, 50.6731417], [35.1276791, 50.6734375], [35.1272714, 50.6736585], [35.1265365, 50.6736789], [35.1256621, 50.6736653], [35.1233661, 50.6730295], [35.1218212, 50.6730295], [35.1195631, 50.6731028], [35.1201529, 50.6717105], [35.1208436, 50.6706758], [35.1153996, 50.668376], [35.1125356, 50.669061], [35.112074, 50.6692184], [35.1066453, 50.6705375], [35.0990171, 50.6731009], [35.0910978, 50.6756303], [35.0913809, 50.6800125], [35.0781763, 50.6809467], [35.0771673, 50.6809568], [35.0776076, 50.6797638], [35.0776076, 50.6787848], [35.076878, 50.6776427], [35.0736809, 50.6755486], [35.0713849, 50.6739169], [35.070548, 50.6730058], [35.0694537, 50.6702519], [35.0681019, 50.6707483], [35.0678337, 50.6710951], [35.0670719, 50.6714827], [35.0650442, 50.6715371], [35.060817, 50.6729921], [35.0600982, 50.6734817], [35.0601196, 50.6737333], [35.0604522, 50.6740256], [35.0610959, 50.6748143], [35.0612569, 50.6755418], [35.0611925, 50.6759362], [35.0594866, 50.6764529], [35.0598943, 50.6770716], [35.0606561, 50.6769152], [35.0607312, 50.6773095], [35.0606668, 50.6776767], [35.0602269, 50.6779078], [35.0604737, 50.6783769], [35.0609994, 50.6784313], [35.0607526, 50.679084], [35.0616217, 50.6790364], [35.0622914, 50.6792206], [35.0595458, 50.6805689], [35.0567898, 50.6819006], [35.054424, 50.6830325], [35.0514481, 50.6844307], [35.0508714, 50.6850952], [35.050671, 50.6851974], [35.0515495, 50.6869807], [35.0509536, 50.6872758], [35.0504745, 50.6872551], [35.04879, 50.6870545], [35.0484682, 50.6870376], [35.048072, 50.6869678], [35.0429454, 50.6889632], [35.0417036, 50.6867351], [35.041017, 50.6860995], [35.040558, 50.6854443], [35.0404859, 50.6850663], [35.0407659, 50.6847499], [35.0415608, 50.6841919], [35.0430323, 50.6829076], [35.0409687, 50.6819937], [35.0406844, 50.6814396], [35.0399609, 50.6810139], [35.0357169, 50.6793322], [35.031935, 50.6778059], [35.0311196, 50.6777175], [35.0303319, 50.6777089], [35.0297893, 50.6776087], [35.0290704, 50.6775917], [35.0285125, 50.6777175], [35.0282604, 50.6780132], [35.0277967, 50.6782288], [35.027667, 50.6787082], [35.0273984, 50.678775], [35.0268925, 50.6783872], [35.0264043, 50.6773504], [35.0259644, 50.6767419], [35.0255083, 50.6777695], [35.0249103, 50.6775169], [35.0244597, 50.6778399], [35.0246528, 50.6783838], [35.02417, 50.6790738], [35.0232136, 50.6795054], [35.0214234, 50.680804], [35.0213108, 50.6811915], [35.0212893, 50.6815756], [35.0223454, 50.6822679], [35.0220779, 50.682354], [35.0216809, 50.6824389], [35.0213644, 50.6826395], [35.0207529, 50.6832105], [35.0214824, 50.6837747], [35.022448, 50.6841282], [35.0234405, 50.6843763], [35.0236196, 50.6847357], [35.0228396, 50.6874318], [35.0228623, 50.6878737], [35.0233385, 50.6888898], [35.0240681, 50.6897462], [35.0240466, 50.6901472], [35.0239477, 50.6904795], [35.0236225, 50.6913948], [35.0231039, 50.6927779], [35.0223944, 50.6939465], [35.0210318, 50.6951087], [35.0203356, 50.6956516], [35.0221852, 50.6964713], [35.0226787, 50.6967839], [35.0237135, 50.6981719], [35.0255379, 50.6973479], [35.0259027, 50.6975926], [35.0262085, 50.6982959], [35.0266133, 50.6987841], [35.0268683, 50.6992711], [35.0276032, 50.6996856], [35.0285849, 50.6999235], [35.0300172, 50.7001138], [35.0305585, 50.6999442], [35.030028, 50.6989483], [35.0297866, 50.6982959], [35.0292877, 50.6978236], [35.0283704, 50.6972902], [35.0267825, 50.6965664], [35.0263775, 50.6964543], [35.0262863, 50.6961162], [35.0264982, 50.6959497], [35.0269865, 50.695924], [35.0278581, 50.6960771], [35.0283945, 50.6961383], [35.0291241, 50.6961858], [35.0298832, 50.6964005], [35.0305671, 50.696247], [35.0307715, 50.6960822], [35.0307656, 50.695846], [35.0317151, 50.6957916], [35.0327237, 50.6956224], [35.0337106, 50.6953839], [35.0344366, 50.6953761], [35.0362695, 50.6956557], [35.0373263, 50.6957169], [35.0376964, 50.6957848], [35.0382919, 50.6960431], [35.0389678, 50.6964203], [35.0398744, 50.6966038], [35.0403947, 50.6973547], [35.0407005, 50.697562], [35.0410108, 50.6976999], [35.0407397, 50.6978598], [35.0405945, 50.6982726], [35.0407873, 50.6991242], [35.0404259, 50.6995542], [35.0396205, 50.7000023], [35.0385011, 50.7003312], [35.0381056, 50.7003641], [35.0362748, 50.7002055], [35.0352127, 50.7001171], [35.0329726, 50.7001962], [35.0318426, 50.7006656], [35.032847, 50.701432], [35.033378, 50.7015781], [35.0351108, 50.7016359], [35.0368435, 50.7016155], [35.0395149, 50.702893], [35.0417787, 50.7038103], [35.0429988, 50.7047845], [35.0479662, 50.7024302], [35.0547328, 50.7062601], [35.0550181, 50.7064636], [35.0560963, 50.7069834], [35.0575662, 50.7076153], [35.0573087, 50.7082403], [35.0564825, 50.7092119], [35.0554955, 50.7094973], [35.0548732, 50.7097418], [35.0546694, 50.7100272], [35.054841, 50.7100951], [35.0553238, 50.710068], [35.0556457, 50.7101835], [35.0561178, 50.7106387], [35.0561392, 50.7113724], [35.0566757, 50.7127243], [35.0564611, 50.7133833], [35.0564182, 50.7137366], [35.0562358, 50.7137841], [35.0550771, 50.713757], [35.0542831, 50.7134988], [35.0518155, 50.7123303], [35.0516867, 50.7120178], [35.0461292, 50.7082268], [35.0446486, 50.7077919], [35.0418806, 50.7083898], [35.0406575, 50.7108493], [35.0408292, 50.7111346], [35.0457001, 50.7153466], [35.047524, 50.715496], [35.0491977, 50.7159987], [35.05306, 50.7155232], [35.0560534, 50.714708], [35.0567293, 50.7145722], [35.0575018, 50.7141034], [35.0574052, 50.7135939], [35.0579631, 50.7137909], [35.0577271, 50.7140559], [35.0580382, 50.7143276], [35.0584888, 50.7144023], [35.0587678, 50.714117], [35.0594008, 50.7136415], [35.0596046, 50.7135871], [35.0598729, 50.7135871], [35.060302, 50.7136754], [35.0612354, 50.7140355], [35.0616431, 50.7140355], [35.0621796, 50.7140626], [35.062834, 50.7141849], [35.0632685, 50.7143514], [35.0648135, 50.715316], [35.065586, 50.715299], [35.0668144, 50.7150613], [35.0676083, 50.7146876], [35.06881, 50.7148371], [35.0697327, 50.7148371], [35.0709021, 50.715299], [35.0711489, 50.7153466], [35.0714064, 50.7152651], [35.0721359, 50.7137162], [35.0729406, 50.7136347], [35.0778329, 50.713261], [35.0784337, 50.713458], [35.0790775, 50.7137909], [35.0793189, 50.7138283], [35.0795334, 50.7137637], [35.0800699, 50.7125953], [35.0798875, 50.7124458], [35.0791633, 50.712208], [35.0780904, 50.7117596], [35.076524, 50.7117257], [35.0755289, 50.7115032], [35.0754937, 50.7111965], [35.0830876, 50.7083906], [35.0845039, 50.7097299], [35.0888068, 50.7139908], [35.0920574, 50.7163259], [35.0877162, 50.7181886], [35.0703111, 50.7250879], [35.0602256, 50.7290788], [35.0551854, 50.7286519], [35.0534687, 50.728158], [35.0522303, 50.729951], [35.0505456, 50.7323427], [35.0464176, 50.7316937], [35.0463517, 50.7318769], [35.0463282, 50.7321962], [35.0465131, 50.7331444], [35.0410478, 50.7333948], [35.0403142, 50.7315363], [35.0387453, 50.7318416], [35.0352793, 50.7325345], [35.0327113, 50.7333799], [35.0275458, 50.735131], [35.0262234, 50.7356519], [35.0242159, 50.7360991], [35.0221638, 50.7354391], [35.0161753, 50.7370821], [35.0146769, 50.7382065], [35.012776, 50.7390455], [35.0117031, 50.7400844], [35.011072, 50.741793], [35.0077785, 50.7414104], [35.0058051, 50.7412598], [35.0028577, 50.7413793], [35.0012383, 50.7414769], [34.999055, 50.7413868], [34.9969779, 50.740824], [34.9937722, 50.7402894], [34.9889687, 50.7397738], [34.9874771, 50.7394835], [34.9864083, 50.739438], [34.9840227, 50.7394461], [34.9812848, 50.7393902], [34.9806472, 50.7414261], [34.9793548, 50.745865], [34.9768455, 50.7536018], [34.9758044, 50.7535191], [34.9761155, 50.7528607], [34.9760083, 50.7522464], [34.9758205, 50.7520495], [34.9757722, 50.75189], [34.9758688, 50.7515031], [34.9759317, 50.7512537], [34.9747959, 50.7499045], [34.9744311, 50.749599], [34.9732418, 50.7491061], [34.9731705, 50.7489372], [34.9746242, 50.7464967], [34.9749838, 50.7454893], [34.9752614, 50.7444389], [34.9750158, 50.7436589], [34.973847, 50.742349], [34.9707853, 50.7415368], [34.9686668, 50.7411887], [34.9678114, 50.7411605], [34.9675415, 50.7411286], [34.9671715, 50.7403932], [34.967157, 50.7398501], [34.9664971, 50.7394767], [34.9661377, 50.738998], [34.9662625, 50.7381526], [34.962358, 50.7371986], [34.9615562, 50.7370105], [34.9609639, 50.7368821], [34.9587771, 50.7360704], [34.9567974, 50.735165], [34.9515454, 50.7330333], [34.9489823, 50.7350496], [34.9470167, 50.7370101], [34.9457332, 50.738317], [34.9445393, 50.7395499], [34.9446515, 50.7422723], [34.9362686, 50.74395], [34.9349458, 50.7443157], [34.9347639, 50.7458789], [34.9344352, 50.7469833], [34.9340344, 50.7469719], [34.9334228, 50.7464764], [34.9298823, 50.7471416], [34.9234441, 50.7484531], [34.9224643, 50.7476587], [34.9146705, 50.7489388], [34.9137171, 50.7463096], [34.9205527, 50.745155], [34.9210464, 50.7454104], [34.9221897, 50.7448538], [34.9250329, 50.743014], [34.9272752, 50.7421721], [34.9282301, 50.7415814], [34.9284989, 50.7412278], [34.9273386, 50.7398171], [34.926846, 50.7384582], [34.9268997, 50.7374804], [34.9271705, 50.7365536], [34.9270713, 50.7354366], [34.9263352, 50.7340728], [34.9260628, 50.7332772], [34.9260414, 50.7322668], [34.9257195, 50.7317833], [34.9243998, 50.7308461], [34.9239278, 50.7302961], [34.9236917, 50.7297392], [34.9234342, 50.7294268], [34.9226809, 50.7291029], [34.923023, 50.7283613], [34.9240458, 50.7287409], [34.9254835, 50.7290193], [34.9274311, 50.7296846], [34.9287987, 50.7296034], [34.9299592, 50.7296328], [34.9306977, 50.7298411], [34.931041, 50.7301263], [34.9315076, 50.730701], [34.9323949, 50.7305824], [34.9331975, 50.73033], [34.9336573, 50.7301433], [34.9336625, 50.7294222], [34.9332036, 50.7289399], [34.933207, 50.7286518], [34.9334335, 50.728347], [34.9342596, 50.7280074], [34.9349463, 50.7280074], [34.9355873, 50.7278211], [34.9355427, 50.7265917], [34.9351179, 50.7264726], [34.934324, 50.7263978], [34.9338519, 50.7261398], [34.9327166, 50.7248635], [34.9325301, 50.7245578], [34.9324357, 50.7241362], [34.9305904, 50.7241905], [34.9301505, 50.723831], [34.9297473, 50.7237309], [34.9293528, 50.723523], [34.9293701, 50.723261], [34.9309392, 50.7226112], [34.932123, 50.721914], [34.9338686, 50.722521], [34.9362185, 50.7229597], [34.9368436, 50.7226947], [34.9377075, 50.7223341], [34.9376698, 50.7219075], [34.9380207, 50.7214788], [34.938179, 50.7212801], [34.9377693, 50.7208772], [34.9373612, 50.7205937], [34.9367831, 50.7201602], [34.9356874, 50.7185626], [34.9359369, 50.7183432], [34.936807, 50.7181442], [34.9373603, 50.7182913], [34.9377519, 50.7184476], [34.9383527, 50.7182268], [34.9390018, 50.7182778], [34.9392325, 50.7181487], [34.9396133, 50.7180298], [34.9399017, 50.7180396], [34.9401388, 50.7193406], [34.9400479, 50.7201661], [34.9402241, 50.7202683], [34.9421843, 50.7195153], [34.9433953, 50.7191914], [34.9457502, 50.7183151], [34.946083, 50.7183218], [34.9462491, 50.7177649], [34.9461691, 50.717262], [34.9456574, 50.7170874], [34.9449663, 50.7165575], [34.9439642, 50.715762], [34.9425142, 50.7156782], [34.9417001, 50.7157066], [34.9408793, 50.7157881], [34.9404595, 50.7159841], [34.9402517, 50.7162093], [34.9399728, 50.7162297], [34.9393183, 50.7157712], [34.9388559, 50.715608], [34.9377846, 50.7150572], [34.9375105, 50.7131795], [34.9373536, 50.7112253], [34.9378328, 50.7078514], [34.9387343, 50.6974263], [34.9337899, 50.6972481], [34.9322426, 50.6971814], [34.9314165, 50.6970863], [34.930804, 50.6969508], [34.9301988, 50.6967567], [34.9300858, 50.6966957], [34.9293978, 50.6963247], [34.9278335, 50.6954351], [34.9271903, 50.6946851], [34.9270413, 50.6945114], [34.9264008, 50.6938598], [34.9259954, 50.6930857], [34.925557, 50.6922387], [34.9247745, 50.691155], [34.9240304, 50.6902145], [34.9239138, 50.6900671], [34.9236563, 50.6898262], [34.9230527, 50.6892616], [34.9226198, 50.6890154], [34.9220286, 50.6886792], [34.9210471, 50.6883188], [34.9195632, 50.6879621], [34.9194554, 50.6879429], [34.9178424, 50.6876558], [34.9154114, 50.6871562], [34.9143651, 50.6869435], [34.9135637, 50.686684], [34.9128127, 50.686385], [34.9127164, 50.6860839], [34.9117935, 50.6855081], [34.9116111, 50.6852974], [34.9114823, 50.6847468], [34.9112356, 50.6843593], [34.910388, 50.6840058], [34.9096513, 50.6838685], [34.909948, 50.6818427], [34.9098837, 50.6809195], [34.9094088, 50.6789034], [34.9089923, 50.6782119], [34.9080491, 50.6773367], [34.9072015, 50.6766772], [34.9060643, 50.676011], [34.9036181, 50.6751679], [34.9003236, 50.6745997], [34.8971818, 50.6744555], [34.8937151, 50.6743113], [34.8913472, 50.6741841], [34.8904746, 50.6737379], [34.888418, 50.673136], [34.8872244, 50.672523], [34.8866774, 50.6723469], [34.8851538, 50.6710543], [34.8842112, 50.6696822], [34.8838506, 50.6690194], [34.8831904, 50.6682256], [34.883362, 50.6681848], [34.8830509, 50.6675999], [34.8831311, 50.667153], [34.8823497, 50.6655564], [34.8817204, 50.6639306], [34.8806707, 50.6626074], [34.8802947, 50.6611721], [34.8802331, 50.6604689], [34.8803566, 50.6592892], [34.8804537, 50.6577913], [34.8804658, 50.6558157], [34.879664, 50.6540089], [34.8786431, 50.6529469], [34.8776246, 50.6519656], [34.877317, 50.65155], [34.8768224, 50.6511989], [34.8763494, 50.6509223], [34.8759518, 50.650802], [34.8755894, 50.6507814], [34.8750941, 50.6507461], [34.8747088, 50.6507848], [34.8726383, 50.6499088], [34.8719548, 50.6494116], [34.8714137, 50.6487147], [34.8733161, 50.6481483], [34.8718426, 50.6459473], [34.8713866, 50.6442813], [34.8707195, 50.6414416], [34.8702987, 50.6379936], [34.870098, 50.6356383], [34.8700989, 50.6347036], [34.8696458, 50.6336289], [34.8688783, 50.6322813], [34.8681104, 50.630954], [34.8624097, 50.6250029], [34.8600924, 50.6236963], [34.8596453, 50.6236038], [34.8584034, 50.6233467], [34.8571138, 50.6231364], [34.8544163, 50.6228998], [34.8516271, 50.6227759], [34.8499116, 50.6226143], [34.8486485, 50.6224953], [34.8485828, 50.6224829], [34.8473323, 50.6222464], [34.8469635, 50.6221767], [34.8449921, 50.6210168], [34.8449341, 50.6209827], [34.8441353, 50.6204145], [34.8426462, 50.6193553], [34.8422012, 50.6189461], [34.841384, 50.6181946], [34.8406285, 50.6174998], [34.8396498, 50.6164063], [34.8390168, 50.615699], [34.8364667, 50.6135403], [34.8340207, 50.6109611], [34.8323532, 50.6098967], [34.8310047, 50.6091998], [34.8291596, 50.6085797], [34.8270759, 50.6080733], [34.8243507, 50.6078027], [34.8212461, 50.6081717], [34.8181758, 50.6087072], [34.8152113, 50.6090398], [34.8124956, 50.6090037], [34.8096894, 50.6083132], [34.8078257, 50.6073961], [34.8058295, 50.6058196], [34.8042756, 50.6048278], [34.802392, 50.6041072], [34.7981021, 50.6029798], [34.7930292, 50.6013558], [34.7904428, 50.6003482], [34.7979193, 50.5943496], [34.7960005, 50.5927093], [34.7899396, 50.5882385], [34.7886157, 50.5886045], [34.7853193, 50.5871641], [34.7847358, 50.5873798], [34.7839701, 50.5871763], [34.7832426, 50.5853704], [34.7820626, 50.5854934], [34.7806492, 50.585203], [34.7801959, 50.5838534], [34.7793432, 50.5820467], [34.7778782, 50.5788578], [34.7774536, 50.5765094], [34.7765756, 50.5740251], [34.7759952, 50.5720002], [34.7745961, 50.56906], [34.7736094, 50.5672711], [34.7740749, 50.5651649], [34.7665097, 50.5663348], [34.7659564, 50.563872], [34.764773, 50.563485], [34.7596809, 50.5672169], [34.7584713, 50.5684572], [34.7522102, 50.569669], [34.7484847, 50.5701798], [34.7446053, 50.5708826], [34.7382363, 50.5702601], [34.7354514, 50.5699992], [34.7313023, 50.5695691], [34.7281968, 50.5694453], [34.7298461, 50.565461], [34.7309375, 50.5624953], [34.7322596, 50.5603848], [34.7339909, 50.5560546], [34.7343118, 50.555252], [34.7336029, 50.5511949], [34.7310078, 50.5445613], [34.7300535, 50.5414356], [34.7321029, 50.5392999], [34.7284342, 50.5354296], [34.7247816, 50.531987], [34.7232229, 50.5306899], [34.7221703, 50.5294567], [34.7201255, 50.525562], [34.7124011, 50.5271031], [34.7112636, 50.5247144], [34.7121723, 50.5242725], [34.7100067, 50.5218491], [34.710686, 50.5215494], [34.7109623, 50.5209706], [34.711642, 50.5194153], [34.7122207, 50.5185719], [34.7095051, 50.5174387], [34.7027791, 50.5158534], [34.6964663, 50.5145074], [34.6882983, 50.5120411], [34.6793302, 50.50846], [34.6742827, 50.5066543], [34.6735146, 50.5058633], [34.671402, 50.5049435], [34.6692191, 50.5053129], [34.6672928, 50.5049845], [34.6638824, 50.5041388], [34.6613028, 50.5029946], [34.6598749, 50.5027035], [34.6587909, 50.5029524], [34.6573155, 50.5024354], [34.6554456, 50.5022147], [34.6523705, 50.5015575], [34.6489001, 50.5010158], [34.6478994, 50.5010835], [34.6468973, 50.5011661], [34.6438393, 50.4997845], [34.6432793, 50.4993907], [34.6423851, 50.499025], [34.6430465, 50.4982549], [34.6430615, 50.4972206], [34.6428868, 50.4965746], [34.6425235, 50.4948921], [34.6419403, 50.4942095], [34.6393881, 50.4941272], [34.638482, 50.493928], [34.6369773, 50.4933713], [34.6356243, 50.4926992], [34.6346745, 50.4922458], [34.6333599, 50.4917516], [34.6317942, 50.4915504], [34.6303791, 50.4914163], [34.6298371, 50.4911673], [34.6295059, 50.4906788], [34.6294908, 50.4899605], [34.6302285, 50.489654], [34.6325771, 50.4890697], [34.6328125, 50.4891025], [34.6330727, 50.4890433], [34.6333202, 50.4886519], [34.6341035, 50.4879012], [34.6355072, 50.4874945], [34.6368087, 50.4871825], [34.6363871, 50.4866379], [34.6340328, 50.4871373], [34.6331447, 50.4871073], [34.6311935, 50.4866427], [34.6292946, 50.4863224], [34.6279538, 50.4862573], [34.6274641, 50.4863657], [34.627017, 50.4867856], [34.6259662, 50.4871], [34.623504, 50.4883028], [34.6218173, 50.4869201], [34.6218248, 50.4862676], [34.6212818, 50.4857423], [34.6212076, 50.4852465], [34.6205132, 50.4844708], [34.6200332, 50.4838024], [34.619433, 50.4825071], [34.6189547, 50.4822322], [34.6166624, 50.4817225], [34.6160228, 50.4814467], [34.6153883, 50.4812727], [34.6133628, 50.4815079], [34.6116096, 50.4810048], [34.6102289, 50.4810153], [34.6093104, 50.4808575], [34.6097733, 50.4801505], [34.6075302, 50.4795957], [34.6061547, 50.4784988], [34.6038291, 50.4763716], [34.6040277, 50.4750269], [34.6017932, 50.473849], [34.5978883, 50.4731989], [34.5971399, 50.4722303], [34.5910602, 50.4701806], [34.5873359, 50.4698784], [34.584947, 50.4701311], [34.5790969, 50.4631029], [34.5818615, 50.4623386], [34.5806929, 50.4602124], [34.5817959, 50.4588769], [34.5807722, 50.4550154], [34.5797062, 50.454269], [34.5800563, 50.4535316], [34.5783413, 50.450706], [34.5774382, 50.4492436], [34.5762199, 50.4495588], [34.5698297, 50.4503619], [34.5680311, 50.4506717], [34.5665318, 50.4509833], [34.5642209, 50.451572], [34.5631725, 50.4491825], [34.5612191, 50.4487952], [34.5557495, 50.4500947], [34.5524831, 50.4506564], [34.5510785, 50.4500829], [34.5503615, 50.4497433], [34.5495893, 50.4491619], [34.5484741, 50.4486286], [34.5457116, 50.4478881], [34.5444002, 50.4476386], [34.5410156, 50.4478447], [34.5377747, 50.4479838], [34.5316172, 50.4484732], [34.5282438, 50.4488351], [34.5240075, 50.4493915], [34.5175987, 50.450191], [34.5136144, 50.4501813], [34.5130479, 50.4499785], [34.5113521, 50.4450032], [34.5100368, 50.4410501], [34.5105565, 50.4406091], [34.5105845, 50.4403934], [34.5066937, 50.4310683], [34.5033018, 50.4318236], [34.5008975, 50.4271549], [34.4994413, 50.4243778], [34.498075, 50.4218145], [34.4972376, 50.4202522], [34.4959009, 50.4181849], [34.4926912, 50.4134916], [34.4894582, 50.4089962], [34.4876155, 50.4067598], [34.4857302, 50.4049041], [34.4840016, 50.4031338], [34.4813625, 50.4008099], [34.484298, 50.399395], [34.4881461, 50.3975592], [34.4936185, 50.3949413], [34.485957, 50.3884147], [34.4728776, 50.3945581], [34.4702254, 50.3928304], [34.4627852, 50.3881099], [34.4616685, 50.3874009], [34.4607226, 50.3870094], [34.4554374, 50.3858474], [34.4540995, 50.3854809], [34.4495069, 50.3847707], [34.4429651, 50.3839099], [34.4394629, 50.3833935], [34.4333201, 50.3824567], [34.4273022, 50.3815875], [34.4250849, 50.3841403], [34.4187551, 50.3816563], [34.4148559, 50.3800242], [34.4007282, 50.3744636], [34.4029064, 50.3731654], [34.4003284, 50.3720865], [34.399631, 50.3716965], [34.3989086, 50.3711697], [34.3981217, 50.3704399], [34.3966083, 50.368679], [34.3957605, 50.3682265], [34.3953256, 50.3679387], [34.3944983, 50.3678119], [34.3909906, 50.3670125], [34.3876678, 50.3650054], [34.3835769, 50.3625339], [34.3779652, 50.3593572], [34.3767901, 50.3587447]]]}}, {"type": "Feature", "properties": {"name": "Роменский район", "NAME_1": "Сумская область", "osm_id": 11798623}, "geometry": {"type": "Polygon", "coordinates": [[[33.049, 50.5408409], [33.0514669, 50.5395833], [33.0525166, 50.5385144], [33.0586767, 50.5289469], [33.0629888, 50.5235995], [33.0598362, 50.5222167], [33.0649554, 50.5198231], [33.0648556, 50.5197576], [33.0693358, 50.5177474], [33.069793, 50.5176362], [33.0710602, 50.5184659], [33.0733072, 50.5191963], [33.0767381, 50.5189613], [33.0880416, 50.5181872], [33.0941218, 50.5178257], [33.0993446, 50.5177976], [33.1016194, 50.517415], [33.1060521, 50.514438], [33.1112266, 50.5098902], [33.1187121, 50.5052209], [33.1259598, 50.5098276], [33.1299946, 50.5122017], [33.1311126, 50.5117961], [33.1331622, 50.511104], [33.134243, 50.5107936], [33.1427113, 50.5111641], [33.1463303, 50.511445], [33.150005, 50.5175056], [33.152778, 50.5213552], [33.1550084, 50.5213079], [33.1623657, 50.5211519], [33.1661836, 50.5212035], [33.1671414, 50.5212165], [33.1684864, 50.5217617], [33.1709893, 50.5226381], [33.1726309, 50.5226357], [33.1744209, 50.5223951], [33.1786566, 50.5212631], [33.1805182, 50.519206], [33.1818238, 50.5167468], [33.1879972, 50.5112191], [33.1919317, 50.5086714], [33.1934317, 50.5078522], [33.2056156, 50.5082053], [33.2063268, 50.5077802], [33.2139588, 50.5070162], [33.2175449, 50.5048881], [33.2212305, 50.5034541], [33.2218658, 50.5037383], [33.2264809, 50.5095568], [33.2304735, 50.509882], [33.2336824, 50.5101134], [33.2379713, 50.5099858], [33.2370811, 50.5109866], [33.2342226, 50.5137515], [33.2342657, 50.5149169], [33.2347922, 50.5157721], [33.2372258, 50.517551], [33.2388751, 50.5190937], [33.2393315, 50.5208291], [33.2408423, 50.5244651], [33.2424669, 50.52841], [33.2433738, 50.5298934], [33.2435415, 50.5304174], [33.2415754, 50.5317485], [33.2414853, 50.5325323], [33.2422907, 50.5337909], [33.2428839, 50.5350355], [33.2428802, 50.5360842], [33.2420711, 50.5376498], [33.2422753, 50.5384423], [33.2426011, 50.5389424], [33.2444743, 50.5397432], [33.2489449, 50.5409527], [33.2506347, 50.5412091], [33.2519293, 50.5417773], [33.2528643, 50.5427388], [33.2535453, 50.5442213], [33.2545802, 50.5450208], [33.2558191, 50.545447], [33.2572675, 50.5455561], [33.2583725, 50.5456311], [33.2591772, 50.5459924], [33.2597244, 50.5465992], [33.2603201, 50.5471479], [33.2612157, 50.5473423], [33.2617891, 50.5472104], [33.2624656, 50.5468378], [33.2632005, 50.5463947], [33.2638442, 50.5461595], [33.2646918, 50.5460674], [33.2653355, 50.5461902], [33.2655179, 50.5465958], [33.2655716, 50.5473151], [33.265298, 50.5479048], [33.2651693, 50.5486376], [33.2653731, 50.5492751], [33.265754, 50.5499397], [33.2668847, 50.5514802], [33.2716604, 50.5500295], [33.2753875, 50.5524819], [33.2758498, 50.5531096], [33.2763648, 50.5535118], [33.2768775, 50.5532463], [33.2782964, 50.5527639], [33.2852366, 50.5501488], [33.2839823, 50.5461595], [33.2836953, 50.5456601], [33.2839125, 50.5449016], [33.2841808, 50.5444141], [33.2854682, 50.5440084], [33.288265, 50.543299], [33.290441, 50.5433505], [33.2929214, 50.5435479], [33.3004013, 50.5351404], [33.3176637, 50.5329973], [33.3184281, 50.5264648], [33.3188259, 50.520491], [33.3225591, 50.5205027], [33.3365567, 50.5207791], [33.3420417, 50.5208821], [33.3562943, 50.5209821], [33.36566, 50.5211434], [33.3738905, 50.5211932], [33.3739951, 50.5193931], [33.374143, 50.5153357], [33.3743308, 50.511669], [33.3744946, 50.5084206], [33.3747851, 50.5019016], [33.3749714, 50.4974952], [33.3807242, 50.4976368], [33.3854771, 50.4976095], [33.387324, 50.4978679], [33.3945376, 50.4986229], [33.4001365, 50.4992028], [33.4057546, 50.4997933], [33.4113335, 50.499515], [33.4113336, 50.4991552], [33.4135115, 50.4990017], [33.413828, 50.4988789], [33.4142518, 50.4983329], [33.4143269, 50.4980463], [33.4140801, 50.497531], [33.4138012, 50.4972034], [33.4131414, 50.4968314], [33.4130287, 50.4966165], [33.4131038, 50.496166], [33.4135395, 50.4955473], [33.4135383, 50.4937363], [33.4135812, 50.4933711], [33.414048, 50.4926783], [33.4141635, 50.491802], [33.4201331, 50.4915428], [33.4197637, 50.4881611], [33.4192414, 50.4827508], [33.4271843, 50.4790681], [33.4298193, 50.4777249], [33.4337945, 50.4755113], [33.4358676, 50.4765939], [33.4373349, 50.4770899], [33.437469, 50.4772025], [33.4374525, 50.4777625], [33.4370935, 50.4785408], [33.4368735, 50.4788753], [33.4365517, 50.4791108], [33.4351999, 50.4806914], [33.4349577, 50.4811849], [33.4349531, 50.4815516], [33.434996, 50.4818963], [33.4345776, 50.4825927], [33.4337676, 50.4830637], [33.4328288, 50.483801], [33.433156, 50.483958], [33.4334832, 50.4842004], [33.4337461, 50.4844598], [33.4346685, 50.4848232], [33.4382898, 50.4857876], [33.4411978, 50.4865494], [33.4496248, 50.4887775], [33.4558071, 50.4904257], [33.46279, 50.4922077], [33.4641561, 50.4925666], [33.4721386, 50.4911716], [33.4768116, 50.4904839], [33.477457, 50.4901406], [33.4774983, 50.4898457], [33.4778577, 50.4894566], [33.4794509, 50.4883679], [33.4781194, 50.4827272], [33.4810817, 50.4815994], [33.4857245, 50.4798836], [33.4867577, 50.4800822], [33.4861833, 50.4806026], [33.486135, 50.4808791], [33.4862423, 50.4811761], [33.4864998, 50.4814662], [33.4867305, 50.4816608], [33.4876102, 50.4821319], [33.4885597, 50.4823742], [33.4889674, 50.4823981], [33.4892893, 50.4826439], [33.4893654, 50.4829763], [33.4896326, 50.4834], [33.4899464, 50.4838352], [33.490102, 50.4840929], [33.4901181, 50.4843847], [33.4900331, 50.4846317], [33.490212, 50.4848762], [33.4906036, 50.4850759], [33.490794, 50.4853234], [33.4916711, 50.4860709], [33.4922665, 50.4865043], [33.4929513, 50.4872938], [33.4930497, 50.4879583], [33.4930417, 50.4889703], [33.4927735, 50.489257], [33.4928432, 50.4896887], [33.4932022, 50.4901288], [33.4937257, 50.4905385], [33.4942889, 50.4910709], [33.4945571, 50.4915658], [33.4946944, 50.4919207], [33.4949699, 50.492218], [33.4953551, 50.4924589], [33.4962008, 50.4923472], [33.496915, 50.4925876], [33.4982103, 50.4925896], [33.4993178, 50.4926203], [33.5002755, 50.4925839], [33.5013386, 50.4924771], [33.5021985, 50.492269], [33.5031938, 50.4919674], [33.5043017, 50.4921247], [33.5054147, 50.4926886], [33.5057205, 50.4927159], [33.5059813, 50.4926105], [33.5067183, 50.4920163], [33.5079936, 50.4908369], [33.5081559, 50.4905658], [33.5081238, 50.489989], [33.5082364, 50.4893508], [33.5084027, 50.4891665], [33.5086924, 50.4891358], [33.5090893, 50.48903], [33.5094327, 50.4888355], [33.509995, 50.4887223], [33.5101676, 50.4885931], [33.5101998, 50.4884839], [33.5102186, 50.4880163], [33.5103554, 50.487687], [33.5107201, 50.4872313], [33.5110393, 50.4870777], [33.5115033, 50.4870351], [33.5122114, 50.4870163], [33.5126308, 50.4869216], [33.5135901, 50.4860606], [33.5140139, 50.4849138], [33.5135955, 50.484709], [33.5135686, 50.4836304], [33.5136154, 50.4833434], [33.5149687, 50.4833641], [33.5157115, 50.4830272], [33.5171715, 50.4823018], [33.518182, 50.4820124], [33.5220605, 50.4808347], [33.5245038, 50.4803078], [33.5248746, 50.481608], [33.5256869, 50.4816335], [33.5264164, 50.4814799], [33.5271835, 50.4813604], [33.5281277, 50.4813365], [33.531636, 50.4802578], [33.5323065, 50.4802783], [33.5325074, 50.4806654], [33.5323187, 50.4813741], [33.5322958, 50.4816267], [33.532564, 50.482125], [33.5332078, 50.4823128], [33.5334706, 50.4824562], [33.5340819, 50.4826345], [33.5357633, 50.4834546], [33.535902, 50.4837559], [33.5389912, 50.4851749], [33.5386742, 50.4895189], [33.5445945, 50.4896662], [33.5495478, 50.489757], [33.5563177, 50.4898559], [33.5598582, 50.4899413], [33.5629996, 50.4899418], [33.5633665, 50.4901699], [33.5631412, 50.4919753], [33.5632789, 50.4921222], [33.5661517, 50.4931615], [33.5687578, 50.493883], [33.5713931, 50.4947203], [33.5717775, 50.4945469], [33.5723017, 50.4947326], [33.5734459, 50.4943162], [33.581287, 50.4906691], [33.5818635, 50.4906551], [33.5834714, 50.4910061], [33.5869142, 50.4919035], [33.5879195, 50.4922552], [33.5879979, 50.4925768], [33.5900863, 50.4930478], [33.5900556, 50.4918483], [33.5908212, 50.4914734], [33.5917332, 50.4911663], [33.5925968, 50.4906748], [33.601646, 50.4891783], [33.6037296, 50.4888691], [33.611874, 50.4873685], [33.6135056, 50.4871516], [33.6140512, 50.4832276], [33.6143935, 50.4831982], [33.6205349, 50.4820029], [33.627317, 50.4805337], [33.6370106, 50.4791163], [33.6469128, 50.4777708], [33.653998, 50.4768006], [33.6612519, 50.475684], [33.6759871, 50.4736331], [33.684943, 50.472331], [33.7058398, 50.4694189], [33.7099995, 50.4687612], [33.7161416, 50.4679128], [33.7174416, 50.4677591], [33.7170559, 50.4666906], [33.7165134, 50.4651879], [33.7165056, 50.4651661], [33.7175979, 50.4649893], [33.7186537, 50.4648185], [33.7239466, 50.4628735], [33.7280268, 50.4609993], [33.733883, 50.4584968], [33.7357355, 50.4585512], [33.7393646, 50.4587836], [33.7407765, 50.4587377], [33.7419574, 50.4588078], [33.7843481, 50.4607652], [33.7865459, 50.4608181], [33.7866209, 50.4625229], [33.786764, 50.4630018], [33.7864404, 50.4635275], [33.7864828, 50.4638964], [33.7886399, 50.4653346], [33.7898446, 50.4662999], [33.7901902, 50.4665843], [33.7903545, 50.4674027], [33.7901936, 50.4681041], [33.7881373, 50.4698389], [33.7878956, 50.4702128], [33.787624, 50.4713191], [33.787595, 50.4744074], [33.7875065, 50.4776973], [33.7931631, 50.4777742], [33.8049317, 50.4778888], [33.8058484, 50.4780071], [33.8103803, 50.4788948], [33.81898, 50.4804579], [33.8299658, 50.4823705], [33.8279128, 50.4844257], [33.8272068, 50.4854961], [33.8253644, 50.4882368], [33.8256273, 50.4883246], [33.8286676, 50.4893395], [33.8350291, 50.491489], [33.8390654, 50.4929054], [33.8403534, 50.4924802], [33.8444411, 50.4910834], [33.8454663, 50.492188], [33.8472224, 50.4944574], [33.8490911, 50.4970813], [33.8505945, 50.4992228], [33.8496481, 50.5002712], [33.8474361, 50.5024037], [33.8455703, 50.5039876], [33.8418817, 50.5047955], [33.8384043, 50.5055253], [33.8320436, 50.506868], [33.8259215, 50.5081929], [33.8238437, 50.508469], [33.8199414, 50.5079296], [33.8165804, 50.5075608], [33.8163229, 50.5075279], [33.8154291, 50.5087599], [33.8139011, 50.511295], [33.8133287, 50.5121397], [33.8117364, 50.5154726], [33.8119995, 50.5155922], [33.816665, 50.5173898], [33.8181925, 50.5180758], [33.8200302, 50.5186684], [33.8203141, 50.5186693], [33.8204752, 50.5185975], [33.8220133, 50.5155616], [33.8248333, 50.5161479], [33.8289813, 50.5170348], [33.8347658, 50.5183403], [33.8368767, 50.5185806], [33.8367641, 50.5189831], [33.8396674, 50.5191509], [33.8421542, 50.5191989], [33.8398321, 50.5217721], [33.8389129, 50.5227902], [33.8390712, 50.5232359], [33.8459372, 50.5249789], [33.849536, 50.5258125], [33.8573474, 50.5276594], [33.8653597, 50.5300793], [33.8743955, 50.532638], [33.8779285, 50.5333646], [33.8785897, 50.5311046], [33.8790196, 50.5309979], [33.879829, 50.5310293], [33.8843324, 50.5318711], [33.8925641, 50.5335621], [33.8961677, 50.5279486], [33.896695, 50.5270112], [33.8964975, 50.525186], [33.8969858, 50.5241697], [33.8980979, 50.5235118], [33.8995273, 50.5230734], [33.9007474, 50.5224973], [33.902598, 50.5217934], [33.9035345, 50.5212729], [33.9042701, 50.5200598], [33.9048702, 50.5197601], [33.9051165, 50.5187425], [33.9057548, 50.5177735], [33.9057978, 50.5173849], [33.9065756, 50.5175992], [33.9074398, 50.517758], [33.9080001, 50.5175245], [33.908772, 50.5169531], [33.9093594, 50.516548], [33.9102563, 50.5159009], [33.9106984, 50.5159433], [33.911057, 50.515649], [33.9116593, 50.5158085], [33.9142684, 50.5141592], [33.9157863, 50.5154794], [33.917901, 50.5158979], [33.9187646, 50.5162373], [33.9198428, 50.5171992], [33.9198814, 50.5179157], [33.9207601, 50.5186318], [33.9210498, 50.5187989], [33.9211839, 50.5190649], [33.9218759, 50.5196584], [33.9217247, 50.5207275], [33.9213575, 50.521938], [33.9211936, 50.5227944], [33.9235408, 50.521609], [33.923992, 50.5213269], [33.9287694, 50.5252907], [33.9354079, 50.5308768], [33.9389348, 50.5340599], [33.9396167, 50.5344399], [33.939694, 50.5346192], [33.9475402, 50.5412486], [33.9503433, 50.5436029], [33.9550455, 50.5475607], [33.9644889, 50.542944], [33.9729097, 50.5388257], [33.9764421, 50.5370838], [33.9822161, 50.5342478], [33.9860297, 50.532368], [33.9914016, 50.5298001], [33.9919762, 50.5294307], [33.9944626, 50.5282199], [33.9994368, 50.5257685], [34.0042662, 50.5233926], [34.0088608, 50.5211267], [34.0072955, 50.5196763], [34.009545, 50.5185788], [34.0136606, 50.5165734], [34.0166119, 50.5150919], [34.0173967, 50.5130177], [34.0168778, 50.5118035], [34.0193253, 50.5112482], [34.0181862, 50.5096773], [34.0211836, 50.5086777], [34.0290044, 50.5061983], [34.0282328, 50.5060307], [34.0276509, 50.5058473], [34.0269198, 50.5059053], [34.02728, 50.5052453], [34.0270309, 50.504512], [34.0264392, 50.5040482], [34.025998, 50.5035982], [34.0254521, 50.5020351], [34.0255809, 50.5016257], [34.0254682, 50.5015506], [34.025538, 50.5005611], [34.0265749, 50.5001558], [34.026525, 50.4991655], [34.028129, 50.49864], [34.0291418, 50.498551], [34.0302555, 50.5010825], [34.0310607, 50.5020533], [34.0320247, 50.5041499], [34.0331327, 50.5048575], [34.0348659, 50.5049977], [34.0376231, 50.5047287], [34.0392857, 50.5049781], [34.0413955, 50.5057355], [34.0431623, 50.5066789], [34.0441747, 50.5072586], [34.0456379, 50.5081068], [34.0490552, 50.5093613], [34.049754, 50.5088848], [34.0533648, 50.5068496], [34.0580356, 50.5042372], [34.0609539, 50.5071188], [34.0619253, 50.5081638], [34.0598188, 50.5088833], [34.0600307, 50.5093833], [34.0562234, 50.510685], [34.0531693, 50.5117314], [34.0537288, 50.5127941], [34.0569168, 50.5139661], [34.0593817, 50.5149808], [34.0608561, 50.5155077], [34.0623047, 50.515856], [34.0655849, 50.516136], [34.0674736, 50.5158217], [34.069122, 50.5156181], [34.0694531, 50.5159317], [34.0705048, 50.5156925], [34.0707038, 50.515414], [34.0710721, 50.5151813], [34.07128, 50.5147682], [34.0709578, 50.5145097], [34.0707363, 50.5134116], [34.0714589, 50.5126228], [34.0715938, 50.5126569], [34.0720019, 50.5123469], [34.0724069, 50.5116339], [34.0733242, 50.5110403], [34.0747485, 50.5105491], [34.0753573, 50.5105184], [34.0757811, 50.5106634], [34.0761405, 50.5112467], [34.0764704, 50.5115367], [34.0763471, 50.5116953], [34.0756309, 50.5120569], [34.0754646, 50.5122752], [34.0754378, 50.5125788], [34.0755612, 50.5128807], [34.0757328, 50.5131195], [34.0762049, 50.5130069], [34.0777391, 50.5123725], [34.0793881, 50.5119895], [34.0791929, 50.5116578], [34.0793458, 50.5111887], [34.080357, 50.5112894], [34.0823203, 50.5109363], [34.0844983, 50.5106531], [34.0865129, 50.5102775], [34.0875261, 50.5101966], [34.0875917, 50.5091344], [34.0891183, 50.5090707], [34.0887485, 50.5087144], [34.0920012, 50.5085698], [34.0943722, 50.5074731], [34.096241, 50.506491], [34.0984833, 50.5055255], [34.1029193, 50.504397], [34.1006496, 50.5005976], [34.0987305, 50.4973638], [34.0960551, 50.4929564], [34.0944389, 50.4902902], [34.0911575, 50.4910551], [34.088833, 50.4916241], [34.0880096, 50.4903594], [34.0876537, 50.4902581], [34.08506, 50.4909527], [34.0849918, 50.4908815], [34.0847504, 50.4909549], [34.0846136, 50.4908645], [34.0847889, 50.490797], [34.0821376, 50.4883763], [34.0858103, 50.488168], [34.0911743, 50.4851095], [34.0936842, 50.4836466], [34.0961992, 50.4821006], [34.0978529, 50.4810374], [34.0985823, 50.4811894], [34.1016126, 50.4817122], [34.1038442, 50.482074], [34.1046869, 50.4816464], [34.1048624, 50.4814147], [34.1058302, 50.4808822], [34.1063597, 50.4808805], [34.1074197, 50.480986], [34.1086921, 50.4813435], [34.1089734, 50.481485], [34.109856, 50.4820741], [34.1102421, 50.482125], [34.1109704, 50.483541], [34.1110924, 50.4840229], [34.1117174, 50.4855803], [34.1117916, 50.4860024], [34.1123894, 50.4870822], [34.114369, 50.4896756], [34.1163402, 50.4921515], [34.1174554, 50.4936481], [34.1176368, 50.4944083], [34.1183086, 50.4989244], [34.1187823, 50.5012742], [34.1190162, 50.5030552], [34.1191739, 50.5034204], [34.119749, 50.5076993], [34.1200929, 50.5100262], [34.1230064, 50.5105045], [34.1263478, 50.5110647], [34.1302003, 50.5117009], [34.1340381, 50.5123416], [34.137765, 50.5129566], [34.1403895, 50.5133995], [34.1417733, 50.5136162], [34.1509531, 50.5183858], [34.1541156, 50.5200274], [34.1549221, 50.5211265], [34.1569728, 50.5208887], [34.1577007, 50.5214921], [34.1587754, 50.52242], [34.1629561, 50.5231324], [34.1649577, 50.5234783], [34.1691632, 50.5242196], [34.1722111, 50.5247597], [34.1747001, 50.5251915], [34.1785288, 50.5250919], [34.1845139, 50.5249613], [34.1887355, 50.5248465], [34.1929522, 50.5238201], [34.1948396, 50.5233674], [34.1984513, 50.5236777], [34.2019105, 50.5239895], [34.2045932, 50.5242155], [34.2057087, 50.5247311], [34.2059111, 50.524784], [34.2086095, 50.5262748], [34.2126537, 50.5289037], [34.2159202, 50.5310526], [34.2193293, 50.5333434], [34.219562, 50.5334484], [34.2233228, 50.5304679], [34.228849, 50.5260658], [34.2306065, 50.5267355], [34.2337177, 50.5259407], [34.2375557, 50.5249642], [34.2410877, 50.5240594], [34.2420445, 50.5237746], [34.2428384, 50.5236326], [34.2460016, 50.5239506], [34.2467909, 50.5246351], [34.2477793, 50.5255195], [34.2449007, 50.5287908], [34.2434074, 50.5301888], [34.2413125, 50.5319991], [34.2407235, 50.5356561], [34.2396221, 50.5412822], [34.2391385, 50.5440004], [34.23885, 50.5454467], [34.2381138, 50.5495137], [34.2376041, 50.5518724], [34.2372522, 50.5537388], [34.2362255, 50.5539566], [34.2342648, 50.554294], [34.2323309, 50.5543247], [34.2308101, 50.5542932], [34.2292893, 50.5541781], [34.2281601, 50.5540009], [34.2264441, 50.5533461], [34.2256593, 50.5590332], [34.2251748, 50.5625907], [34.2247967, 50.5654749], [34.2244179, 50.5683155], [34.232486, 50.5687221], [34.2324462, 50.569035], [34.230212, 50.5741106], [34.23011, 50.5754631], [34.2301097, 50.5767886], [34.2300779, 50.5774662], [34.2298794, 50.5782054], [34.2293168, 50.5789933], [34.2272079, 50.5815028], [34.228152, 50.5824839], [34.2273769, 50.5844151], [34.2250687, 50.5874734], [34.224674, 50.5901274], [34.2244238, 50.5925822], [34.2239973, 50.5947044], [34.2233018, 50.5966616], [34.2227162, 50.5982807], [34.2273363, 50.6005409], [34.224549, 50.6029512], [34.2215614, 50.6055268], [34.2205964, 50.6063672], [34.2142126, 50.6119453], [34.2113507, 50.614437], [34.2081907, 50.6170258], [34.2065334, 50.6185998], [34.2035307, 50.6212195], [34.2009491, 50.6232387], [34.1988756, 50.6249787], [34.1971415, 50.6264486], [34.1946244, 50.6285475], [34.1924084, 50.6302338], [34.1882086, 50.6329813], [34.1856712, 50.6345295], [34.1823643, 50.636294], [34.1822326, 50.6362987], [34.1825091, 50.6389992], [34.1830357, 50.6435171], [34.1832888, 50.6460695], [34.1833591, 50.6461049], [34.1833806, 50.6463447], [34.1832273, 50.6463379], [34.180496, 50.6477507], [34.1792017, 50.6483856], [34.1778499, 50.6489639], [34.1776621, 50.6490965], [34.175373, 50.6500275], [34.1724801, 50.6512258], [34.1723192, 50.6510489], [34.1699851, 50.6518736], [34.1659695, 50.6532697], [34.1603672, 50.6552221], [34.1587764, 50.6551918], [34.1551477, 50.656562], [34.1532418, 50.6573915], [34.1520739, 50.6585175], [34.1508132, 50.6591296], [34.1481788, 50.6606118], [34.1463393, 50.6622207], [34.1458343, 50.6627984], [34.1453898, 50.6633225], [34.1449261, 50.6640217], [34.1440755, 50.665264], [34.1431264, 50.6668178], [34.1414759, 50.669614], [34.140712, 50.6706191], [34.1403419, 50.6710509], [34.1398457, 50.6712742], [34.1387694, 50.671518], [34.1366082, 50.671877], [34.1362649, 50.672132], [34.1359209, 50.672328], [34.1343946, 50.6734758], [34.1324126, 50.6753713], [34.1320002, 50.675705], [34.1319186, 50.6758312], [34.1285494, 50.6791773], [34.127596, 50.6798794], [34.1248504, 50.6816462], [34.1208442, 50.6841575], [34.1180744, 50.6854778], [34.1153026, 50.6864591], [34.1098348, 50.6892704], [34.1058677, 50.6913824], [34.0970451, 50.695946], [34.0921283, 50.6995782], [34.0894201, 50.7015976], [34.0888076, 50.7019772], [34.0841267, 50.7053342], [34.0826154, 50.7064432], [34.0809772, 50.7075543], [34.085461, 50.7105842], [34.0900853, 50.7136403], [34.091692, 50.7147318], [34.0928453, 50.715547], [34.0933442, 50.7160055], [34.0967345, 50.7183049], [34.0968418, 50.7185121], [34.0979683, 50.7193204], [34.0988374, 50.7198231], [34.1007282, 50.7210938], [34.1019756, 50.7219491], [34.1028544, 50.7223874], [34.1102217, 50.7249731], [34.1181976, 50.7278275], [34.1190174, 50.7281416], [34.1196459, 50.7278818], [34.120869, 50.7281636], [34.1221243, 50.7282961], [34.1225414, 50.7283087], [34.1265128, 50.7299703], [34.1268825, 50.7299633], [34.1279011, 50.7302737], [34.1282441, 50.730056], [34.1325257, 50.725287], [34.1340913, 50.7235959], [34.1345698, 50.7232498], [34.1385719, 50.7207772], [34.1401327, 50.7198197], [34.1417395, 50.7187895], [34.1448816, 50.7209723], [34.1470581, 50.7224721], [34.1472566, 50.7227676], [34.147321, 50.722951], [34.147439, 50.7230121], [34.1477609, 50.7230596], [34.1511477, 50.7252884], [34.1552324, 50.7280064], [34.16389, 50.7341631], [34.1560963, 50.7386321], [34.1464906, 50.7441523], [34.1475938, 50.744876], [34.1505174, 50.7466153], [34.1521921, 50.7477325], [34.1525835, 50.7479936], [34.1535075, 50.7485325], [34.1545169, 50.749349], [34.157307, 50.7508433], [34.159922, 50.7520088], [34.1613279, 50.752703], [34.1638037, 50.7541428], [34.1668449, 50.7551327], [34.1698968, 50.7561189], [34.1703864, 50.7563786], [34.1712248, 50.7574286], [34.1718471, 50.7580598], [34.1732792, 50.7599212], [34.1756329, 50.7630389], [34.1781764, 50.7665219], [34.1772973, 50.7666989], [34.1747278, 50.7669228], [34.1740341, 50.7670249], [34.1718125, 50.7679397], [34.1703746, 50.7689348], [34.1695992, 50.7695764], [34.1671425, 50.7716896], [34.1667563, 50.772134], [34.1664379, 50.7724492], [34.1639501, 50.7738561], [34.1612868, 50.775942], [34.1623001, 50.7823684], [34.1625988, 50.7843793], [34.1631621, 50.7862989], [34.1633115, 50.787088], [34.1630495, 50.7901718], [34.1624639, 50.7922508], [34.1617082, 50.7949254], [34.1619812, 50.7965273], [34.1618639, 50.796618], [34.1603351, 50.7973639], [34.1594382, 50.7976478], [34.1573354, 50.7979921], [34.1557938, 50.8001354], [34.1536832, 50.7998289], [34.1535115, 50.8000425], [34.1509044, 50.8003341], [34.145212, 50.8005593], [34.1414715, 50.8007723], [34.1420781, 50.8045047], [34.1423915, 50.8096515], [34.1439707, 50.8095975], [34.1475683, 50.8094616], [34.1520739, 50.8092736], [34.1582466, 50.8090626], [34.1603912, 50.8089846], [34.1617812, 50.8126286], [34.1634281, 50.8173208], [34.1644078, 50.8202751], [34.1653182, 50.8228205], [34.1669642, 50.8263004], [34.167974, 50.8285883], [34.1688216, 50.8298962], [34.1696666, 50.8309944], [34.1728363, 50.8324888], [34.1747975, 50.8333148], [34.1765674, 50.8341285], [34.1789114, 50.8351088], [34.1805106, 50.8355306], [34.1813459, 50.8358331], [34.1818678, 50.8361099], [34.1823068, 50.8365369], [34.1829733, 50.8373896], [34.1834528, 50.8385792], [34.1837466, 50.8398538], [34.1851737, 50.841037], [34.1849899, 50.8419739], [34.1843677, 50.8428749], [34.1838849, 50.8439656], [34.1833591, 50.844616], [34.1827083, 50.8450273], [34.1826543, 50.8453145], [34.1820127, 50.8460589], [34.1816396, 50.8469954], [34.1824191, 50.8490975], [34.1828353, 50.8500301], [34.183283, 50.8506594], [34.1848685, 50.8514914], [34.1866105, 50.8527027], [34.1873334, 50.8533878], [34.187546, 50.8540742], [34.1874751, 50.8551048], [34.1869801, 50.8577058], [34.1869962, 50.8585964], [34.1867709, 50.8594125], [34.1864243, 50.8596583], [34.1862076, 50.8600626], [34.1861325, 50.8604317], [34.1859877, 50.8607771], [34.1855854, 50.8612308], [34.1851832, 50.8618107], [34.1851079, 50.8621044], [34.1851884, 50.8625276], [34.1853064, 50.8628967], [34.1854727, 50.8631371], [34.1854244, 50.8634587], [34.1852474, 50.8636958], [34.1851007, 50.8642802], [34.1836109, 50.8696006], [34.1742367, 50.8735388], [34.1733298, 50.8756561], [34.1728548, 50.8764516], [34.1720509, 50.8784016], [34.1703451, 50.8814511], [34.1692078, 50.8813631], [34.1686553, 50.8812582], [34.1680169, 50.881309], [34.1669548, 50.8816813], [34.1664022, 50.8817524], [34.1655976, 50.8817591], [34.164809, 50.881573], [34.1641291, 50.8813118], [34.1635001, 50.8808758], [34.1615305, 50.880022], [34.159537, 50.8792691], [34.1589457, 50.8791293], [34.1576958, 50.8790751], [34.156556, 50.8791028], [34.1555661, 50.8789871], [34.1546071, 50.8787652], [34.1542947, 50.8785065], [34.1537631, 50.8775054], [34.1532969, 50.8773184], [34.1529, 50.8773929], [34.151394, 50.87717], [34.1505343, 50.8769935], [34.1495311, 50.8765162], [34.1488795, 50.876421], [34.1473041, 50.8760092], [34.1460657, 50.8759171], [34.14554, 50.8759475], [34.1453254, 50.8759204], [34.1451216, 50.8758324], [34.1448265, 50.8755549], [34.1446227, 50.8754533], [34.1438234, 50.8753348], [34.1435873, 50.8752265], [34.1430134, 50.8752502], [34.1427773, 50.8751961], [34.1426073, 50.8751093], [34.1418171, 50.8751487], [34.1415348, 50.8750343], [34.1403466, 50.8742605], [34.1385262, 50.8737328], [34.1377525, 50.8735923], [34.1357565, 50.873091], [34.1299212, 50.8711448], [34.1234922, 50.8798874], [34.1200402, 50.8847394], [34.1150074, 50.8916668], [34.111003, 50.897152], [34.1088068, 50.9002267], [34.1075055, 50.9020237], [34.1070252, 50.9041634], [34.1063599, 50.9050618], [34.1042668, 50.9099182], [34.1034078, 50.9120713], [34.1032224, 50.9123041], [34.1011993, 50.9172563], [34.0998976, 50.9203661], [34.0984299, 50.9239224], [34.0994826, 50.9239988], [34.1010235, 50.9242535], [34.1020882, 50.9243543], [34.1027372, 50.9243057], [34.1034347, 50.9245301], [34.1039067, 50.9247804], [34.1048241, 50.9253484], [34.1056716, 50.9257474], [34.1067231, 50.9260957], [34.107855, 50.9263933], [34.1084236, 50.9266773], [34.1089332, 50.927242], [34.1095018, 50.9273671], [34.1099095, 50.9273907], [34.1104674, 50.9275936], [34.1112935, 50.9280568], [34.1117558, 50.9285148], [34.1107839, 50.9290407], [34.1088313, 50.9299773], [34.1075063, 50.9306704], [34.1066855, 50.9311573], [34.1059613, 50.9316847], [34.1054571, 50.9321107], [34.1052854, 50.9324555], [34.1052961, 50.9328173], [34.1051352, 50.9333582], [34.103499, 50.9348052], [34.1024315, 50.9353427], [34.1012514, 50.9358498], [34.100334, 50.9360763], [34.0999049, 50.9361033], [34.0993255, 50.9360661], [34.0985638, 50.9359174], [34.0979416, 50.9357526], [34.0970886, 50.9354002], [34.0966058, 50.9352852], [34.0962303, 50.9352987], [34.095844, 50.9354373], [34.0948945, 50.9364312], [34.0946048, 50.9370634], [34.0938682, 50.9377096], [34.0863797, 50.9366182], [34.0831607, 50.9361226], [34.0772089, 50.9351889], [34.07163, 50.9344046], [34.0712643, 50.9371141], [34.0709975, 50.9384064], [34.0706205, 50.9400348], [34.0710458, 50.9423382], [34.0713125, 50.9440538], [34.0656713, 50.9445547], [34.0624788, 50.9448234], [34.0603502, 50.944851], [34.0588228, 50.9449941], [34.0579266, 50.9450071], [34.0556569, 50.9455894], [34.0538138, 50.9458587], [34.0531433, 50.9459972], [34.0511377, 50.9471853], [34.0496876, 50.9481029], [34.049297, 50.9482921], [34.0489215, 50.9483698], [34.0486532, 50.9483935], [34.0483421, 50.9483665], [34.0477541, 50.9481963], [34.0473608, 50.9485748], [34.0470931, 50.948793], [34.0468347, 50.9491235], [34.0463269, 50.9501146], [34.0470493, 50.9501847], [34.0484065, 50.9508843], [34.0490931, 50.9514858], [34.0491575, 50.9523138], [34.0487337, 50.9529964], [34.047457, 50.9538953], [34.0474248, 50.9540541], [34.0475333, 50.9542211], [34.0499027, 50.9550813], [34.054855, 50.9572006], [34.057703, 50.9590451], [34.0593177, 50.9597715], [34.0614121, 50.9606471], [34.0643442, 50.9630253], [34.0643227, 50.9634138], [34.0663877, 50.9660198], [34.0661411, 50.9660998], [34.0664089, 50.9666172], [34.0666938, 50.9675693], [34.0674716, 50.9707718], [34.0677417, 50.9730662], [34.0689935, 50.976921], [34.0699663, 50.9807609], [34.0712416, 50.985281], [34.0719633, 50.9874325], [34.0723888, 50.9895425], [34.0745467, 50.9897019], [34.0808759, 50.9904477], [34.0803255, 50.9914905], [34.07974, 50.9923864], [34.0798473, 50.9925721], [34.0799692, 50.9926563], [34.0803686, 50.9928049], [34.0806642, 50.9930261], [34.0807217, 50.9932271], [34.0805525, 50.9935794], [34.0805876, 50.9937032], [34.080711, 50.9938281], [34.0810616, 50.9939136], [34.0823656, 50.9939913], [34.0826905, 50.993737], [34.0842354, 50.9939767], [34.0847129, 50.9941556], [34.0850686, 50.9943426], [34.0857589, 50.9945844], [34.085602, 50.9954009], [34.0852761, 50.9969816], [34.0843058, 50.9971045], [34.0833288, 50.9970288], [34.0826315, 50.9970423], [34.0821058, 50.9970812], [34.0817088, 50.9972449], [34.0812511, 50.9974824], [34.0808724, 50.9977725], [34.0806464, 50.9980702], [34.0805817, 50.99828], [34.0804921, 50.998884], [34.0802914, 50.9994899], [34.0808077, 51.000405], [34.0810798, 51.0005558], [34.0814942, 51.0006175], [34.0815704, 51.0006988], [34.0814812, 51.0008902], [34.0814867, 51.0011866], [34.0799385, 51.0023966], [34.0797508, 51.002454], [34.079563, 51.0026228], [34.0788442, 51.0035849], [34.0786993, 51.0040541], [34.078281, 51.0045259], [34.0772939, 51.0052895], [34.0755558, 51.0063461], [34.0752554, 51.0067309], [34.0750623, 51.0071562], [34.0750998, 51.00773], [34.0749818, 51.0078009], [34.0746224, 51.0078076], [34.0743434, 51.0078785], [34.0741378, 51.0079476], [34.0732491, 51.0087224], [34.0724337, 51.0096033], [34.0721226, 51.0096202], [34.0712428, 51.0102581], [34.0704811, 51.0106462], [34.0695906, 51.0112031], [34.0686947, 51.0116723], [34.0678364, 51.0119862], [34.0670103, 51.0121583], [34.0652883, 51.0124587], [34.0636468, 51.0128164], [34.0633254, 51.0129449], [34.0627992, 51.0134657], [34.0603275, 51.0141025], [34.0595259, 51.0131647], [34.0496797, 51.0157864], [34.0471539, 51.014779], [34.0426251, 51.0213497], [34.0372002, 51.02871], [34.0323239, 51.0355078], [34.0309131, 51.0373665], [34.0298724, 51.0384189], [34.0281546, 51.0399851], [34.0282822, 51.0400629], [34.0279692, 51.0404112], [34.0276274, 51.0404309], [34.0274276, 51.0405869], [34.0261478, 51.0402554], [34.0247714, 51.0411925], [34.0207236, 51.0436531], [34.022634, 51.0451786], [34.02526, 51.0473092], [34.0237445, 51.0493493], [34.0232885, 51.0504165], [34.0178216, 51.0518046], [34.0131884, 51.0536971], [34.0136278, 51.0585843], [34.013875, 51.0622692], [34.0140027, 51.0649126], [34.013031, 51.0661711], [34.0110494, 51.0668309], [34.007062, 51.0671782], [34.005003, 51.0680054], [33.9989519, 51.0693403], [33.9982438, 51.0689223], [33.9965627, 51.0685732], [33.9932646, 51.0692], [33.9916524, 51.06882], [33.9899194, 51.0685064], [33.9889838, 51.0684989], [33.986414, 51.0691862], [33.9847557, 51.0698442], [33.9829347, 51.070434], [33.9818204, 51.070465], [33.9786785, 51.0700217], [33.9762124, 51.0700384], [33.9741362, 51.0703845], [33.9716998, 51.0710169], [33.9697951, 51.0709186], [33.9672489, 51.0708232], [33.9677998, 51.0686887], [33.9659549, 51.0675259], [33.9641994, 51.0667369], [33.9642005, 51.0665609], [33.9642372, 51.0606901], [33.9640795, 51.0530997], [33.9640982, 51.0529529], [33.9641616, 51.0524539], [33.9653376, 51.0520861], [33.9668971, 51.0519237], [33.9680735, 51.0520136], [33.9686835, 51.0497553], [33.9675687, 51.0491669], [33.9647728, 51.0491321], [33.9604029, 51.0492632], [33.961071, 51.0479688], [33.9614775, 51.0471604], [33.9628703, 51.0449725], [33.9639808, 51.0428378], [33.9647345, 51.0414315], [33.9660607, 51.0394981], [33.9670326, 51.0383485], [33.9683655, 51.0371387], [33.969468, 51.0359691], [33.9613132, 51.0324376], [33.9456743, 51.0251879], [33.9471505, 51.0243496], [33.9423911, 51.0192379], [33.940856, 51.0158462], [33.9435924, 51.0157657], [33.9437768, 51.0153292], [33.9375201, 51.0149804], [33.9360534, 51.0148748], [33.9358878, 51.0143352], [33.9350327, 51.012599], [33.9349848, 51.0111577], [33.9339245, 51.0102167], [33.9325396, 51.0092329], [33.9318907, 51.0096801], [33.9308999, 51.0097803], [33.9299869, 51.0095291], [33.927927, 51.0102041], [33.9269399, 51.0100556], [33.9263536, 51.009596], [33.9258241, 51.0088405], [33.9255452, 51.0078279], [33.9250517, 51.0075714], [33.9243436, 51.0074904], [33.9232278, 51.0072068], [33.9222622, 51.0063292], [33.9217257, 51.0061267], [33.9210605, 51.0068018], [33.9191079, 51.0059377], [33.9219832, 51.0040608], [33.9217591, 51.003623], [33.9214422, 51.0038224], [33.9206758, 51.0042297], [33.9185468, 51.0045566], [33.9181886, 51.0041493], [33.9176986, 51.0039975], [33.9172518, 51.0041514], [33.91679, 51.0046047], [33.9164278, 51.0048457], [33.9163355, 51.0051204], [33.9164388, 51.0053825], [33.9164134, 51.005754], [33.9161785, 51.0059341], [33.9153011, 51.0068551], [33.9139723, 51.0072401], [33.9129704, 51.0071101], [33.9123898, 51.0065968], [33.9095491, 51.0059914], [33.9103381, 51.0043331], [33.9099673, 51.0033584], [33.9085797, 51.0019092], [33.9070764, 51.000121], [33.9069465, 50.9984272], [33.9039188, 50.9955747], [33.903309, 50.9954063], [33.9002397, 50.9945178], [33.8998512, 50.9940976], [33.8998898, 50.9933915], [33.8997622, 50.9923437], [33.8969585, 50.9914733], [33.8948665, 50.9908614], [33.8936653, 50.9904322], [33.8929153, 50.9900678], [33.9054702, 50.9849142], [33.9036683, 50.9830307], [33.8957902, 50.9824634], [33.894376, 50.9825667], [33.8829834, 50.9853052], [33.8686493, 50.9893424], [33.8524726, 50.9938301], [33.8506397, 50.9908494], [33.8458674, 50.9835292], [33.8454447, 50.9835188], [33.8429629, 50.9841856], [33.8416045, 50.9848084], [33.8401222, 50.9850352], [33.8384432, 50.985069], [33.8369661, 50.9856441], [33.8356, 50.986288], [33.8339172, 50.9866243], [33.8318378, 50.9867439], [33.8302302, 50.9866967], [33.8292056, 50.9865514], [33.8280681, 50.9861039], [33.8270142, 50.9854679], [33.8260138, 50.9852108], [33.824957, 50.9850251], [33.8238788, 50.9849136], [33.8220151, 50.9849031], [33.8195696, 50.9851693], [33.8164598, 50.9852648], [33.8140976, 50.9856561], [33.8132679, 50.9858153], [33.8099521, 50.9861617], [33.8081825, 50.9861057], [33.8076407, 50.9862779], [33.806355, 50.9869765], [33.8057846, 50.9869803], [33.8054153, 50.9867593], [33.8045508, 50.9863995], [33.8035381, 50.9859057], [33.8031185, 50.985356], [33.8032043, 50.984505], [33.8035101, 50.9840288], [33.8036793, 50.9835629], [33.8034242, 50.983269], [33.802265, 50.9827569], [33.8016701, 50.9822187], [33.8012356, 50.9817256], [33.8009742, 50.9813217], [33.8007313, 50.9811008], [33.8000876, 50.9809623], [33.7993473, 50.9810231], [33.7983656, 50.9812629], [33.797846, 50.981543], [33.7968367, 50.9817729], [33.7956801, 50.9816868], [33.7925022, 50.9812076], [33.790036, 50.9813971], [33.7891066, 50.9814149], [33.7866977, 50.9817255], [33.7842446, 50.9824685], [33.7828791, 50.9830818], [33.7821704, 50.9831947], [33.7817252, 50.9833838], [33.7813067, 50.9835966], [33.7800339, 50.9838641], [33.7777826, 50.9833385], [33.7760213, 50.9826383], [33.774569, 50.9825226], [33.7733816, 50.9826963], [33.770995, 50.9840675], [33.7693119, 50.9844003], [33.7673056, 50.9847414], [33.7660074, 50.9847887], [33.7634996, 50.9847507], [33.7621772, 50.9849406], [33.7594677, 50.9857248], [33.7583764, 50.9851612], [33.7557506, 50.9848697], [33.7524837, 50.9847346], [33.7505793, 50.9846131], [33.7330346, 50.9838197], [33.7223089, 50.9809657], [33.7162557, 50.9794754], [33.7124276, 50.9732107], [33.7084566, 50.9669938], [33.706711, 50.9655687], [33.7059313, 50.9645794], [33.7050354, 50.963924], [33.7041667, 50.9634492], [33.7033886, 50.9636165], [33.7021762, 50.9637787], [33.7012857, 50.9643091], [33.69916, 50.9643155], [33.6974072, 50.9641503], [33.6949713, 50.9638271], [33.6936039, 50.9639544], [33.6919033, 50.9644882], [33.6902296, 50.9649747], [33.6878851, 50.9659357], [33.6870432, 50.9669308], [33.6856806, 50.9672315], [33.6842108, 50.9676808], [33.6834651, 50.9681706], [33.6819524, 50.9689003], [33.6812318, 50.9691039], [33.6805844, 50.9687888], [33.6797529, 50.9685557], [33.6782502, 50.9685537], [33.6768079, 50.9689611], [33.6726853, 50.9694527], [33.672481, 50.9687145], [33.6663694, 50.969652], [33.660278, 50.9705597], [33.6626422, 50.9773793], [33.6629676, 50.9783178], [33.6760139, 50.9927443], [33.667345, 50.9982004], [33.645544, 51.0041149], [33.6455837, 51.0043266], [33.6462736, 51.0080034], [33.643999, 51.0144027], [33.6445193, 51.015712], [33.6449432, 51.0167786], [33.6448923, 51.0181077], [33.6448155, 51.0201128], [33.6447715, 51.02126], [33.643484, 51.0249312], [33.639965, 51.0324346], [33.6313819, 51.0283321], [33.6197948, 51.0240674], [33.6086368, 51.020828], [33.583188, 51.0230416], [33.5574603, 51.0397277], [33.5568488, 51.0401257], [33.5561943, 51.0404023], [33.5550302, 51.0404562], [33.5070944, 51.0324564], [33.5115153, 51.0308272], [33.5123263, 51.0182805], [33.5130482, 51.0043901], [33.5059971, 51.0043195], [33.5057124, 51.0042583], [33.5054576, 51.0034532], [33.5054523, 51.0016776], [33.505007, 50.9996318], [33.505168, 50.998808], [33.505286, 50.9983725], [33.5054063, 50.99736], [33.5054576, 50.995729], [33.50564, 50.9943717], [33.5112405, 50.9929975], [33.5118857, 50.9926437], [33.5118788, 50.9919576], [33.5112405, 50.9912114], [33.5107301, 50.9900393], [33.5082991, 50.9849041], [33.4954786, 50.986655], [33.4901269, 50.9873655], [33.4863813, 50.9878838], [33.480973, 50.9886126], [33.4751487, 50.9926666], [33.4748702, 50.9928254], [33.4743655, 50.9926565], [33.4739578, 50.9926633], [33.4731209, 50.9919542], [33.4722841, 50.9918597], [33.4710975, 50.9896516], [33.4680676, 50.988537], [33.4674631, 50.9881029], [33.465836, 50.9878347], [33.4651218, 50.9880811], [33.4631538, 50.9885911], [33.4614215, 50.9887849], [33.4602041, 50.9883657], [33.4617306, 50.9861099], [33.4619116, 50.9857758], [33.4520521, 50.986902], [33.4432531, 50.9670652], [33.4381554, 50.9685328], [33.4292438, 50.969365], [33.4216501, 50.9693546], [33.420174, 50.969398], [33.4154635, 50.9683113], [33.4171629, 50.9662884], [33.4206756, 50.9648869], [33.4185198, 50.963049], [33.410941, 50.9645981], [33.389641, 50.9684384], [33.374106, 50.9701064], [33.3646207, 50.9709736], [33.3539014, 50.9720911], [33.3446261, 50.972937], [33.3434771, 50.9764983], [33.3311302, 50.9778468], [33.3105152, 50.9795271], [33.305319, 50.9805238], [33.3012234, 50.9812981], [33.3002904, 50.9812788], [33.294775, 50.981331], [33.2920041, 50.9816614], [33.2884884, 50.9821838], [33.2847035, 50.9829725], [33.2795668, 50.9832254], [33.2799764, 50.9839312], [33.2592501, 50.9806795], [33.2464044, 50.9795118], [33.2207767, 50.9760384], [33.2153555, 50.975413], [33.2160862, 50.9722819], [33.2126471, 50.9728596], [33.2080752, 50.9726074], [33.2063938, 50.9692722], [33.20485, 50.9676909], [33.2029415, 50.9653397], [33.2003096, 50.9616213], [33.2002881, 50.9523925], [33.2004264, 50.9430893], [33.2003036, 50.9343447], [33.1973088, 50.931236], [33.1970994, 50.9202295], [33.2036841, 50.9109083], [33.210932, 50.9014404], [33.2103824, 50.9008677], [33.208525, 50.8994836], [33.2061957, 50.8985476], [33.2035889, 50.8978655], [33.2061338, 50.8953596], [33.2059127, 50.8945424], [33.204001, 50.8939447], [33.2028212, 50.8940948], [33.2014889, 50.8933436], [33.2011127, 50.8934174], [33.200115, 50.8939791], [33.1996751, 50.8945002], [33.1995571, 50.8951227], [33.199253, 50.8957935], [33.1986987, 50.8959416], [33.198452, 50.8958942], [33.197714, 50.895199], [33.2003478, 50.892843], [33.1997073, 50.8920842], [33.1992137, 50.8911976], [33.1985915, 50.8909405], [33.198173, 50.8910217], [33.1968388, 50.890877], [33.1967011, 50.8917959], [33.1955016, 50.8918879], [33.1938619, 50.8918981], [33.192669, 50.8919334], [33.1919636, 50.8917314], [33.1908442, 50.8912848], [33.1901157, 50.8912112], [33.1890643, 50.8914074], [33.1880366, 50.8914887], [33.1871974, 50.8932816], [33.1880021, 50.8936813], [33.1886751, 50.8945623], [33.1862549, 50.8947918], [33.1842806, 50.8937375], [33.1820798, 50.8944257], [33.1808952, 50.8945586], [33.1796765, 50.892964], [33.1774878, 50.8925444], [33.1770801, 50.8931941], [33.1745481, 50.8910149], [33.1750727, 50.890438], [33.1729188, 50.8898462], [33.1717586, 50.8888086], [33.1703424, 50.8880235], [33.1701493, 50.886548], [33.1695124, 50.8861578], [33.1690916, 50.8834156], [33.1703639, 50.881661], [33.1734967, 50.8803207], [33.1742477, 50.8796708], [33.1744838, 50.8775181], [33.1758104, 50.8756897], [33.1764869, 50.8755436], [33.1773095, 50.8742274], [33.1780886, 50.8734155], [33.1778139, 50.8723085], [33.1788826, 50.8710188], [33.1797376, 50.8689454], [33.1814146, 50.8686896], [33.1829255, 50.8687191], [33.1834316, 50.8682969], [33.1835742, 50.8677584], [33.1809425, 50.8671052], [33.1786251, 50.8668885], [33.1744147, 50.8660684], [33.1729349, 50.8556597], [33.1695442, 50.8508669], [33.1850769, 50.8493302], [33.1851737, 50.8486881], [33.18369, 50.8466142], [33.183599, 50.8461314], [33.1807663, 50.8432881], [33.1791111, 50.8431648], [33.1773942, 50.8434977], [33.174913, 50.8428119], [33.1743336, 50.841354], [33.1733465, 50.839945], [33.1717801, 50.8398906], [33.1727671, 50.8387252], [33.1707287, 50.8389556], [33.1695699, 50.8384407], [33.1686258, 50.8372889], [33.1676847, 50.8372234], [33.1670237, 50.8363072], [33.1697428, 50.8352474], [33.1699776, 50.83405], [33.1679177, 50.8335757], [33.1666018, 50.8336614], [33.166523, 50.8326542], [33.1660231, 50.831868], [33.1625129, 50.829339], [33.156014, 50.8283245], [33.155365, 50.8283036], [33.1552791, 50.8277886], [33.1560731, 50.8264874], [33.1553221, 50.8254302], [33.1542921, 50.8254573], [33.1542255, 50.824274], [33.156352, 50.8216754], [33.1583513, 50.8215041], [33.1605121, 50.8193372], [33.1612704, 50.8167728], [33.1625493, 50.8143839], [33.1615233, 50.8140295], [33.161416, 50.8126059], [33.1620812, 50.812633], [33.1627679, 50.8131211], [33.1651004, 50.8140885], [33.1663943, 50.8139557], [33.1655528, 50.8052817], [33.1648063, 50.8047279], [33.1641646, 50.8025438], [33.1671105, 50.8005778], [33.1692106, 50.7995041], [33.1643793, 50.7917967], [33.15697, 50.7934904], [33.1563735, 50.7934713], [33.1563345, 50.7922566], [33.1582665, 50.7885179], [33.1599569, 50.7870823], [33.1582395, 50.7867833], [33.1653025, 50.7768093], [33.1789222, 50.7611344], [33.1882996, 50.7502324], [33.1894443, 50.7502926], [33.1898927, 50.746551], [33.2076632, 50.7476276], [33.2089142, 50.7438252], [33.2122063, 50.7370119], [33.2148027, 50.73727], [33.2152855, 50.7362142], [33.2306768, 50.7378677], [33.2313251, 50.7365095], [33.2328227, 50.7346725], [33.2359231, 50.7352899], [33.2368827, 50.7334945], [33.2402392, 50.7323541], [33.2343721, 50.7309548], [33.2270563, 50.730025], [33.2263767, 50.7296117], [33.2251578, 50.7292516], [33.2247445, 50.7285605], [33.2212305, 50.7280827], [33.2140921, 50.7273402], [33.2138919, 50.7216717], [33.21115, 50.7213228], [33.2092318, 50.7210122], [33.206386, 50.7217452], [33.2049584, 50.7223625], [33.2032553, 50.722668], [33.2020105, 50.7227075], [33.2014719, 50.72273], [33.1995793, 50.7223977], [33.1981564, 50.7221703], [33.1970374, 50.7220391], [33.1957803, 50.7222228], [33.1944265, 50.7220479], [33.1931418, 50.7217767], [33.1923681, 50.7213832], [33.1918432, 50.7210246], [33.1913346, 50.7204172], [33.1902294, 50.7200674], [33.1887237, 50.7197263], [33.1878685, 50.7196036], [33.1869554, 50.7194727], [33.184676, 50.719254], [33.1828939, 50.7191141], [33.1815816, 50.7186243], [33.1803049, 50.7180859], [33.1783512, 50.7172819], [33.1768342, 50.7171218], [33.1764757, 50.7170839], [33.1749519, 50.716552], [33.1739555, 50.7163789], [33.172334, 50.7163047], [33.1700373, 50.7159339], [33.1694023, 50.7160111], [33.1677819, 50.7159825], [33.1666136, 50.7159283], [33.1656817, 50.7158772], [33.1649284, 50.7156028], [33.1639027, 50.7155163], [33.1633314, 50.7151985], [33.162716, 50.714883], [33.1619638, 50.7147717], [33.159805, 50.7150562], [33.158457, 50.7151366], [33.1573986, 50.7147248], [33.1567936, 50.7143391], [33.1523394, 50.7101475], [33.1486977, 50.7102187], [33.138545, 50.7115711], [33.1360216, 50.7105702], [33.1408832, 50.7050852], [33.1471277, 50.6986257], [33.1510665, 50.6941422], [33.1512099, 50.6936423], [33.1511237, 50.6927028], [33.1504074, 50.6855721], [33.1493609, 50.6799804], [33.1472772, 50.6686973], [33.1468336, 50.6617885], [33.146763, 50.6595616], [33.1467737, 50.6548165], [33.1389085, 50.6502436], [33.1378922, 50.6488531], [33.1353341, 50.6493551], [33.1339314, 50.6493503], [33.1326992, 50.6496985], [33.1252279, 50.6504814], [33.1246699, 50.6503537], [33.1221925, 50.6492414], [33.1173518, 50.6477802], [33.1165641, 50.6447793], [33.1178335, 50.643088], [33.1177282, 50.6417047], [33.1180053, 50.640936], [33.1206894, 50.6395002], [33.1215673, 50.639281], [33.1106905, 50.6114497], [33.1064901, 50.6075514], [33.1030341, 50.6024316], [33.1215977, 50.5998669], [33.1211722, 50.599025], [33.1242353, 50.5983549], [33.1232643, 50.597268], [33.122548, 50.5970115], [33.1229639, 50.5963281], [33.1230497, 50.5956879], [33.1222343, 50.5952725], [33.1220673, 50.5945593], [33.1206036, 50.5933655], [33.1203677, 50.5929136], [33.1191162, 50.5917265], [33.1040621, 50.5934287], [33.101002, 50.5914584], [33.0956912, 50.5867517], [33.0923338, 50.5843338], [33.0951989, 50.5818817], [33.0971309, 50.5799355], [33.0930708, 50.5770949], [33.0859191, 50.5720136], [33.0806104, 50.5687582], [33.0773937, 50.5643283], [33.0768463, 50.5629244], [33.075276, 50.5594389], [33.0738316, 50.5566582], [33.0728906, 50.5559652], [33.0693937, 50.5540087], [33.0586575, 50.5479426], [33.0565846, 50.5460333], [33.0528188, 50.5436948], [33.0496645, 50.5419562], [33.049643, 50.5414448], [33.049, 50.5408409]]]}}, {"type": "Feature", "properties": {"name": "Конотопский район", "NAME_1": "Сумская область", "osm_id": 11798645}, "geometry": {"type": "Polygon", "coordinates": [[[32.9426042, 51.0896908], [32.9488084, 51.0869915], [32.9552968, 51.0843101], [32.9619777, 51.0883684], [32.9625103, 51.0884799], [32.9738331, 51.0872969], [32.9873299, 51.0861647], [32.9966819, 51.0851884], [33.0244282, 51.083162], [33.0408851, 51.0818332], [33.037859, 51.0717793], [33.0491088, 51.0707566], [33.0693178, 51.0691977], [33.0712765, 51.0622105], [33.0601376, 51.0492012], [33.0709724, 51.0438237], [33.0842375, 51.0397973], [33.0850758, 51.0374699], [33.083632, 51.035808], [33.0805247, 51.0334802], [33.078568, 51.031409], [33.0766711, 51.0300734], [33.0755255, 51.0307423], [33.0727757, 51.0318612], [33.0683113, 51.0268902], [33.0638707, 51.0226914], [33.0633655, 51.0229212], [33.0623103, 51.0234212], [33.0589137, 51.0225246], [33.0597539, 51.02049], [33.0607262, 51.017328], [33.0592474, 51.0154655], [33.0570378, 51.0144806], [33.0515038, 51.0123009], [33.0498635, 51.0112772], [33.0491574, 51.007873], [33.0469179, 51.0045199], [33.0448025, 51.0023273], [33.0426905, 50.999324], [33.0415417, 50.9972273], [33.0403278, 50.9921875], [33.0482233, 50.9903609], [33.0488062, 50.9891651], [33.0496796, 50.9882966], [33.0520248, 50.9877199], [33.060528, 50.9863118], [33.0618095, 50.9848157], [33.065645, 50.9843049], [33.0693626, 50.9842348], [33.0716371, 50.9831136], [33.0730963, 50.9828975], [33.0761796, 50.9829239], [33.0793189, 50.9808205], [33.0780923, 50.9917859], [33.1076073, 51.0034826], [33.1179099, 51.0067092], [33.1262427, 51.0009986], [33.1244818, 50.9988922], [33.1215351, 50.9977277], [33.1230918, 50.9945135], [33.1242694, 50.9923247], [33.1306011, 50.9821964], [33.1395296, 50.9676104], [33.1369976, 50.9614883], [33.1389403, 50.9618342], [33.1478026, 50.9618621], [33.1798708, 50.9587874], [33.1824916, 50.9587238], [33.1873356, 50.9595315], [33.1875905, 50.9597929], [33.1870182, 50.9618942], [33.1878677, 50.9622743], [33.1970358, 50.9622516], [33.2003096, 50.9616213], [33.2029415, 50.9653397], [33.20485, 50.9676909], [33.2063938, 50.9692722], [33.2080752, 50.9726074], [33.2126471, 50.9728596], [33.2160862, 50.9722819], [33.2153555, 50.975413], [33.2207767, 50.9760384], [33.2464044, 50.9795118], [33.2592501, 50.9806795], [33.2799764, 50.9839312], [33.2795668, 50.9832254], [33.2847035, 50.9829725], [33.2884884, 50.9821838], [33.2920041, 50.9816614], [33.294775, 50.981331], [33.3002904, 50.9812788], [33.3012234, 50.9812981], [33.305319, 50.9805238], [33.3105152, 50.9795271], [33.3311302, 50.9778468], [33.3434771, 50.9764983], [33.3446261, 50.972937], [33.3539014, 50.9720911], [33.3646207, 50.9709736], [33.374106, 50.9701064], [33.389641, 50.9684384], [33.410941, 50.9645981], [33.4185198, 50.963049], [33.4206756, 50.9648869], [33.4171629, 50.9662884], [33.4154635, 50.9683113], [33.420174, 50.969398], [33.4216501, 50.9693546], [33.4292438, 50.969365], [33.4381554, 50.9685328], [33.4432531, 50.9670652], [33.4520521, 50.986902], [33.4619116, 50.9857758], [33.4617306, 50.9861099], [33.4602041, 50.9883657], [33.4614215, 50.9887849], [33.4631538, 50.9885911], [33.4651218, 50.9880811], [33.465836, 50.9878347], [33.4674631, 50.9881029], [33.4680676, 50.988537], [33.4710975, 50.9896516], [33.4722841, 50.9918597], [33.4731209, 50.9919542], [33.4739578, 50.9926633], [33.4743655, 50.9926565], [33.4748702, 50.9928254], [33.4751487, 50.9926666], [33.480973, 50.9886126], [33.4863813, 50.9878838], [33.4901269, 50.9873655], [33.4954786, 50.986655], [33.5082991, 50.9849041], [33.5107301, 50.9900393], [33.5112405, 50.9912114], [33.5118788, 50.9919576], [33.5118857, 50.9926437], [33.5112405, 50.9929975], [33.50564, 50.9943717], [33.5054576, 50.995729], [33.5054063, 50.99736], [33.505286, 50.9983725], [33.505168, 50.998808], [33.505007, 50.9996318], [33.5054523, 51.0016776], [33.5054576, 51.0034532], [33.5057124, 51.0042583], [33.5059971, 51.0043195], [33.5130482, 51.0043901], [33.5123263, 51.0182805], [33.5115153, 51.0308272], [33.5070944, 51.0324564], [33.5550302, 51.0404562], [33.5561943, 51.0404023], [33.5568488, 51.0401257], [33.5574603, 51.0397277], [33.583188, 51.0230416], [33.6086368, 51.020828], [33.6197948, 51.0240674], [33.6313819, 51.0283321], [33.639965, 51.0324346], [33.643484, 51.0249312], [33.6447715, 51.02126], [33.6448155, 51.0201128], [33.6448923, 51.0181077], [33.6449432, 51.0167786], [33.6445193, 51.015712], [33.643999, 51.0144027], [33.6462736, 51.0080034], [33.6455837, 51.0043266], [33.645544, 51.0041149], [33.667345, 50.9982004], [33.6760139, 50.9927443], [33.6629676, 50.9783178], [33.6626422, 50.9773793], [33.660278, 50.9705597], [33.6663694, 50.969652], [33.672481, 50.9687145], [33.6726853, 50.9694527], [33.6768079, 50.9689611], [33.6782502, 50.9685537], [33.6797529, 50.9685557], [33.6805844, 50.9687888], [33.6812318, 50.9691039], [33.6819524, 50.9689003], [33.6834651, 50.9681706], [33.6842108, 50.9676808], [33.6856806, 50.9672315], [33.6870432, 50.9669308], [33.6878851, 50.9659357], [33.6902296, 50.9649747], [33.6919033, 50.9644882], [33.6936039, 50.9639544], [33.6949713, 50.9638271], [33.6974072, 50.9641503], [33.69916, 50.9643155], [33.7012857, 50.9643091], [33.7021762, 50.9637787], [33.7033886, 50.9636165], [33.7041667, 50.9634492], [33.7050354, 50.963924], [33.7059313, 50.9645794], [33.706711, 50.9655687], [33.7084566, 50.9669938], [33.7124276, 50.9732107], [33.7162557, 50.9794754], [33.7223089, 50.9809657], [33.7330346, 50.9838197], [33.7505793, 50.9846131], [33.7524837, 50.9847346], [33.7557506, 50.9848697], [33.7583764, 50.9851612], [33.7594677, 50.9857248], [33.7621772, 50.9849406], [33.7634996, 50.9847507], [33.7660074, 50.9847887], [33.7673056, 50.9847414], [33.7693119, 50.9844003], [33.770995, 50.9840675], [33.7733816, 50.9826963], [33.774569, 50.9825226], [33.7760213, 50.9826383], [33.7777826, 50.9833385], [33.7800339, 50.9838641], [33.7813067, 50.9835966], [33.7817252, 50.9833838], [33.7821704, 50.9831947], [33.7828791, 50.9830818], [33.7842446, 50.9824685], [33.7866977, 50.9817255], [33.7891066, 50.9814149], [33.790036, 50.9813971], [33.7925022, 50.9812076], [33.7956801, 50.9816868], [33.7968367, 50.9817729], [33.797846, 50.981543], [33.7983656, 50.9812629], [33.7993473, 50.9810231], [33.8000876, 50.9809623], [33.8007313, 50.9811008], [33.8009742, 50.9813217], [33.8012356, 50.9817256], [33.8016701, 50.9822187], [33.802265, 50.9827569], [33.8034242, 50.983269], [33.8036793, 50.9835629], [33.8035101, 50.9840288], [33.8032043, 50.984505], [33.8031185, 50.985356], [33.8035381, 50.9859057], [33.8045508, 50.9863995], [33.8054153, 50.9867593], [33.8057846, 50.9869803], [33.806355, 50.9869765], [33.8076407, 50.9862779], [33.8081825, 50.9861057], [33.8099521, 50.9861617], [33.8132679, 50.9858153], [33.8140976, 50.9856561], [33.8164598, 50.9852648], [33.8195696, 50.9851693], [33.8220151, 50.9849031], [33.8238788, 50.9849136], [33.824957, 50.9850251], [33.8260138, 50.9852108], [33.8270142, 50.9854679], [33.8280681, 50.9861039], [33.8292056, 50.9865514], [33.8302302, 50.9866967], [33.8318378, 50.9867439], [33.8339172, 50.9866243], [33.8356, 50.986288], [33.8369661, 50.9856441], [33.8384432, 50.985069], [33.8401222, 50.9850352], [33.8416045, 50.9848084], [33.8429629, 50.9841856], [33.8454447, 50.9835188], [33.8458674, 50.9835292], [33.8506397, 50.9908494], [33.8524726, 50.9938301], [33.8686493, 50.9893424], [33.8829834, 50.9853052], [33.894376, 50.9825667], [33.8957902, 50.9824634], [33.9036683, 50.9830307], [33.9054702, 50.9849142], [33.8929153, 50.9900678], [33.8936653, 50.9904322], [33.8948665, 50.9908614], [33.8969585, 50.9914733], [33.8997622, 50.9923437], [33.8998898, 50.9933915], [33.8998512, 50.9940976], [33.9002397, 50.9945178], [33.903309, 50.9954063], [33.9039188, 50.9955747], [33.9069465, 50.9984272], [33.9070764, 51.000121], [33.9085797, 51.0019092], [33.9099673, 51.0033584], [33.9103381, 51.0043331], [33.9095491, 51.0059914], [33.9123898, 51.0065968], [33.9129704, 51.0071101], [33.9139723, 51.0072401], [33.9153011, 51.0068551], [33.9161785, 51.0059341], [33.9164134, 51.005754], [33.9164388, 51.0053825], [33.9163355, 51.0051204], [33.9164278, 51.0048457], [33.91679, 51.0046047], [33.9172518, 51.0041514], [33.9176986, 51.0039975], [33.9181886, 51.0041493], [33.9185468, 51.0045566], [33.9206758, 51.0042297], [33.9214422, 51.0038224], [33.9217591, 51.003623], [33.9219832, 51.0040608], [33.9191079, 51.0059377], [33.9210605, 51.0068018], [33.9217257, 51.0061267], [33.9222622, 51.0063292], [33.9232278, 51.0072068], [33.9243436, 51.0074904], [33.9250517, 51.0075714], [33.9255452, 51.0078279], [33.9258241, 51.0088405], [33.9263536, 51.009596], [33.9269399, 51.0100556], [33.927927, 51.0102041], [33.9299869, 51.0095291], [33.9308999, 51.0097803], [33.9318907, 51.0096801], [33.9325396, 51.0092329], [33.9339245, 51.0102167], [33.9349848, 51.0111577], [33.9350327, 51.012599], [33.9358878, 51.0143352], [33.9360534, 51.0148748], [33.9375201, 51.0149804], [33.9437768, 51.0153292], [33.9435924, 51.0157657], [33.940856, 51.0158462], [33.9423911, 51.0192379], [33.9471505, 51.0243496], [33.9456743, 51.0251879], [33.9613132, 51.0324376], [33.969468, 51.0359691], [33.9683655, 51.0371387], [33.9670326, 51.0383485], [33.9660607, 51.0394981], [33.9647345, 51.0414315], [33.9639808, 51.0428378], [33.9628703, 51.0449725], [33.9614775, 51.0471604], [33.961071, 51.0479688], [33.9604029, 51.0492632], [33.9647728, 51.0491321], [33.9675687, 51.0491669], [33.9686835, 51.0497553], [33.9680735, 51.0520136], [33.9668971, 51.0519237], [33.9653376, 51.0520861], [33.9641616, 51.0524539], [33.9640982, 51.0529529], [33.9640795, 51.0530997], [33.9642372, 51.0606901], [33.9642005, 51.0665609], [33.9641994, 51.0667369], [33.9659549, 51.0675259], [33.9677998, 51.0686887], [33.9672489, 51.0708232], [33.9697951, 51.0709186], [33.9716998, 51.0710169], [33.9741362, 51.0703845], [33.9762124, 51.0700384], [33.9786785, 51.0700217], [33.9818204, 51.070465], [33.9829347, 51.070434], [33.9847557, 51.0698442], [33.986414, 51.0691862], [33.9889838, 51.0684989], [33.9899194, 51.0685064], [33.9916524, 51.06882], [33.9932646, 51.0692], [33.9965627, 51.0685732], [33.9982438, 51.0689223], [33.9989519, 51.0693403], [34.005003, 51.0680054], [34.007062, 51.0671782], [34.0110494, 51.0668309], [34.013031, 51.0661711], [34.0140027, 51.0649126], [34.0174487, 51.0660748], [34.0188816, 51.0669615], [34.0192783, 51.0716391], [34.0192719, 51.0717018], [34.0191482, 51.0729145], [34.0190823, 51.0735611], [34.0196926, 51.0751065], [34.02043, 51.0769735], [34.0161505, 51.0777188], [34.0170686, 51.0795904], [34.021326, 51.0793967], [34.0246384, 51.0804383], [34.0420204, 51.0854675], [34.0478742, 51.0861702], [34.0690957, 51.0907157], [34.0706326, 51.094469], [34.0746586, 51.1039074], [34.0800699, 51.1182418], [34.0800899, 51.1190978], [34.0795538, 51.1194452], [34.0786198, 51.1197413], [34.083076, 51.1239086], [34.0885144, 51.1290595], [34.10339, 51.1398957], [34.1080389, 51.1442872], [34.1193004, 51.142874], [34.1296146, 51.1416333], [34.1321338, 51.1444629], [34.1310926, 51.1464137], [34.1267258, 51.1534197], [34.1237147, 51.1527637], [34.1187668, 51.1545806], [34.121906, 51.1583461], [34.1215893, 51.1619993], [34.1217029, 51.1622768], [34.1211818, 51.1680924], [34.1207975, 51.1733894], [34.119341, 51.1786904], [34.1230771, 51.1818641], [34.126041, 51.1839731], [34.1308107, 51.1853628], [34.1311523, 51.1855941], [34.1475511, 51.1971691], [34.1434818, 51.2055713], [34.1413812, 51.2098096], [34.1409761, 51.2104714], [34.1388983, 51.2146617], [34.1389382, 51.2149179], [34.1390247, 51.2151394], [34.1394636, 51.215636], [34.1397405, 51.2156891], [34.1429008, 51.2204209], [34.1441281, 51.2222584], [34.1443573, 51.2225534], [34.1443718, 51.2228484], [34.1437358, 51.2229646], [34.1442092, 51.2231988], [34.1443795, 51.2235724], [34.144378, 51.2252899], [34.1445423, 51.2260021], [34.1449212, 51.2267949], [34.1455025, 51.2273945], [34.1461435, 51.2278901], [34.1470485, 51.2285826], [34.1473664, 51.2290824], [34.148437, 51.2301422], [34.148557, 51.2305989], [34.1484174, 51.231146], [34.1477508, 51.2319644], [34.1473031, 51.2322764], [34.1471113, 51.2323663], [34.1468661, 51.2324035], [34.146629, 51.2325028], [34.1462937, 51.2327757], [34.1462623, 51.2330967], [34.1461519, 51.2332787], [34.1458461, 51.2334521], [34.1453354, 51.2337802], [34.1451422, 51.2339853], [34.1450369, 51.2341651], [34.1450377, 51.2343494], [34.1451546, 51.2345308], [34.1453398, 51.2346126], [34.1455989, 51.2346435], [34.1459476, 51.2345822], [34.1460969, 51.2344831], [34.1462642, 51.234356], [34.1464634, 51.2341698], [34.1466792, 51.2338769], [34.1467203, 51.2336865], [34.1468884, 51.2334257], [34.1471631, 51.2333315], [34.1474335, 51.2333468], [34.1476076, 51.2333752], [34.1481555, 51.2334167], [34.1486775, 51.2337182], [34.1492053, 51.2344712], [34.1496424, 51.2350948], [34.1499996, 51.2353911], [34.1503569, 51.23558], [34.1509439, 51.2356555], [34.1514879, 51.2356504], [34.1524647, 51.2355158], [34.1549873, 51.2349543], [34.1567872, 51.2344341], [34.1572249, 51.2344424], [34.1575968, 51.2346611], [34.1577328, 51.2349067], [34.1577133, 51.2352269], [34.1578733, 51.2361787], [34.157085, 51.2371524], [34.1566618, 51.237348], [34.1561337, 51.2374176], [34.1554768, 51.2373932], [34.1529904, 51.2368235], [34.1522455, 51.2367119], [34.1511049, 51.2368118], [34.1505946, 51.2369741], [34.1502358, 51.2373414], [34.14984, 51.2377876], [34.1497488, 51.2386607], [34.1499822, 51.2392031], [34.1502833, 51.2394824], [34.1506976, 51.2395993], [34.1511703, 51.2395099], [34.1517122, 51.239245], [34.152385, 51.2388993], [34.153189, 51.2386376], [34.1544956, 51.2384688], [34.1554533, 51.2384863], [34.1562528, 51.2383201], [34.1572526, 51.2379235], [34.1576843, 51.2376473], [34.1578509, 51.2374267], [34.1581128, 51.2367959], [34.1588871, 51.2376199], [34.1591697, 51.2380843], [34.1593451, 51.2385622], [34.1594363, 51.2390555], [34.159362, 51.2395847], [34.1590252, 51.2400263], [34.1586702, 51.2403875], [34.1579972, 51.2409682], [34.1577092, 51.24118], [34.1572925, 51.241338], [34.1566066, 51.2414696], [34.1561979, 51.2416181], [34.1559454, 51.2418972], [34.1558781, 51.2422031], [34.1558708, 51.242601], [34.1561671, 51.2428881], [34.1565606, 51.2430157], [34.1572042, 51.2429875], [34.1577722, 51.2427611], [34.158373, 51.2422998], [34.1591404, 51.2415593], [34.1597669, 51.2410329], [34.1602217, 51.2408559], [34.1606859, 51.2407877], [34.1612282, 51.2408157], [34.1616993, 51.240909], [34.1620202, 51.2411501], [34.1621315, 51.241406], [34.1620878, 51.2417208], [34.1615807, 51.2425173], [34.1608871, 51.2434847], [34.160677, 51.244102], [34.1608064, 51.2444517], [34.1611074, 51.2446939], [34.1616802, 51.2449895], [34.1627517, 51.2453039], [34.1641714, 51.2455924], [34.1655805, 51.2457799], [34.1663581, 51.2458331], [34.1670499, 51.2458057], [34.1677104, 51.2456631], [34.1681044, 51.2454496], [34.1687735, 51.244725], [34.1690563, 51.2445646], [34.1695182, 51.2445796], [34.1698255, 51.2447333], [34.1700041, 51.2449675], [34.1699968, 51.2452639], [34.1698179, 51.2456139], [34.1690836, 51.2464953], [34.1689415, 51.2468355], [34.1690191, 51.2471722], [34.1692255, 51.2474283], [34.169776, 51.247677], [34.1703351, 51.2477165], [34.1708084, 51.2476217], [34.1726252, 51.2473354], [34.1739631, 51.2472129], [34.1751294, 51.2470366], [34.1757399, 51.246797], [34.1764511, 51.2464671], [34.1771733, 51.2463327], [34.1779384, 51.2463058], [34.1784438, 51.2463381], [34.1788205, 51.2463704], [34.179159, 51.2465799], [34.1793259, 51.2468163], [34.1795248, 51.2475448], [34.1796378, 51.2479779], [34.1799729, 51.248497], [34.1807372, 51.2493384], [34.1818128, 51.2504275], [34.1824486, 51.2510278], [34.1827839, 51.251252], [34.1833424, 51.2513297], [34.1839405, 51.2512942], [34.1851395, 51.2509633], [34.186021, 51.2506585], [34.1868168, 51.2503001], [34.1871545, 51.2500305], [34.1879643, 51.24917], [34.1883014, 51.2488918], [34.1901405, 51.2475122], [34.1918721, 51.2462337], [34.1928329, 51.2455834], [34.1933543, 51.2450798], [34.1936218, 51.2447974], [34.1940181, 51.2445688], [34.1944713, 51.24446], [34.1948881, 51.2444807], [34.1951556, 51.2446727], [34.195187, 51.2449318], [34.1950976, 51.2452269], [34.1936366, 51.2469057], [34.1935061, 51.2472413], [34.1935171, 51.2478035], [34.1936762, 51.2482025], [34.1939854, 51.2485612], [34.1946558, 51.2490099], [34.1953783, 51.2494191], [34.1959414, 51.2496679], [34.1966763, 51.2498093], [34.1972791, 51.2497994], [34.1977752, 51.2496177], [34.1980996, 51.2493823], [34.1985737, 51.2488257], [34.1989191, 51.2481886], [34.1992607, 51.2474495], [34.1994386, 51.246762], [34.1996164, 51.2464332], [34.1998994, 51.2462771], [34.2002866, 51.2462189], [34.2006837, 51.2462631], [34.2009506, 51.2464704], [34.2010981, 51.2467306], [34.2015568, 51.2477009], [34.2018497, 51.2481656], [34.2022468, 51.2486302], [34.2026791, 51.2489654], [34.2031818, 51.2493042], [34.2037366, 51.2495778], [34.2046603, 51.2499542], [34.2055318, 51.2502491], [34.2075154, 51.2509251], [34.2086409, 51.2513825], [34.2097924, 51.2519051], [34.2104371, 51.2522855], [34.2108733, 51.2526496], [34.2110842, 51.2530235], [34.2111388, 51.2533484], [34.2111326, 51.2536487], [34.2110742, 51.2539489], [34.2108692, 51.2542115], [34.2106121, 51.2544252], [34.2103062, 51.2546407], [34.2099191, 51.2547966], [34.2092324, 51.2549769], [34.2088381, 51.2550388], [34.2084178, 51.2550354], [34.208046, 51.2549798], [34.2072475, 51.2547332], [34.2066692, 51.2546266], [34.2060909, 51.2545689], [34.2056898, 51.2546167], [34.2054371, 51.2547198], [34.2052642, 51.254918], [34.2052819, 51.2553432], [34.2053517, 51.2557358], [34.2054761, 51.2561715], [34.2056786, 51.2566072], [34.2059971, 51.2570382], [34.2072535, 51.2580725], [34.2083668, 51.2589601], [34.2089192, 51.2592957], [34.2096018, 51.2595824], [34.2103681, 51.2598206], [34.2113045, 51.2600234], [34.2122095, 51.2601906], [34.2134154, 51.2603321], [34.2139155, 51.2603888], [34.2143374, 51.2603802], [34.2147053, 51.2603033], [34.2150341, 51.2601611], [34.2155132, 51.2598729], [34.2166828, 51.2591608], [34.2172073, 51.2590038], [34.2178329, 51.258878], [34.2183114, 51.2588741], [34.2185548, 51.2589024], [34.2190688, 51.2590703], [34.2200257, 51.2595154], [34.2207104, 51.2597941], [34.2212908, 51.2600729], [34.2217835, 51.2603706], [34.2222241, 51.2607335], [34.2227556, 51.2612444], [34.2228703, 51.2614618], [34.2231094, 51.2625036], [34.2234324, 51.2633461], [34.2236571, 51.2637218], [34.2239599, 51.2639833], [34.2243467, 51.2642544], [34.2248229, 51.2644307], [34.2254803, 51.2645736], [34.2261735, 51.2646254], [34.2266793, 51.2646165], [34.2272112, 51.2645424], [34.2275592, 51.2644093], [34.227803, 51.2642598], [34.2281757, 51.2639668], [34.2284441, 51.2635923], [34.2286191, 51.2631258], [34.2287681, 51.2626267], [34.228956, 51.262448], [34.2292258, 51.2623536], [34.2295626, 51.2623379], [34.2299579, 51.2623964], [34.2302251, 51.262511], [34.2304384, 51.2627303], [34.2305474, 51.2629658], [34.2306223, 51.2632902], [34.2306938, 51.2636291], [34.2304829, 51.265097], [34.2305338, 51.2660772], [34.2306411, 51.2665857], [34.2309684, 51.2671059], [34.2316899, 51.2680306], [34.2320627, 51.2682807], [34.2324194, 51.2684284], [34.2330417, 51.2686901], [34.233318, 51.2688361], [34.2336425, 51.2691063], [34.2337364, 51.2692741], [34.2337364, 51.269499], [34.2336667, 51.269744], [34.2335728, 51.2698749], [34.2332214, 51.2701216], [34.2327011, 51.2703868], [34.2323309, 51.2705814], [34.231993, 51.2706687], [34.2316282, 51.2707878], [34.231478, 51.2708583], [34.2311318, 51.2711929], [34.2309737, 51.2715077], [34.2309254, 51.2717729], [34.230939, 51.272072], [34.2311293, 51.2725078], [34.2313224, 51.2728837], [34.231596, 51.2732361], [34.2323148, 51.2736455], [34.2338061, 51.2742395], [34.2347288, 51.2746355], [34.235571, 51.2747127], [34.2363918, 51.2747161], [34.2373788, 51.2746792], [34.2380333, 51.2747094], [34.2389131, 51.2750349], [34.2399913, 51.2754376], [34.2411125, 51.2756893], [34.2432958, 51.2760618], [34.2452753, 51.2763806], [34.2460746, 51.2764712], [34.2468363, 51.2764443], [34.2473406, 51.2763705], [34.2478609, 51.2762161], [34.248746, 51.2758806], [34.2496097, 51.2755987], [34.2517662, 51.2751322], [34.2549227, 51.28219], [34.2447066, 51.2844356], [34.2434489, 51.2844496], [34.2434174, 51.2845065], [34.241673, 51.2871799], [34.2412728, 51.2878959], [34.2376399, 51.2925275], [34.2384497, 51.2928691], [34.2395157, 51.293492], [34.2418018, 51.2932974], [34.2447397, 51.294073], [34.2448038, 51.2960495], [34.2495738, 51.2964271], [34.2498397, 51.2989917], [34.2546741, 51.2989908], [34.2559651, 51.3013653], [34.2586112, 51.3021861], [34.2640682, 51.2988552], [34.2666251, 51.2987287], [34.2702891, 51.3075277], [34.2712907, 51.3102056], [34.2728799, 51.3146193], [34.2729603, 51.3149], [34.2740002, 51.3144584], [34.277505, 51.3129433], [34.2773635, 51.3111844], [34.2822844, 51.3108132], [34.2823514, 51.3109473], [34.2823729, 51.3110747], [34.2823756, 51.3111887], [34.2823353, 51.3113128], [34.2822254, 51.3114486], [34.2820564, 51.3115928], [34.2817238, 51.311913], [34.2815092, 51.3120907], [34.2813161, 51.3123825], [34.2811637, 51.3127399], [34.2810667, 51.3131554], [34.2810559, 51.313432], [34.2810372, 51.31366], [34.2810626, 51.3138335], [34.2810854, 51.3139743], [34.2810868, 51.314178], [34.2810586, 51.314344], [34.281017, 51.3145226], [34.2808883, 51.314774], [34.2810543, 51.3148059], [34.2810745, 51.3161172], [34.2810868, 51.3179788], [34.2811364, 51.3182551], [34.2812651, 51.3184714], [34.2831695, 51.3196666], [34.2897017, 51.3226409], [34.281638, 51.3347174], [34.2827108, 51.335583], [34.2829724, 51.3358117], [34.2833371, 51.3361393], [34.2836818, 51.3364418], [34.2839688, 51.3366328], [34.2842518, 51.3368423], [34.2843993, 51.3369964], [34.2845508, 51.3371564], [34.2848204, 51.337407], [34.2852321, 51.3376759], [34.2855285, 51.3379273], [34.285904, 51.3382607], [34.2860958, 51.3384073], [34.28636, 51.3385715], [34.2866859, 51.3387894], [34.2871861, 51.3391488], [34.287343, 51.3391304], [34.2875509, 51.3390449], [34.2881879, 51.3387332], [34.2882992, 51.3386855], [34.2884253, 51.338662], [34.2885487, 51.3386612], [34.289403, 51.3386838], [34.2900051, 51.3387014], [34.2903216, 51.3387031], [34.290441, 51.3387022], [34.290559, 51.3386754], [34.2907374, 51.3385958], [34.2909104, 51.3385095], [34.2910284, 51.338445], [34.2911826, 51.3383294], [34.291487, 51.3380688], [34.2917512, 51.3378602], [34.2922273, 51.3375762], [34.2927812, 51.3372578], [34.2931084, 51.3370861], [34.2935282, 51.3369084], [34.2939104, 51.3367451], [34.2942055, 51.3365867], [34.2943382, 51.3364987], [34.2946413, 51.3362591], [34.2949752, 51.3360161], [34.2954741, 51.3357137], [34.2959288, 51.3354405], [34.296256, 51.335273], [34.296771, 51.3350626], [34.2971049, 51.3349227], [34.2973812, 51.3348197], [34.2976642, 51.334735], [34.298265, 51.3346094], [34.2989758, 51.3344946], [34.2998448, 51.3343714], [34.3057567, 51.3362875], [34.3081068, 51.3358784], [34.3087417, 51.3356961], [34.3095008, 51.3354732], [34.309828, 51.3354447], [34.3101686, 51.3353593], [34.3104073, 51.3352855], [34.310579, 51.3351347], [34.3106379, 51.3349747], [34.3114722, 51.3341376], [34.3118799, 51.3336718], [34.3118879, 51.3335209], [34.3118209, 51.3333751], [34.3116626, 51.3332159], [34.3114239, 51.3330416], [34.3111744, 51.3328305], [34.3108124, 51.3326311], [34.3105817, 51.3325439], [34.31041, 51.332373], [34.3102947, 51.3321886], [34.3102169, 51.332006], [34.3102249, 51.3317546], [34.3102813, 51.3314529], [34.3103725, 51.3312133], [34.310528, 51.3309669], [34.3107936, 51.3307038], [34.3110833, 51.3304792], [34.3110937, 51.3304738], [34.3112791, 51.330377], [34.3117672, 51.3302563], [34.3119818, 51.3302647], [34.3124512, 51.3301793], [34.3134892, 51.329948], [34.3142563, 51.3295994], [34.3151253, 51.3293345], [34.3168832, 51.3308421], [34.3167615, 51.3315032], [34.3166113, 51.3318853], [34.3163323, 51.3322942], [34.3161178, 51.3325154], [34.315871, 51.3326897], [34.3151307, 51.3331254], [34.3139398, 51.3338527], [34.3134195, 51.3340739], [34.3130654, 51.3342382], [34.3128347, 51.3344996], [34.3127918, 51.3348783], [34.3128294, 51.3352235], [34.3129474, 51.3354414], [34.3134892, 51.3357128], [34.3143743, 51.335924], [34.3160212, 51.3361117], [34.3169814, 51.3363362], [34.3182528, 51.3366914], [34.3187249, 51.3369931], [34.3190789, 51.337345], [34.3192613, 51.337717], [34.3193471, 51.3380957], [34.3192291, 51.3385012], [34.3188214, 51.3389335], [34.317888, 51.3396004], [34.3164772, 51.3404549], [34.3157798, 51.3410983], [34.3155491, 51.3413898], [34.3154204, 51.3416211], [34.3154365, 51.3419595], [34.3158388, 51.3425694], [34.3160641, 51.3429112], [34.3163806, 51.3432128], [34.3166757, 51.3434306], [34.317137, 51.3436551], [34.3183172, 51.3442046], [34.3190628, 51.3446402], [34.3209511, 51.3456086], [34.3223834, 51.3462486], [34.3248618, 51.3468986], [34.3258166, 51.3473644], [34.3265676, 51.34781], [34.3273884, 51.3484734], [34.3283647, 51.3492608], [34.3292981, 51.3497868], [34.3306071, 51.3503228], [34.3326938, 51.3510197], [34.3335199, 51.3515089], [34.3341958, 51.3521119], [34.3346786, 51.3527418], [34.3355048, 51.353586], [34.3365347, 51.3541421], [34.3374038, 51.3547016], [34.337908, 51.3550366], [34.3384445, 51.3556061], [34.3386644, 51.3560818], [34.3387824, 51.3566278], [34.3387985, 51.3571973], [34.3387395, 51.3577098], [34.3386134, 51.3581537], [34.3384123, 51.3584719], [34.3381548, 51.3588454], [34.3374199, 51.3592675], [34.3367922, 51.3595422], [34.3360841, 51.3597298], [34.3351936, 51.3598838], [34.3344855, 51.3599274], [34.3332946, 51.3600044], [34.3321681, 51.3601987], [34.3317819, 51.3603327], [34.3315083, 51.3605136], [34.3309772, 51.3611299], [34.3308538, 51.3614984], [34.3308645, 51.3617462], [34.3310094, 51.3619807], [34.3313956, 51.3622018], [34.3317872, 51.3623793], [34.3321413, 51.3625032], [34.3337345, 51.3628717], [34.3360724, 51.363398], [34.3366045, 51.3636454], [34.337039, 51.3639301], [34.3371946, 51.3642416], [34.3372428, 51.3646134], [34.3372375, 51.3649985], [34.3369746, 51.3653803], [34.3364435, 51.3657555], [34.3358964, 51.3660134], [34.331224, 51.3680497], [34.3302637, 51.368341], [34.3294913, 51.3683946], [34.3288261, 51.3683611], [34.3280268, 51.3682506], [34.3268681, 51.3681367], [34.3259615, 51.3681166], [34.3249637, 51.3681903], [34.3234885, 51.3685252], [34.3224746, 51.3688166], [34.3210477, 51.3693424], [34.3186766, 51.3702633], [34.3165898, 51.3711742], [34.3150395, 51.3717636], [34.3138057, 51.3721521], [34.3124217, 51.3725171], [34.3117833, 51.372641], [34.3107533, 51.3726979], [34.3097287, 51.372718], [34.3093217, 51.3727624], [34.308452, 51.3729658], [34.3079102, 51.3731634], [34.3070251, 51.3735251], [34.3068534, 51.373659], [34.3067568, 51.3738767], [34.3067247, 51.3741379], [34.3068588, 51.3756749], [34.3069017, 51.3763747], [34.306848, 51.3766928], [34.3066281, 51.377098], [34.3055177, 51.37904], [34.3049973, 51.378948], [34.3047881, 51.3789086], [34.3046768, 51.3789103], [34.3045883, 51.3789714], [34.3045695, 51.3790492], [34.3043831, 51.3793933], [34.3042839, 51.3794284], [34.3041226, 51.3794123], [34.3038766, 51.379419], [34.3035623, 51.3795188], [34.3035382, 51.3795975], [34.3035033, 51.3796444], [34.3033129, 51.3796812], [34.3031278, 51.379698], [34.3030018, 51.3796829], [34.3029535, 51.3796578], [34.3028998, 51.3796377], [34.3028837, 51.3796059], [34.3028837, 51.3795105], [34.3029401, 51.3793431], [34.3029964, 51.3792192], [34.3030983, 51.3790568], [34.3031225, 51.3788693], [34.3030715, 51.3787119], [34.3030366, 51.3786366], [34.3029535, 51.3786031], [34.3028247, 51.3785696], [34.3026477, 51.3785512], [34.3024734, 51.3784926], [34.3023076, 51.3784042], [34.3021139, 51.37829], [34.3019584, 51.3781477], [34.3017867, 51.3780489], [34.3014863, 51.3779803], [34.3013602, 51.3779418], [34.3012798, 51.3778832], [34.3010491, 51.3777208], [34.3007272, 51.3773692], [34.3005985, 51.3772888], [34.3005583, 51.3772202], [34.3005368, 51.3770444], [34.3006763, 51.3768703], [34.3008211, 51.3766426], [34.3010786, 51.3764919], [34.3013522, 51.3764015], [34.3015212, 51.3763597], [34.3016982, 51.376281], [34.3017706, 51.3761889], [34.3017706, 51.3760181], [34.3019181, 51.3756966], [34.3019021, 51.3753501], [34.3017626, 51.375119], [34.3016607, 51.3750085], [34.3016177, 51.3749014], [34.3015024, 51.3747507], [34.3012959, 51.3746686], [34.3011432, 51.3745408], [34.3010359, 51.3744629], [34.3005019, 51.374317], [34.2987344, 51.3740056], [34.2981926, 51.3738884], [34.2966476, 51.3735854], [34.2958778, 51.3734363], [34.2954352, 51.3734246], [34.2952046, 51.373371], [34.29499, 51.3732957], [34.2948425, 51.3732136], [34.2945877, 51.37315], [34.2943302, 51.3730998], [34.2939869, 51.3731015], [34.2933646, 51.3731098], [34.2927396, 51.3731617], [34.2922515, 51.3732421], [34.2916855, 51.3733677], [34.2911652, 51.3734949], [34.2907065, 51.3737243], [34.2906448, 51.3738131], [34.2905027, 51.3738867], [34.2903632, 51.3739102], [34.2901942, 51.3739319], [34.2898965, 51.3740843], [34.2894915, 51.3742065], [34.2890999, 51.3745364], [34.2888021, 51.3747473], [34.2885983, 51.3748411], [34.2883301, 51.3748746], [34.2880028, 51.3747674], [34.2876434, 51.3745866], [34.2873752, 51.374523], [34.2866296, 51.3746], [34.2860877, 51.37461], [34.2852026, 51.3746804], [34.2887605, 51.3812615], [34.2895901, 51.3827959], [34.2919001, 51.3870535], [34.2924719, 51.3881073], [34.2807923, 51.3898643], [34.2804658, 51.3895859], [34.2802513, 51.389288], [34.2800152, 51.3890436], [34.2799401, 51.3888628], [34.2796129, 51.3884477], [34.2792267, 51.3881565], [34.2790711, 51.3878887], [34.2788726, 51.3876945], [34.2787975, 51.3874301], [34.2786258, 51.3873229], [34.2785829, 51.3870652], [34.2785239, 51.3868241], [34.2782772, 51.3866233], [34.2780465, 51.3862651], [34.2778963, 51.3861479], [34.2771184, 51.386255], [34.2762816, 51.3864659], [34.2759919, 51.3864425], [34.2756969, 51.3865061], [34.2753831, 51.3866501], [34.2750934, 51.3866919], [34.2748225, 51.386804], [34.2739266, 51.3869062], [34.2735323, 51.3869396], [34.2732587, 51.3870267], [34.2731729, 51.387112], [34.2731166, 51.3872033], [34.273012, 51.3872627], [34.272906, 51.3872953], [34.2728618, 51.3873531], [34.2718709, 51.3831105], [34.2717138, 51.3832235], [34.2714965, 51.3832972], [34.2705462, 51.3839354], [34.2700052, 51.3843819], [34.2694634, 51.3849444], [34.2682822, 51.3860885], [34.2676851, 51.3866668], [34.2668349, 51.387482], [34.2653516, 51.3881699], [34.2631495, 51.3892679], [34.2627606, 51.3894855], [34.262169, 51.3899172], [34.2617829, 51.3903023], [34.259956, 51.392745], [34.2593864, 51.3935408], [34.2592093, 51.3936563], [34.2584932, 51.3947977], [34.2577904, 51.395934], [34.2578343, 51.3963418], [34.254512, 51.3983349], [34.2520773, 51.3985363], [34.2508113, 51.3988308], [34.2500886, 51.3992408], [34.2500369, 51.400367], [34.2480798, 51.401418], [34.246179, 51.4023175], [34.2418098, 51.4011534], [34.2396962, 51.4003101], [34.2373359, 51.399547], [34.2358099, 51.3993321], [34.2322244, 51.3993144], [34.2318856, 51.3993127], [34.2278937, 51.3994796], [34.2277041, 51.3995236], [34.2276075, 51.3996257], [34.227511, 51.3998081], [34.2274868, 51.4000256], [34.2274895, 51.4002314], [34.2274681, 51.4005477], [34.2274332, 51.401033], [34.2273822, 51.4012154], [34.2272857, 51.401381], [34.2272723, 51.4015082], [34.2272803, 51.4016538], [34.2273581, 51.4018144], [34.2274386, 51.4020152], [34.2274681, 51.4023064], [34.2275003, 51.4030242], [34.2274788, 51.4035128], [34.2273957, 51.4040131], [34.2273581, 51.404254], [34.2273527, 51.4044096], [34.2272052, 51.4048497], [34.2270604, 51.4052596], [34.227004, 51.4055842], [34.2269263, 51.4058452], [34.2266366, 51.406655], [34.226363, 51.4074883], [34.2261618, 51.4082445], [34.2261001, 51.4084837], [34.2261296, 51.4085875], [34.2262101, 51.4088083], [34.2262503, 51.4089087], [34.2263442, 51.408999], [34.2264488, 51.4091195], [34.2266902, 51.4093387], [34.2267492, 51.409414], [34.2267761, 51.4094708], [34.2267546, 51.4095411], [34.226709, 51.4096733], [34.22654, 51.4098991], [34.2263898, 51.4100012], [34.2262906, 51.4100982], [34.226186, 51.4103559], [34.2259821, 51.4105683], [34.2257005, 51.4107875], [34.2255744, 51.4109197], [34.2253786, 51.4111271], [34.2251587, 51.4114031], [34.2248771, 51.4116156], [34.224802, 51.4117829], [34.2247322, 51.4120104], [34.2245954, 51.4122313], [34.2244211, 51.4124236], [34.224228, 51.4125792], [34.2241448, 51.4127599], [34.2240348, 51.4129891], [34.2234045, 51.4137921], [34.2230639, 51.4141785], [34.2225489, 51.4150132], [34.2222029, 51.4155469], [34.2219427, 51.4159149], [34.2215806, 51.4163632], [34.2211676, 51.4168266], [34.2209449, 51.4170156], [34.226151, 51.4184959], [34.2279696, 51.4204262], [34.22271, 51.4284307], [34.2378508, 51.4303672], [34.2471323, 51.4312181], [34.2456461, 51.4368151], [34.2547635, 51.4398189], [34.2542221, 51.4439079], [34.2519741, 51.4468319], [34.2517166, 51.4472172], [34.2513625, 51.4477011], [34.251156, 51.4479494], [34.2509401, 51.4481366], [34.2504412, 51.4484793], [34.2497009, 51.4489256], [34.2486897, 51.4494922], [34.247598, 51.4500773], [34.2468417, 51.4504383], [34.2462918, 51.4507158], [34.2461148, 51.450791], [34.2459968, 51.4508395], [34.2459512, 51.4509214], [34.2459002, 51.4510033], [34.2458358, 51.451132], [34.2457205, 51.4512808], [34.2451221, 51.4564775], [34.2452216, 51.4566644], [34.2454255, 51.4567663], [34.2459169, 51.4568296], [34.2461845, 51.4568549], [34.2463991, 51.4568131], [34.2465225, 51.4567329], [34.2467381, 51.4567035], [34.249556, 51.4580315], [34.2573185, 51.460879], [34.2579031, 51.4647294], [34.2589533, 51.4667557], [34.2614562, 51.4676322], [34.2634714, 51.4692676], [34.2647648, 51.4700294], [34.2638921, 51.470649], [34.2666149, 51.4750751], [34.2711059, 51.4752739], [34.27567, 51.475476], [34.2782879, 51.4749815], [34.2813612, 51.4736137], [34.2909888, 51.4803186], [34.2909326, 51.4867826], [34.2878097, 51.4881408], [34.2872357, 51.4896105], [34.2859966, 51.4897308], [34.2844784, 51.4897742], [34.2833638, 51.488966], [34.2801654, 51.490175], [34.2780089, 51.4906293], [34.2756943, 51.491212], [34.2746937, 51.4914409], [34.273033, 51.4919579], [34.2726016, 51.4919954], [34.2680479, 51.4942438], [34.2643404, 51.49607], [34.2624307, 51.4972222], [34.2603716, 51.498282], [34.2567623, 51.5001589], [34.2540783, 51.5013965], [34.2530272, 51.5015085], [34.2499333, 51.5016858], [34.2437859, 51.5020189], [34.2390067, 51.5021323], [34.2369497, 51.5020343], [34.2359573, 51.5020477], [34.233936, 51.5019755], [34.2287483, 51.5017194], [34.2256191, 51.501578], [34.2216568, 51.500858], [34.2228019, 51.4998256], [34.2232436, 51.4986248], [34.2234474, 51.4974176], [34.2231578, 51.4973274], [34.2227608, 51.4972389], [34.2220989, 51.4977474], [34.2209744, 51.4980638], [34.2206204, 51.4980137], [34.2201108, 51.4979068], [34.21951, 51.4978868], [34.2192981, 51.4979493], [34.2186706, 51.4984616], [34.217371, 51.49779], [34.2144705, 51.4962632], [34.2118881, 51.4948992], [34.2104561, 51.4941334], [34.2024043, 51.4937664], [34.1996682, 51.4897434], [34.1987497, 51.4899779], [34.1971581, 51.4911789], [34.1952739, 51.4923975], [34.1935865, 51.4938916], [34.1913624, 51.4956606], [34.1894139, 51.4954621], [34.1889956, 51.4969727], [34.1885535, 51.4987482], [34.1877916, 51.5020592], [34.1869277, 51.5047361], [34.1858643, 51.5079311], [34.1859716, 51.5081348], [34.1856893, 51.5098539], [34.1858536, 51.5105788], [34.1857693, 51.5116621], [34.1886397, 51.5137498], [34.1904724, 51.5153061], [34.1919215, 51.5166978], [34.1791578, 51.5227006], [34.179014, 51.5242151], [34.1790743, 51.5247683], [34.1775618, 51.5255767], [34.1753063, 51.5265998], [34.1746608, 51.5258187], [34.1731238, 51.5241584], [34.1722226, 51.5234241], [34.1716729, 51.5228177], [34.1711605, 51.5220856], [34.1692507, 51.5209241], [34.166531, 51.5192885], [34.1661901, 51.519053], [34.1657209, 51.5183305], [34.1652811, 51.5177697], [34.1649414, 51.5174728], [34.163079, 51.5164411], [34.15242, 51.5114052], [34.1495478, 51.5101529], [34.1497028, 51.5079401], [34.1480399, 51.5072751], [34.1468461, 51.5061099], [34.1458708, 51.5055617], [34.1418973, 51.5040808], [34.1329708, 51.5008031], [34.1315954, 51.5003428], [34.1307181, 51.5012897], [34.1297947, 51.5021289], [34.1283705, 51.5045888], [34.1275934, 51.506544], [34.1274083, 51.5066724], [34.1245222, 51.5077475], [34.1238075, 51.5079919], [34.1204559, 51.5090652], [34.1164568, 51.5103666], [34.1122967, 51.5117439], [34.1115271, 51.5119142], [34.1110253, 51.5110061], [34.1094636, 51.5086591], [34.1077767, 51.5091998], [34.1044432, 51.5102816], [34.099797, 51.5118294], [34.0968312, 51.5128214], [34.0941024, 51.5137178], [34.0930656, 51.5147673], [34.092612, 51.5157217], [34.0922391, 51.5159236], [34.092217, 51.5160305], [34.0908283, 51.5167982], [34.090662, 51.5168366], [34.0902999, 51.5170653], [34.0902865, 51.5171521], [34.0889329, 51.5178808], [34.0886986, 51.5177263], [34.0885431, 51.5174759], [34.0882909, 51.5173624], [34.0881032, 51.5170453], [34.0877062, 51.5166146], [34.087615, 51.516401], [34.087733, 51.5161373], [34.0874863, 51.5156799], [34.086746, 51.5156399], [34.0864134, 51.5155264], [34.0859842, 51.5152193], [34.085952, 51.5148988], [34.0852761, 51.5145516], [34.084627, 51.5144882], [34.084273, 51.5142511], [34.0841848, 51.514014], [34.0826476, 51.5150523], [34.0792916, 51.5169176], [34.07621, 51.5191116], [34.0709169, 51.5228794], [34.0692741, 51.5240582], [34.0668172, 51.5257304], [34.064495, 51.5273793], [34.0625025, 51.5309761], [34.0605301, 51.5346808], [34.0596503, 51.5365494], [34.0586896, 51.5383536], [34.0559006, 51.543496], [34.0531361, 51.5486399], [34.0522598, 51.5500266], [34.0503108, 51.5480631], [34.0482474, 51.5459535], [34.0454882, 51.543139], [34.0426938, 51.5403767], [34.0395164, 51.5370389], [34.0403575, 51.5352759], [34.0417439, 51.532395], [34.0429333, 51.5299997], [34.0435546, 51.528786], [34.0443081, 51.527269], [34.044763, 51.5268182], [34.0476184, 51.5243982], [34.0493197, 51.5229516], [34.0502942, 51.522126], [34.0497476, 51.5207739], [34.0480095, 51.5209374], [34.0466127, 51.5204801], [34.0446192, 51.5206737], [34.0423817, 51.52074], [34.0414758, 51.5207139], [34.0393072, 51.5203302], [34.0355962, 51.5190014], [34.032987, 51.5186253], [34.0320021, 51.5185741], [34.0262943, 51.5186409], [34.0261506, 51.5193284], [34.0233233, 51.5281777], [34.022955, 51.5280282], [34.0171265, 51.5274559], [34.0033507, 51.5266682], [34.0044594, 51.5226817], [34.0009904, 51.5223493], [33.9981204, 51.5269119], [33.9972889, 51.5268284], [33.994832, 51.529525], [33.9930135, 51.5314906], [33.9923805, 51.5322048], [33.9909513, 51.5320036], [33.9896339, 51.5319378], [33.9896285, 51.5317676], [33.9898646, 51.5315574], [33.9914578, 51.5310401], [33.9915383, 51.5301424], [33.9918494, 51.5300256], [33.992241, 51.5297937], [33.9924502, 51.5297286], [33.9935768, 51.529525], [33.9936358, 51.5294149], [33.9936626, 51.5289644], [33.993566, 51.5288008], [33.9929974, 51.5287841], [33.9926594, 51.5287007], [33.9919674, 51.5286573], [33.9916456, 51.5287074], [33.9911896, 51.5287057], [33.9911702, 51.5283877], [33.9907556, 51.5277041], [33.9903271, 51.52687], [33.9897189, 51.5256704], [33.9893803, 51.5250426], [33.9890071, 51.5245954], [33.9885371, 51.5241095], [33.9884266, 51.5239375], [33.9884455, 51.5234609], [33.9885095, 51.521852], [33.9887168, 51.5215037], [33.9889311, 51.5210823], [33.9886132, 51.5200502], [33.9887583, 51.5195772], [33.9886892, 51.5194783], [33.9881639, 51.519345], [33.9879013, 51.519345], [33.9876525, 51.519302], [33.9873484, 51.5190268], [33.9871135, 51.5189364], [33.9869269, 51.5187644], [33.9869614, 51.5185021], [33.9872724, 51.5182613], [33.9877907, 51.5179645], [33.9883367, 51.5175603], [33.9889311, 51.5171388], [33.9892853, 51.5166734], [33.9893751, 51.5163767], [33.9891885, 51.5159251], [33.9890434, 51.5157488], [33.9887531, 51.5154993], [33.9882625, 51.5149488], [33.9882763, 51.5144671], [33.9884076, 51.5141575], [33.9887255, 51.513865], [33.989306, 51.513465], [33.9901077, 51.5126307], [33.9905431, 51.5122393], [33.9906398, 51.5119855], [33.9904947, 51.5115726], [33.9899824, 51.5102667], [33.9880514, 51.5115169], [33.9862597, 51.5126453], [33.9860827, 51.5125602], [33.9816785, 51.5152927], [33.9802945, 51.5183104], [33.9800423, 51.5182337], [33.9789051, 51.5196757], [33.9781219, 51.5200095], [33.9764804, 51.5203933], [33.9757776, 51.5203984], [33.9742702, 51.5200328], [33.9739644, 51.519659], [33.9739376, 51.5191383], [33.9771858, 51.516406], [33.9770544, 51.5147886], [33.9776954, 51.5134065], [33.9769256, 51.5125352], [33.9788568, 51.5118274], [33.988561, 51.508275], [33.9890791, 51.5079992], [33.9888132, 51.5071849], [33.9885853, 51.5061732], [33.9883344, 51.505093], [33.9883196, 51.5047458], [33.9878757, 51.5039936], [33.9875482, 51.5036122], [33.9872038, 51.50336], [33.9856455, 51.5016704], [33.9849471, 51.5007504], [33.984983, 51.5002428], [33.9850881, 51.5000435], [33.9866603, 51.4975785], [33.987013, 51.4962675], [33.987663, 51.4954891], [33.9904439, 51.4941577], [33.9950256, 51.4924244], [33.9982289, 51.4908217], [33.9996964, 51.4904227], [34.0012266, 51.4863667], [34.0015051, 51.4838673], [34.0010795, 51.4796496], [34.0007189, 51.4784041], [33.9991796, 51.4776741], [33.9982095, 51.47685], [33.9977296, 51.4766757], [33.9967589, 51.4758218], [33.9963607, 51.4750226], [33.9909181, 51.472096], [33.9870961, 51.4692446], [33.9854094, 51.4682778], [33.9834874, 51.4674319], [33.9825305, 51.4672021], [33.9811981, 51.4672132], [33.9800605, 51.4674308], [33.9791189, 51.4679143], [33.9774534, 51.4679282], [33.9755455, 51.467736], [33.9736325, 51.467306], [33.9718944, 51.4667463], [33.9703196, 51.4660203], [33.9702739, 51.4650434], [33.9710479, 51.4643844], [33.9716958, 51.463517], [33.9728411, 51.4617002], [33.9718442, 51.461716], [33.9685766, 51.462089], [33.968109, 51.4618081], [33.9674678, 51.461778], [33.9670372, 51.4615836], [33.9620544, 51.4615534], [33.9572804, 51.4616717], [33.9545034, 51.4622674], [33.9544888, 51.462457], [33.9543422, 51.4643645], [33.9551511, 51.4668887], [33.9525025, 51.4673592], [33.9534543, 51.4690802], [33.9541291, 51.4697667], [33.9539669, 51.4701627], [33.9545331, 51.4713695], [33.9553686, 51.4719731], [33.9566842, 51.4734392], [33.9566697, 51.4738673], [33.9572151, 51.4739838], [33.95751, 51.4743629], [33.9570665, 51.4752154], [33.956809, 51.4759705], [33.9557488, 51.4782105], [33.9568167, 51.4785033], [33.953821, 51.4812553], [33.9495677, 51.4780674], [33.9502125, 51.477932], [33.950617, 51.4777752], [33.9512738, 51.4768605], [33.9503798, 51.4766673], [33.9500332, 51.4767184], [33.948373, 51.4764287], [33.9482179, 51.4765196], [33.9469591, 51.4765253], [33.9469135, 51.4768548], [33.9462385, 51.4769514], [33.9454996, 51.4769002], [33.9446707, 51.4765651], [33.9441041, 51.4761458], [33.9439661, 51.4757697], [33.9416022, 51.4742588], [33.9428225, 51.4733448], [33.9432368, 51.4729507], [33.9436584, 51.4725204], [33.930797, 51.4660602], [33.9301357, 51.4663733], [33.9298543, 51.4660705], [33.9288594, 51.4643252], [33.926243, 51.4645049], [33.9159256, 51.4621748], [33.9083774, 51.462564], [33.9078749, 51.4615239], [33.908672, 51.4595634], [33.9072448, 51.4581585], [33.9069401, 51.4550456], [33.9053736, 51.4540577], [33.90537, 51.4531131], [33.9077153, 51.4529379], [33.9067052, 51.4489263], [33.9058581, 51.4483309], [33.9056514, 51.4478485], [33.8959874, 51.4452462], [33.892545, 51.4448242], [33.8856229, 51.4428111], [33.8817065, 51.4425571], [33.8753708, 51.444021], [33.8730738, 51.4432359], [33.8711584, 51.4442141], [33.8730738, 51.4459219], [33.8695036, 51.4481584], [33.8679783, 51.4501933], [33.8676524, 51.4520613], [33.8687082, 51.4532515], [33.8697822, 51.4537555], [33.8714373, 51.4531347], [33.8719461, 51.4531068], [33.8736381, 51.4522965], [33.8758352, 51.4531868], [33.875842, 51.4534043], [33.8762548, 51.4535972], [33.8773771, 51.453348], [33.878391, 51.4532873], [33.8799999, 51.4541401], [33.8787704, 51.4555265], [33.8779964, 51.4557756], [33.8772153, 51.4563168], [33.8756164, 51.4578054], [33.8745237, 51.45923], [33.8746165, 51.4598429], [33.8743168, 51.4604888], [33.8736619, 51.4607431], [33.8734942, 51.4611048], [33.8728329, 51.4617448], [33.8727882, 51.4633675], [33.8742611, 51.4644916], [33.8755661, 51.4639923], [33.8775391, 51.4641732], [33.8787855, 51.4638907], [33.8807401, 51.4637743], [33.881701, 51.4639148], [33.8833135, 51.4637782], [33.8838295, 51.4640032], [33.8840787, 51.4639302], [33.8855545, 51.4651002], [33.8866133, 51.4652055], [33.8864985, 51.4703576], [33.8857099, 51.4712787], [33.8848769, 51.4728659], [33.8827363, 51.4731878], [33.8819989, 51.4735281], [33.8817313, 51.4739498], [33.879241, 51.4742992], [33.8775809, 51.4744129], [33.8776538, 51.4750606], [33.8773893, 51.4756458], [33.8774167, 51.4763105], [33.8775991, 51.4765548], [33.8784238, 51.4771615], [33.8798419, 51.4781328], [33.8803386, 51.4780163], [33.8806288, 51.4779239], [33.8809965, 51.4779641], [33.8813254, 51.4784341], [33.8820831, 51.4788826], [33.8823887, 51.4790169], [33.8840334, 51.4799678], [33.8851112, 51.4806793], [33.8859547, 51.4808418], [33.8880397, 51.4807487], [33.8892259, 51.4808557], [33.8903573, 51.4810555], [33.8910126, 51.4809842], [33.8915282, 51.4809927], [33.8921401, 51.4813406], [33.8930615, 51.4813578], [33.8938604, 51.4817644], [33.894388, 51.482111], [33.8943481, 51.4826909], [33.8952232, 51.4833019], [33.8954733, 51.4836196], [33.8952383, 51.4844307], [33.8957588, 51.4852286], [33.8980477, 51.4862203], [33.8975497, 51.4881909], [33.8975196, 51.4901315], [33.8966926, 51.4968154], [33.8899017, 51.4963333], [33.884587, 51.4967575], [33.8842871, 51.4939536], [33.8782138, 51.4925516], [33.8792922, 51.4919219], [33.885729, 51.4916169], [33.8859697, 51.4914196], [33.8849016, 51.4908972], [33.8847816, 51.4906462], [33.8836229, 51.4909082], [33.8830702, 51.4908379], [33.8831812, 51.4901341], [33.8833244, 51.4898974], [33.8830643, 51.4882102], [33.8826658, 51.487958], [33.88065, 51.4876984], [33.8801465, 51.4875248], [33.8796291, 51.4874311], [33.8795914, 51.4870779], [33.8780315, 51.4865442], [33.8769634, 51.4859367], [33.8756245, 51.4856343], [33.8717695, 51.4840492], [33.870865, 51.4845588], [33.8703947, 51.4846759], [33.8696046, 51.4853436], [33.8686882, 51.4856905], [33.8672209, 51.4854562], [33.8653398, 51.4852688], [33.8641359, 51.4844839], [33.8632706, 51.4845425], [33.8604678, 51.4855616], [33.8599975, 51.4863933], [33.8613633, 51.4880995], [33.8612977, 51.4885832], [33.8601278, 51.4891348], [33.8598394, 51.4896889], [33.8598969, 51.4902335], [33.8593939, 51.4902052], [33.8591143, 51.4911854], [33.8596575, 51.4920472], [33.8597647, 51.4935579], [33.860469, 51.4943208], [33.8634997, 51.4954431], [33.8639385, 51.4952656], [33.8696254, 51.4967647], [33.871383, 51.4966975], [33.8726361, 51.4970014], [33.8712839, 51.4995073], [33.8704454, 51.4992664], [33.8699831, 51.4988302], [33.8691326, 51.4984488], [33.8679967, 51.498151], [33.8663949, 51.4979943], [33.8620474, 51.4976056], [33.8614705, 51.4978151], [33.8611093, 51.498321], [33.8601898, 51.4981738], [33.8587882, 51.4982874], [33.858546, 51.4994553], [33.8564675, 51.4992509], [33.8566853, 51.4976757], [33.8510878, 51.4967321], [33.8492558, 51.4964099], [33.8412033, 51.5050141], [33.8354845, 51.5112101], [33.8345266, 51.5125539], [33.8316418, 51.5126477], [33.8275047, 51.5124764], [33.8225106, 51.5120884], [33.8195909, 51.5115573], [33.818283, 51.5108283], [33.8170812, 51.5094139], [33.8154995, 51.5081402], [33.8101085, 51.5096782], [33.8076451, 51.5073714], [33.8064805, 51.5080219], [33.8035113, 51.5086228], [33.8059357, 51.5107114], [33.797184, 51.5134224], [33.7952952, 51.5136857], [33.7916207, 51.5146848], [33.7904535, 51.5145371], [33.78926, 51.5137587], [33.7883728, 51.5137658], [33.7848868, 51.5121198], [33.7835051, 51.5126599], [33.7824126, 51.5133815], [33.7824513, 51.5134922], [33.7835743, 51.5135147], [33.7847966, 51.5143102], [33.7830843, 51.5160674], [33.7826134, 51.5164954], [33.7814418, 51.5176203], [33.7805363, 51.5185301], [33.7802499, 51.5191228], [33.7795633, 51.5195979], [33.7780875, 51.5209838], [33.773054, 51.5259437], [33.7721449, 51.5266532], [33.7721246, 51.5271047], [33.772812, 51.5282692], [33.7719681, 51.5279769], [33.7701363, 51.5276607], [33.7698478, 51.527661], [33.7691006, 51.5284303], [33.7681791, 51.5296277], [33.7669269, 51.5291439], [33.7622383, 51.5314514], [33.7596388, 51.5327381], [33.759153, 51.532681], [33.7587664, 51.5323742], [33.757198, 51.5318575], [33.7570551, 51.5337875], [33.7555363, 51.5343393], [33.754734, 51.5344115], [33.7532114, 51.533661], [33.7520293, 51.5333348], [33.7507802, 51.5334143], [33.7492201, 51.5341746], [33.7494328, 51.5359104], [33.7537996, 51.5357207], [33.7540652, 51.5358676], [33.7550537, 51.537029], [33.7536914, 51.5379292], [33.7543396, 51.5396887], [33.7530633, 51.5399897], [33.7523969, 51.5403627], [33.7531711, 51.5406734], [33.7536301, 51.5411146], [33.7548888, 51.5413568], [33.7556894, 51.5411493], [33.7563284, 51.541612], [33.7566205, 51.5422435], [33.7582901, 51.5422439], [33.7581551, 51.5424732], [33.756704, 51.542901], [33.7541848, 51.5429759], [33.7520447, 51.5435443], [33.7515769, 51.5439589], [33.7475708, 51.5479014], [33.7441683, 51.5514788], [33.7426496, 51.5533867], [33.7425787, 51.5543216], [33.7427712, 51.5551391], [33.7431635, 51.5558841], [33.7433665, 51.5571063], [33.7434416, 51.5576978], [33.7438814, 51.5584618], [33.744395, 51.5591048], [33.7447058, 51.5593783], [33.7452298, 51.5598146], [33.7454859, 51.5602439], [33.7457445, 51.5607777], [33.7445898, 51.563288], [33.7418328, 51.5644048], [33.7402615, 51.5654524], [33.7391818, 51.5659693], [33.7383071, 51.5665585], [33.7376658, 51.5666936], [33.7367092, 51.5674319], [33.7331699, 51.5700713], [33.7289092, 51.5737252], [33.7283636, 51.5741358], [33.7258518, 51.576486], [33.7245349, 51.5777362], [33.7237225, 51.5789558], [33.7221405, 51.5828481], [33.7246503, 51.5833652], [33.7283482, 51.5843403], [33.7290959, 51.5844546], [33.7351252, 51.5844826], [33.7428307, 51.5845713], [33.7385001, 51.5942604], [33.7352961, 51.6021239], [33.7370658, 51.6020876], [33.7378401, 51.6019208], [33.7383238, 51.603184], [33.7389727, 51.6039012], [33.7390031, 51.6041886], [33.739561, 51.6044728], [33.7395498, 51.6050271], [33.7393095, 51.6059304], [33.7394606, 51.606115], [33.7391036, 51.606905], [33.7384253, 51.609207], [33.7367643, 51.609396], [33.7363074, 51.6096308], [33.7361941, 51.6099624], [33.7364126, 51.6105051], [33.7365582, 51.610706], [33.7363802, 51.6109271], [33.7361618, 51.6109623], [33.7357249, 51.6108166], [33.7350695, 51.610902], [33.7346407, 51.6111582], [33.7340905, 51.6111934], [33.7330711, 51.6107211], [33.7322539, 51.6106307], [33.7317888, 51.6107702], [33.7292771, 51.6120546], [33.723862, 51.6123561], [33.7221323, 51.6137959], [33.7212252, 51.6142306], [33.7129516, 51.6170986], [33.7081037, 51.6198634], [33.706526, 51.6207475], [33.7022807, 51.6214068], [33.700919, 51.621735], [33.6998333, 51.6216878], [33.6954566, 51.6231708], [33.6892521, 51.6252912], [33.6826971, 51.6275185], [33.6757168, 51.6299374], [33.6715779, 51.63155], [33.6700687, 51.6321116], [33.6627044, 51.6348701], [33.6635072, 51.6384443], [33.6687956, 51.6383314], [33.6702177, 51.6389026], [33.6713584, 51.6401903], [33.6746976, 51.6404028], [33.6784105, 51.6405822], [33.6804838, 51.640878], [33.6801222, 51.6418799], [33.6804294, 51.6427143], [33.6815227, 51.642973], [33.6783837, 51.6471018], [33.6778995, 51.6477373], [33.6771577, 51.648424], [33.6755379, 51.6477854], [33.6723697, 51.6474609], [33.6692353, 51.6472324], [33.6585632, 51.6461428], [33.6516221, 51.6454004], [33.6417096, 51.6444012], [33.6414918, 51.6445007], [33.637079, 51.6478904], [33.6324817, 51.6512255], [33.6259094, 51.6561194], [33.6236808, 51.655406], [33.6205029, 51.6577819], [33.6174565, 51.6601401], [33.6129746, 51.6635519], [33.6076331, 51.6676234], [33.6063531, 51.6683743], [33.6062078, 51.6687641], [33.605329, 51.6696725], [33.6050646, 51.6698409], [33.6048823, 51.6707611], [33.600999, 51.6695965], [33.600635, 51.6696269], [33.6001251, 51.6700517], [33.5959842, 51.6687027], [33.5883919, 51.6660525], [33.5843647, 51.6641626], [33.579269, 51.6617493], [33.5790381, 51.6619458], [33.5781307, 51.6621497], [33.5760207, 51.6630057], [33.568819, 51.666413], [33.5609827, 51.6697346], [33.5557937, 51.6720062], [33.5544777, 51.6758422], [33.5533013, 51.6775055], [33.5514994, 51.6790705], [33.5495978, 51.6816528], [33.5483491, 51.6829324], [33.5479055, 51.6838085], [33.5472873, 51.6843967], [33.5450814, 51.6850923], [33.5395337, 51.6868618], [33.5337155, 51.6894125], [33.5265244, 51.6925408], [33.5216228, 51.6943439], [33.5193294, 51.6952383], [33.5186373, 51.6958533], [33.5145157, 51.6987306], [33.5117747, 51.7005928], [33.5104286, 51.6999887], [33.5059814, 51.7020178], [33.5060322, 51.7023067], [33.5057029, 51.702321], [33.5050259, 51.7042129], [33.5093239, 51.7062356], [33.5132901, 51.7076955], [33.5135691, 51.7080685], [33.5146846, 51.7086458], [33.5145771, 51.7100257], [33.5142282, 51.7112717], [33.5106413, 51.7120104], [33.5090045, 51.7122456], [33.505164, 51.7113696], [33.5025352, 51.7108262], [33.5002814, 51.7105252], [33.4983686, 51.7106286], [33.4968805, 51.7106164], [33.4973536, 51.7091527], [33.4903577, 51.7080293], [33.4915486, 51.7072867], [33.4873979, 51.7044002], [33.4893939, 51.7018044], [33.4912385, 51.7001445], [33.4875223, 51.6997429], [33.4811122, 51.7017647], [33.4814082, 51.7077268], [33.4774579, 51.7090028], [33.4694, 51.7086494], [33.4673697, 51.7088447], [33.4681549, 51.7126805], [33.4658968, 51.7163463], [33.4650986, 51.7166467], [33.4629462, 51.7162091], [33.4607143, 51.7151021], [33.4557821, 51.7152021], [33.4520493, 51.7152544], [33.4510933, 51.7147916], [33.4476522, 51.7150275], [33.4441304, 51.7152874], [33.4419506, 51.7156588], [33.441801, 51.715577], [33.4414601, 51.7156339], [33.4410574, 51.7163042], [33.4399962, 51.7165758], [33.4399536, 51.717801], [33.4384548, 51.7179671], [33.4371241, 51.7178192], [33.4373548, 51.7165043], [33.4362359, 51.7165472], [33.4360283, 51.715461], [33.4347018, 51.7158612], [33.4342289, 51.7147606], [33.4341251, 51.7142604], [33.4362474, 51.7140602], [33.4359842, 51.7136253], [33.4358161, 51.7133278], [33.4338944, 51.7132884], [33.4311873, 51.7141586], [33.4291883, 51.7143961], [33.4270918, 51.7143039], [33.422824, 51.7146284], [33.4157528, 51.7151593], [33.4133768, 51.7153606], [33.4085064, 51.7167323], [33.4075593, 51.7166865], [33.4053262, 51.7178933], [33.4038136, 51.7180098], [33.4025217, 51.7175811], [33.4000994, 51.7172524], [33.3989921, 51.7174524], [33.3961315, 51.7164663], [33.3913562, 51.71528], [33.3895107, 51.7131217], [33.3906719, 51.7126346], [33.3857615, 51.7071111], [33.3838399, 51.7065898], [33.3820399, 51.706404], [33.3816554, 51.707178], [33.3806289, 51.7075926], [33.3786754, 51.7069367], [33.3790486, 51.7053338], [33.3793882, 51.7035251], [33.3765837, 51.7030421], [33.3708619, 51.7015689], [33.3687419, 51.7001911], [33.3648583, 51.6984575], [33.3640083, 51.6982399], [33.3609737, 51.6964775], [33.3583344, 51.6962411], [33.3558913, 51.6951507], [33.354962, 51.6940122], [33.3549529, 51.6926769], [33.3543639, 51.6926108], [33.3539014, 51.6923994], [33.3540811, 51.6920404], [33.354962, 51.6915348], [33.3542116, 51.6910393], [33.3525804, 51.6908573], [33.3513141, 51.690023], [33.3544168, 51.688131], [33.3481146, 51.6848606], [33.3488596, 51.6842167], [33.3464513, 51.6831155], [33.3414993, 51.6812882], [33.3389044, 51.6827271], [33.3344106, 51.6822383], [33.3310064, 51.6830281], [33.3291839, 51.6829566], [33.3270205, 51.6824962], [33.3261002, 51.6824542], [33.3246604, 51.6818795], [33.3240484, 51.6812077], [33.3235558, 51.6812094], [33.3231181, 51.6809518], [33.3229415, 51.680644], [33.3232666, 51.6804647], [33.323255, 51.6803653], [33.3228052, 51.6801078], [33.3219737, 51.6798758], [33.3217325, 51.6792567], [33.3210296, 51.6785099], [33.320406, 51.6786273], [33.3201638, 51.6785057], [33.3195986, 51.6777046], [33.3188373, 51.677204], [33.3187565, 51.6768463], [33.3179145, 51.6770231], [33.3177877, 51.6766869], [33.317557, 51.6765725], [33.3165535, 51.6766583], [33.3163458, 51.6763364], [33.3149732, 51.675893], [33.3142966, 51.6760634], [33.3143503, 51.675521], [33.3140158, 51.6754924], [33.3130815, 51.6757428], [33.3125163, 51.6754853], [33.3118012, 51.6762434], [33.3113713, 51.6762035], [33.311397, 51.6755317], [33.3110855, 51.6753886], [33.3103473, 51.6754387], [33.3103127, 51.675124], [33.3098744, 51.6750811], [33.3092746, 51.6753099], [33.3088985, 51.6753275], [33.3082126, 51.6756429], [33.3078698, 51.6756575], [33.3073483, 51.6754172], [33.3070678, 51.6752164], [33.3041994, 51.6751747], [33.3043237, 51.6763391], [33.3057725, 51.6767625], [33.3040319, 51.6795079], [33.3034722, 51.6794353], [33.3017338, 51.6802092], [33.3008701, 51.6798246], [33.3010774, 51.6794472], [33.3011187, 51.6788798], [33.300404, 51.6781029], [33.2975283, 51.6778574], [33.2965749, 51.6774342], [33.2959441, 51.6773677], [33.2937753, 51.6793363], [33.2944867, 51.6797583], [33.2903308, 51.6815309], [33.2862524, 51.6832732], [33.2855586, 51.6827839], [33.2839057, 51.6810061], [33.281071, 51.6820202], [33.2805199, 51.6812032], [33.2862778, 51.6783087], [33.2903601, 51.6760204], [33.2888642, 51.6751223], [33.2873087, 51.6756041], [33.2847821, 51.6755328], [33.2841429, 51.675614], [33.2832045, 51.6759035], [33.2828368, 51.6758346], [33.2817851, 51.6741512], [33.2800863, 51.6745699], [33.2792608, 51.6745585], [33.2785877, 51.6744874], [33.2785647, 51.6742799], [33.2789799, 51.6738293], [33.2785647, 51.6725489], [33.2777573, 51.6721554], [33.2774574, 51.6724988], [33.2761424, 51.6723915], [33.2743589, 51.6731217], [33.2739393, 51.6730782], [33.2736893, 51.6728438], [33.2716317, 51.6726704], [33.2711041, 51.6724891], [33.2708545, 51.6721908], [33.269636, 51.6718316], [33.2675669, 51.6709311], [33.2647912, 51.6694137], [33.264377, 51.6690345], [33.2638746, 51.6687504], [33.2621475, 51.6667761], [33.2576053, 51.6652432], [33.2558757, 51.6641947], [33.2553048, 51.6636382], [33.2540814, 51.6631019], [33.2537834, 51.6632904], [33.2531605, 51.6632904], [33.2520186, 51.6639915], [33.2484045, 51.6656095], [33.247615, 51.6659334], [33.2473738, 51.6661761], [33.2467961, 51.665962], [33.2459644, 51.6645573], [33.2453231, 51.663816], [33.2437048, 51.6635438], [33.2412478, 51.6635577], [33.2391833, 51.6644381], [33.2364258, 51.6663556], [33.233895, 51.663179], [33.2348172, 51.6607409], [33.2342647, 51.6600417], [33.2305926, 51.6602447], [33.2275656, 51.6594179], [33.2283782, 51.6574184], [33.2282897, 51.6567213], [33.2276161, 51.6562459], [33.2264476, 51.6557485], [33.226499, 51.6546933], [33.2262543, 51.6540659], [33.2258398, 51.6537413], [33.2236101, 51.6563815], [33.2213172, 51.6588156], [33.2220331, 51.6589851], [33.2206838, 51.6609111], [33.2195893, 51.6619756], [33.2157865, 51.6665964], [33.2129248, 51.6697425], [33.2099956, 51.6694591], [33.209926, 51.6703233], [33.2061469, 51.6707934], [33.2039255, 51.6724663], [33.2036169, 51.6738123], [33.2032959, 51.6739311], [33.2029895, 51.6742604], [33.203788, 51.6748339], [33.2017159, 51.6745799], [33.1998286, 51.6770855], [33.1998244, 51.6779771], [33.2014778, 51.6787388], [33.2014278, 51.679188], [33.2006686, 51.6795797], [33.1999529, 51.6798544], [33.1998147, 51.6800278], [33.1999664, 51.6802805], [33.2001279, 51.680483], [33.2000953, 51.680756], [33.1997615, 51.6808649], [33.1995407, 51.6812264], [33.199491, 51.6816423], [33.1997772, 51.6821518], [33.199663, 51.6824906], [33.1992745, 51.6827381], [33.1968628, 51.6834174], [33.1964729, 51.6834792], [33.1960988, 51.683411], [33.1955625, 51.6829674], [33.1943743, 51.6825526], [33.1938721, 51.6824653], [33.1935214, 51.6825159], [33.1930565, 51.6826069], [33.1920713, 51.6824905], [33.1917597, 51.6825564], [33.1917841, 51.682789], [33.1915966, 51.6829154], [33.1912866, 51.68288], [33.1906504, 51.6825715], [33.1900606, 51.6823919], [33.189411, 51.6823679], [33.1889309, 51.6825767], [33.1890695, 51.6829307], [33.188988, 51.6830774], [33.188466, 51.6831279], [33.1881397, 51.6830015], [33.1879114, 51.6829965], [33.1877645, 51.6831431], [33.1875042, 51.683175], [33.1873649, 51.6830774], [33.1872338, 51.6827531], [33.1872344, 51.6823745], [33.1867695, 51.6823391], [33.1863698, 51.6822683], [33.186011, 51.6820559], [33.1853014, 51.6821115], [33.1848694, 51.6820308], [33.1874197, 51.6789211], [33.1920395, 51.6733243], [33.1915102, 51.6732464], [33.1908996, 51.6731444], [33.1905815, 51.6733619], [33.1907609, 51.6736046], [33.1906957, 51.6737716], [33.189978, 51.6739435], [33.1894586, 51.6738945], [33.1892357, 51.6737159], [33.1891705, 51.673549], [33.1894804, 51.6730129], [33.1892494, 51.6726328], [33.1887545, 51.672507], [33.1887382, 51.6728813], [33.1883793, 51.6729926], [33.1880368, 51.6728105], [33.1879552, 51.6731747], [33.1876697, 51.6732455], [33.1871801, 51.673022], [33.1870907, 51.6727094], [33.1869846, 51.6727448], [33.186952, 51.6729319], [33.1867726, 51.6729977], [33.1866176, 51.6729977], [33.1860793, 51.6728308], [33.1860548, 51.672765], [33.1863484, 51.6722693], [33.1846849, 51.6722718], [33.1792827, 51.6746072], [33.1703887, 51.6787333], [33.1689353, 51.6793913], [33.1685201, 51.6794128], [33.1668937, 51.6790194], [33.1662708, 51.6790766], [33.1639166, 51.6786098], [33.1620618, 51.6781361], [33.1597941, 51.6778927], [33.1568717, 51.6777507], [33.153503, 51.6777672], [33.1492602, 51.6780875], [33.1462859, 51.6784813], [33.1446972, 51.6789114], [33.1430113, 51.67893], [33.142025, 51.678781], [33.1410711, 51.6783168], [33.1402352, 51.6771041], [33.1406665, 51.6755156], [33.1401198, 51.6732684], [33.1433159, 51.6725065], [33.144986, 51.6715236], [33.1470825, 51.669351], [33.1434407, 51.6666207], [33.1400373, 51.6635334], [33.1407512, 51.6625516], [33.1407485, 51.6616895], [33.1394099, 51.6615722], [33.1379757, 51.6614847], [33.1362537, 51.6610409], [33.1340528, 51.6602705], [33.1317546, 51.6589057], [33.1302686, 51.6573617], [33.1294052, 51.6562628], [33.1275845, 51.6546001], [33.1261452, 51.6525803], [33.1249921, 51.6503224], [33.1248437, 51.6484796], [33.1253634, 51.6463388], [33.1261238, 51.6448517], [33.1272664, 51.6433939], [33.1286056, 51.641943], [33.1292983, 51.6420947], [33.132281, 51.6432107], [33.1384305, 51.639864], [33.1488555, 51.6416804], [33.1518424, 51.6423062], [33.1522439, 51.6420136], [33.1543778, 51.6419458], [33.1545054, 51.6417354], [33.1546745, 51.6376839], [33.1544781, 51.6251042], [33.1544296, 51.6198588], [33.1543767, 51.6153123], [33.1543514, 51.6113131], [33.154365, 51.608943], [33.1545638, 51.607318], [33.1565978, 51.6076039], [33.1648524, 51.6035441], [33.1731018, 51.5994565], [33.1770889, 51.5974705], [33.1804542, 51.5943151], [33.186657, 51.5884704], [33.1919963, 51.5835373], [33.2049138, 51.5825524], [33.2118156, 51.5819822], [33.2119514, 51.5824988], [33.2160953, 51.5815743], [33.2162993, 51.5820257], [33.2220806, 51.5805767], [33.2220368, 51.5801704], [33.2144867, 51.5780474], [33.2097954, 51.5731381], [33.2096883, 51.573026], [33.2073499, 51.5701864], [33.2046092, 51.5706446], [33.2026358, 51.5706965], [33.1982113, 51.5717103], [33.1920169, 51.5727537], [33.1817082, 51.5715842], [33.170032, 51.5703364], [33.1663864, 51.569963], [33.1585447, 51.5693732], [33.1599504, 51.5679545], [33.1612632, 51.5661031], [33.1573269, 51.5648551], [33.1573094, 51.5619], [33.1572309, 51.5558874], [33.1618226, 51.5555677], [33.1634829, 51.5553932], [33.1664664, 51.554771], [33.1703209, 51.553545], [33.1667902, 51.5518096], [33.1664722, 51.5515144], [33.1666292, 51.5468141], [33.1669059, 51.5437831], [33.1702252, 51.5428362], [33.1734224, 51.5418736], [33.1803203, 51.5402726], [33.1822365, 51.5398383], [33.1822987, 51.539751], [33.1858297, 51.5371817], [33.1855549, 51.5320027], [33.1861619, 51.5299909], [33.1889556, 51.5253366], [33.1895181, 51.5243921], [33.1898636, 51.5234484], [33.1900149, 51.5233134], [33.1908538, 51.5232392], [33.1932377, 51.52317], [33.193549, 51.5229908], [33.1933947, 51.5167366], [33.1932041, 51.5137088], [33.1918497, 51.5063814], [33.1778474, 51.5072894], [33.1740608, 51.5004387], [33.1665209, 51.4982841], [33.1643697, 51.4972275], [33.1600991, 51.4949815], [33.1541656, 51.4937654], [33.1537895, 51.4941145], [33.151799, 51.4936527], [33.150794, 51.4947525], [33.1520938, 51.4954314], [33.1506811, 51.4962513], [33.1480363, 51.4967823], [33.1439888, 51.4968428], [33.1427799, 51.4968855], [33.1427323, 51.4952533], [33.1373251, 51.4954541], [33.1363104, 51.4942028], [33.136247, 51.4932448], [33.1344561, 51.4889434], [33.1315784, 51.4818834], [33.1308303, 51.4787595], [33.131704, 51.4767127], [33.1359269, 51.4668886], [33.124464, 51.460589], [33.1224601, 51.4547569], [33.1214191, 51.451877], [33.1190584, 51.4453503], [33.1158943, 51.4365984], [33.1129916, 51.4283593], [33.1206938, 51.4242784], [33.1238659, 51.422551], [33.1276393, 51.4205557], [33.1346645, 51.4166821], [33.1318575, 51.4134563], [33.1277981, 51.4087123], [33.1251312, 51.4054441], [33.1239574, 51.4039635], [33.1186199, 51.4040226], [33.1191822, 51.4018169], [33.1195615, 51.4014598], [33.1283032, 51.4004101], [33.1353731, 51.3996059], [33.1362911, 51.3976171], [33.1375138, 51.3952814], [33.1324662, 51.3937467], [33.133023, 51.3891086], [33.133434, 51.3834006], [33.1329556, 51.3822418], [33.1291522, 51.3811759], [33.1265389, 51.3809706], [33.1232619, 51.3812714], [33.1188939, 51.3821974], [33.1180879, 51.3828225], [33.1169099, 51.3866287], [33.1139155, 51.3860966], [33.112494, 51.3876735], [33.1116886, 51.3885958], [33.1105494, 51.3890725], [33.1086498, 51.389431], [33.1019505, 51.389437], [33.0945891, 51.3896681], [33.0924016, 51.3900097], [33.0905437, 51.3875735], [33.0947694, 51.3862028], [33.0944832, 51.3856382], [33.095479, 51.3847456], [33.0961442, 51.3847748], [33.0990441, 51.3856641], [33.1013693, 51.3844434], [33.1041711, 51.3839355], [33.1063531, 51.382477], [33.1091083, 51.382415], [33.1087738, 51.3816127], [33.108915, 51.3810477], [33.1103863, 51.3804816], [33.1091955, 51.3791152], [33.1074384, 51.3793249], [33.1062961, 51.3783747], [33.1059143, 51.3775724], [33.1059128, 51.3769184], [33.1079529, 51.3759059], [33.1086166, 51.3753702], [33.1080442, 51.3743302], [33.1067116, 51.3732018], [33.1069008, 51.3728449], [33.1101743, 51.3713258], [33.1117399, 51.3706109], [33.1118806, 51.3698676], [33.1105005, 51.3686798], [33.1077792, 51.3659937], [33.0934098, 51.3677522], [33.0925985, 51.3698249], [33.090754, 51.3700302], [33.0892336, 51.3696913], [33.0875802, 51.3684448], [33.0870396, 51.3686401], [33.0860727, 51.3696735], [33.0858937, 51.3724618], [33.0829126, 51.3712293], [33.0819598, 51.3696247], [33.080534, 51.3690312], [33.0794894, 51.369121], [33.0782551, 51.3694489], [33.0720903, 51.3701798], [33.0679038, 51.370793], [33.0660993, 51.3709427], [33.0621567, 51.3705287], [33.061207, 51.3706481], [33.0601155, 51.3713026], [33.0599753, 51.3730269], [33.0602678, 51.3787938], [33.0627856, 51.3789411], [33.063309, 51.3795651], [33.0614586, 51.381201], [33.0590391, 51.3837291], [33.0585169, 51.3840563], [33.0543845, 51.3846231], [33.0511545, 51.3851596], [33.048685, 51.385993], [33.0465951, 51.3864993], [33.0435544, 51.3864707], [33.0386172, 51.3909909], [33.0415654, 51.3935464], [33.0396666, 51.3957469], [33.0397144, 51.3961036], [33.0438017, 51.3967264], [33.044324, 51.39631], [33.0447509, 51.395537], [33.0456537, 51.3954177], [33.0521654, 51.3968122], [33.0519295, 51.3983878], [33.0533099, 51.4003194], [33.0565465, 51.4043013], [33.0546466, 51.4054021], [33.0457636, 51.4104297], [33.0453832, 51.4102812], [33.0450021, 51.409449], [33.0450442, 51.4038901], [33.0406716, 51.4038025], [33.0401473, 51.4020785], [33.0381502, 51.4009198], [33.0334921, 51.39997], [33.0249843, 51.3979209], [33.0169524, 51.3960496], [33.0205137, 51.3898361], [33.0231719, 51.3847226], [33.0242638, 51.3833549], [33.0252609, 51.3822845], [33.031622, 51.375535], [33.0329507, 51.3737807], [33.0339937, 51.3711347], [33.0346108, 51.3706886], [33.0404979, 51.368368], [33.04045, 51.367714], [33.0378339, 51.3628397], [33.0355045, 51.3594812], [33.035361, 51.3580841], [33.0363992, 51.3499088], [33.0390009, 51.3480814], [33.0409773, 51.346273], [33.0426268, 51.3445523], [33.0419772, 51.3432877], [33.0429805, 51.3424214], [33.0449788, 51.3417259], [33.0461325, 51.3424795], [33.0448605, 51.3434162], [33.047221, 51.3443236], [33.0480661, 51.3436479], [33.0486388, 51.3438369], [33.0491467, 51.3436006], [33.0505659, 51.342722], [33.0525205, 51.3443928], [33.0558641, 51.3446711], [33.0579738, 51.3450007], [33.0584641, 51.3469861], [33.0604148, 51.347093], [33.062082, 51.3469847], [33.0625323, 51.3473024], [33.0633759, 51.3470796], [33.0641806, 51.3470461], [33.0646205, 51.3460006], [33.0668521, 51.3449552], [33.0724112, 51.3434337], [33.0809647, 51.3391678], [33.0793619, 51.3390441], [33.0783963, 51.3386419], [33.075242, 51.3377438], [33.0742979, 51.3370065], [33.0732943, 51.3346393], [33.0708885, 51.332201], [33.0698018, 51.3322328], [33.0685999, 51.3318478], [33.0686192, 51.3301742], [33.0697829, 51.3285358], [33.0716014, 51.327304], [33.072597, 51.3267747], [33.0740006, 51.3256424], [33.0745049, 51.3246397], [33.0754982, 51.3234937], [33.0766749, 51.322682], [33.0789893, 51.3222096], [33.0735432, 51.316403], [33.0729677, 51.3157893], [33.0758777, 51.313714], [33.0768359, 51.3127112], [33.0701681, 51.3112918], [33.0688798, 51.3093427], [33.068828, 51.3086009], [33.0684888, 51.3078722], [33.067134, 51.3073468], [33.0657867, 51.3062113], [33.0622693, 51.3079188], [33.0605113, 51.3071764], [33.0593955, 51.3063648], [33.057259, 51.3041372], [33.0558312, 51.302678], [33.0546856, 51.3029373], [33.0537138, 51.3033837], [33.0502735, 51.302987], [33.0477608, 51.3017248], [33.0475998, 51.30089], [33.0495357, 51.3007841], [33.0517977, 51.3003324], [33.0506361, 51.2986975], [33.0509337, 51.2977211], [33.0523237, 51.2980237], [33.0554396, 51.2994129], [33.0584619, 51.2995701], [33.0607555, 51.2992974], [33.0607574, 51.2982215], [33.0622346, 51.2968977], [33.0587724, 51.2962042], [33.0540239, 51.2953825], [33.0526671, 51.2951748], [33.0495343, 51.2947228], [33.0466282, 51.2951557], [33.0436386, 51.2953502], [33.0415193, 51.2917597], [33.0432701, 51.2913852], [33.0424027, 51.2897554], [33.0440748, 51.2896139], [33.0457343, 51.2898497], [33.0497998, 51.2897511], [33.0488813, 51.2883189], [33.0493319, 51.288272], [33.0516386, 51.2885269], [33.0524433, 51.2886745], [33.0526686, 51.2885672], [33.0539453, 51.2890302], [33.0537813, 51.2893518], [33.0545139, 51.2902245], [33.0605339, 51.2910987], [33.0649383, 51.2915563], [33.0635624, 51.2895977], [33.0639862, 51.2888021], [33.0621323, 51.2884716], [33.0605046, 51.2870186], [33.0632521, 51.2862657], [33.0667019, 51.2873057], [33.0676524, 51.2873362], [33.0682013, 51.2884088], [33.0685302, 51.2900655], [33.0704167, 51.2902195], [33.0719467, 51.2882121], [33.0746542, 51.2892563], [33.073435, 51.2904399], [33.0762417, 51.2900298], [33.0761729, 51.2877003], [33.0750207, 51.2883752], [33.0745983, 51.2875808], [33.0728081, 51.287841], [33.0721079, 51.2872509], [33.0724338, 51.2854841], [33.0747376, 51.2848854], [33.0745554, 51.2846485], [33.072195, 51.2846552], [33.072174, 51.2842448], [33.0700922, 51.2841318], [33.067131, 51.2835413], [33.0654268, 51.2836676], [33.0662236, 51.2823768], [33.0677748, 51.2826286], [33.070414, 51.2832192], [33.0738311, 51.2834413], [33.0728776, 51.2754614], [33.0655576, 51.2752583], [33.066272, 51.2689995], [33.0600285, 51.2667619], [33.0582476, 51.2665186], [33.0583223, 51.2662289], [33.0592665, 51.2625665], [33.0604296, 51.2578024], [33.0606457, 51.256939], [33.0683649, 51.2551393], [33.0688213, 51.2550329], [33.0477257, 51.2404764], [33.029696, 51.2273253], [33.0341696, 51.2233597], [33.0390061, 51.2201966], [33.0418314, 51.205688], [33.029469, 51.2048739], [33.0303303, 51.200389], [32.9966423, 51.1977583], [32.9954621, 51.197769], [32.9951401, 51.1974981], [32.9885295, 51.1968653], [32.9770689, 51.1882644], [32.9863371, 51.183946], [32.9752493, 51.1751459], [32.9604635, 51.1626837], [32.9749284, 51.1528158], [32.9868839, 51.1463056], [32.9928151, 51.1434354], [32.9660534, 51.1136273], [32.951509, 51.0992607], [32.9426042, 51.0896908]]]}}, {"type": "Feature", "properties": {"name": "Шосткинский район", "NAME_1": "Сумская область", "osm_id": 11798712}, "geometry": {"type": "Polygon", "coordinates": [[[33.0785363, 51.775798], [33.0794787, 51.7741182], [33.0793571, 51.7732541], [33.0800447, 51.7724133], [33.0821523, 51.7721587], [33.083843, 51.7717395], [33.0829598, 51.7712362], [33.0828195, 51.7707412], [33.083811, 51.7692477], [33.0849336, 51.7690495], [33.0856572, 51.7694252], [33.0889348, 51.7747414], [33.0919948, 51.7745562], [33.092219, 51.7720184], [33.0925752, 51.7690806], [33.0928908, 51.7669071], [33.0937919, 51.7659969], [33.0938226, 51.7649156], [33.0944909, 51.7641475], [33.0972936, 51.763078], [33.097737, 51.7622816], [33.0970561, 51.7612822], [33.0965199, 51.7605288], [33.0943544, 51.7599029], [33.0959473, 51.7576418], [33.0962057, 51.7569028], [33.0962544, 51.7565432], [33.0959973, 51.7559844], [33.0962884, 51.7556075], [33.0968584, 51.7552571], [33.0975509, 51.7549315], [33.098834, 51.7543532], [33.0989854, 51.7519736], [33.10035, 51.7494389], [33.1016135, 51.7484549], [33.1031161, 51.7464158], [33.1057838, 51.7447402], [33.1072205, 51.7431642], [33.109746, 51.7413404], [33.1105883, 51.7413083], [33.1119883, 51.7404967], [33.113541, 51.7400188], [33.1174329, 51.7379928], [33.1177604, 51.7374737], [33.1200457, 51.7368027], [33.1234587, 51.7353591], [33.1246269, 51.734723], [33.1250667, 51.7336201], [33.1257601, 51.7330741], [33.1272662, 51.7326034], [33.1328476, 51.7295649], [33.1374288, 51.7270198], [33.1403376, 51.7254659], [33.1345994, 51.7221564], [33.1387992, 51.7199332], [33.1433798, 51.7171406], [33.1451189, 51.7163877], [33.1471715, 51.7149909], [33.1498103, 51.7121114], [33.1530415, 51.7087287], [33.1535474, 51.7077479], [33.1540138, 51.7053751], [33.1552801, 51.7033285], [33.1570514, 51.7021693], [33.1604224, 51.701246], [33.1629723, 51.7011957], [33.1649343, 51.7013714], [33.1674218, 51.7013381], [33.1692375, 51.700741], [33.1704773, 51.6996691], [33.1707122, 51.6985392], [33.1705171, 51.6975288], [33.1698414, 51.6959246], [33.1684473, 51.6940539], [33.1665764, 51.6925703], [33.1649469, 51.6916511], [33.1634626, 51.6912073], [33.1618354, 51.6909123], [33.1599205, 51.6904096], [33.1585789, 51.689698], [33.1561374, 51.6890176], [33.1538897, 51.6890503], [33.1512131, 51.6895591], [33.1485859, 51.6905434], [33.1469628, 51.6914966], [33.145481, 51.691766], [33.1439005, 51.6910843], [33.1437054, 51.6898955], [33.1443709, 51.6885867], [33.1447488, 51.6871297], [33.1456981, 51.6848694], [33.1472717, 51.6835001], [33.1500566, 51.6825774], [33.1528492, 51.6821541], [33.155352, 51.6821786], [33.1572133, 51.6822582], [33.1583711, 51.6825121], [33.1600374, 51.6828592], [33.1615639, 51.6830333], [33.162231, 51.6829584], [33.1652135, 51.6823787], [33.1660244, 51.6806339], [33.1639166, 51.6786098], [33.1662708, 51.6790766], [33.1668937, 51.6790194], [33.1685201, 51.6794128], [33.1689353, 51.6793913], [33.1703887, 51.6787333], [33.1792827, 51.6746072], [33.1846849, 51.6722718], [33.1863484, 51.6722693], [33.1860548, 51.672765], [33.1860793, 51.6728308], [33.1866176, 51.6729977], [33.1867726, 51.6729977], [33.186952, 51.6729319], [33.1869846, 51.6727448], [33.1870907, 51.6727094], [33.1871801, 51.673022], [33.1876697, 51.6732455], [33.1879552, 51.6731747], [33.1880368, 51.6728105], [33.1883793, 51.6729926], [33.1887382, 51.6728813], [33.1887545, 51.672507], [33.1892494, 51.6726328], [33.1894804, 51.6730129], [33.1891705, 51.673549], [33.1892357, 51.6737159], [33.1894586, 51.6738945], [33.189978, 51.6739435], [33.1906957, 51.6737716], [33.1907609, 51.6736046], [33.1905815, 51.6733619], [33.1908996, 51.6731444], [33.1915102, 51.6732464], [33.1920395, 51.6733243], [33.1874197, 51.6789211], [33.1848694, 51.6820308], [33.1853014, 51.6821115], [33.186011, 51.6820559], [33.1863698, 51.6822683], [33.1867695, 51.6823391], [33.1872344, 51.6823745], [33.1872338, 51.6827531], [33.1873649, 51.6830774], [33.1875042, 51.683175], [33.1877645, 51.6831431], [33.1879114, 51.6829965], [33.1881397, 51.6830015], [33.188466, 51.6831279], [33.188988, 51.6830774], [33.1890695, 51.6829307], [33.1889309, 51.6825767], [33.189411, 51.6823679], [33.1900606, 51.6823919], [33.1906504, 51.6825715], [33.1912866, 51.68288], [33.1915966, 51.6829154], [33.1917841, 51.682789], [33.1917597, 51.6825564], [33.1920713, 51.6824905], [33.1930565, 51.6826069], [33.1935214, 51.6825159], [33.1938721, 51.6824653], [33.1943743, 51.6825526], [33.1955625, 51.6829674], [33.1960988, 51.683411], [33.1964729, 51.6834792], [33.1968628, 51.6834174], [33.1992745, 51.6827381], [33.199663, 51.6824906], [33.1997772, 51.6821518], [33.199491, 51.6816423], [33.1995407, 51.6812264], [33.1997615, 51.6808649], [33.2000953, 51.680756], [33.2001279, 51.680483], [33.1999664, 51.6802805], [33.1998147, 51.6800278], [33.1999529, 51.6798544], [33.2006686, 51.6795797], [33.2014278, 51.679188], [33.2014778, 51.6787388], [33.1998244, 51.6779771], [33.1998286, 51.6770855], [33.2017159, 51.6745799], [33.203788, 51.6748339], [33.2029895, 51.6742604], [33.2032959, 51.6739311], [33.2036169, 51.6738123], [33.2039255, 51.6724663], [33.2061469, 51.6707934], [33.209926, 51.6703233], [33.2099956, 51.6694591], [33.2129248, 51.6697425], [33.2157865, 51.6665964], [33.2195893, 51.6619756], [33.2206838, 51.6609111], [33.2220331, 51.6589851], [33.2213172, 51.6588156], [33.2236101, 51.6563815], [33.2258398, 51.6537413], [33.2262543, 51.6540659], [33.226499, 51.6546933], [33.2264476, 51.6557485], [33.2276161, 51.6562459], [33.2282897, 51.6567213], [33.2283782, 51.6574184], [33.2275656, 51.6594179], [33.2305926, 51.6602447], [33.2342647, 51.6600417], [33.2348172, 51.6607409], [33.233895, 51.663179], [33.2364258, 51.6663556], [33.2391833, 51.6644381], [33.2412478, 51.6635577], [33.2437048, 51.6635438], [33.2453231, 51.663816], [33.2459644, 51.6645573], [33.2467961, 51.665962], [33.2473738, 51.6661761], [33.247615, 51.6659334], [33.2484045, 51.6656095], [33.2520186, 51.6639915], [33.2531605, 51.6632904], [33.2537834, 51.6632904], [33.2540814, 51.6631019], [33.2553048, 51.6636382], [33.2558757, 51.6641947], [33.2576053, 51.6652432], [33.2621475, 51.6667761], [33.2638746, 51.6687504], [33.264377, 51.6690345], [33.2647912, 51.6694137], [33.2675669, 51.6709311], [33.269636, 51.6718316], [33.2708545, 51.6721908], [33.2711041, 51.6724891], [33.2716317, 51.6726704], [33.2736893, 51.6728438], [33.2739393, 51.6730782], [33.2743589, 51.6731217], [33.2761424, 51.6723915], [33.2774574, 51.6724988], [33.2777573, 51.6721554], [33.2785647, 51.6725489], [33.2789799, 51.6738293], [33.2785647, 51.6742799], [33.2785877, 51.6744874], [33.2792608, 51.6745585], [33.2800863, 51.6745699], [33.2817851, 51.6741512], [33.2828368, 51.6758346], [33.2832045, 51.6759035], [33.2841429, 51.675614], [33.2847821, 51.6755328], [33.2873087, 51.6756041], [33.2888642, 51.6751223], [33.2903601, 51.6760204], [33.2862778, 51.6783087], [33.2805199, 51.6812032], [33.281071, 51.6820202], [33.2839057, 51.6810061], [33.2855586, 51.6827839], [33.2862524, 51.6832732], [33.2903308, 51.6815309], [33.2944867, 51.6797583], [33.2937753, 51.6793363], [33.2959441, 51.6773677], [33.2965749, 51.6774342], [33.2975283, 51.6778574], [33.300404, 51.6781029], [33.3011187, 51.6788798], [33.3010774, 51.6794472], [33.3008701, 51.6798246], [33.3017338, 51.6802092], [33.3034722, 51.6794353], [33.3040319, 51.6795079], [33.3057725, 51.6767625], [33.3043237, 51.6763391], [33.3041994, 51.6751747], [33.3070678, 51.6752164], [33.3073483, 51.6754172], [33.3078698, 51.6756575], [33.3082126, 51.6756429], [33.3088985, 51.6753275], [33.3092746, 51.6753099], [33.3098744, 51.6750811], [33.3103127, 51.675124], [33.3103473, 51.6754387], [33.3110855, 51.6753886], [33.311397, 51.6755317], [33.3113713, 51.6762035], [33.3118012, 51.6762434], [33.3125163, 51.6754853], [33.3130815, 51.6757428], [33.3140158, 51.6754924], [33.3143503, 51.675521], [33.3142966, 51.6760634], [33.3149732, 51.675893], [33.3163458, 51.6763364], [33.3165535, 51.6766583], [33.317557, 51.6765725], [33.3177877, 51.6766869], [33.3179145, 51.6770231], [33.3187565, 51.6768463], [33.3188373, 51.677204], [33.3195986, 51.6777046], [33.3201638, 51.6785057], [33.320406, 51.6786273], [33.3210296, 51.6785099], [33.3217325, 51.6792567], [33.3219737, 51.6798758], [33.3228052, 51.6801078], [33.323255, 51.6803653], [33.3232666, 51.6804647], [33.3229415, 51.680644], [33.3231181, 51.6809518], [33.3235558, 51.6812094], [33.3240484, 51.6812077], [33.3246604, 51.6818795], [33.3261002, 51.6824542], [33.3270205, 51.6824962], [33.3291839, 51.6829566], [33.3310064, 51.6830281], [33.3344106, 51.6822383], [33.3389044, 51.6827271], [33.3414993, 51.6812882], [33.3464513, 51.6831155], [33.3488596, 51.6842167], [33.3481146, 51.6848606], [33.3544168, 51.688131], [33.3513141, 51.690023], [33.3525804, 51.6908573], [33.3542116, 51.6910393], [33.354962, 51.6915348], [33.3540811, 51.6920404], [33.3539014, 51.6923994], [33.3543639, 51.6926108], [33.3549529, 51.6926769], [33.354962, 51.6940122], [33.3558913, 51.6951507], [33.3583344, 51.6962411], [33.3609737, 51.6964775], [33.3640083, 51.6982399], [33.3648583, 51.6984575], [33.3687419, 51.7001911], [33.3708619, 51.7015689], [33.3765837, 51.7030421], [33.3793882, 51.7035251], [33.3790486, 51.7053338], [33.3786754, 51.7069367], [33.3806289, 51.7075926], [33.3816554, 51.707178], [33.3820399, 51.706404], [33.3838399, 51.7065898], [33.3857615, 51.7071111], [33.3906719, 51.7126346], [33.3895107, 51.7131217], [33.3913562, 51.71528], [33.3961315, 51.7164663], [33.3989921, 51.7174524], [33.4000994, 51.7172524], [33.4025217, 51.7175811], [33.4038136, 51.7180098], [33.4053262, 51.7178933], [33.4075593, 51.7166865], [33.4085064, 51.7167323], [33.4133768, 51.7153606], [33.4157528, 51.7151593], [33.422824, 51.7146284], [33.4270918, 51.7143039], [33.4291883, 51.7143961], [33.4311873, 51.7141586], [33.4338944, 51.7132884], [33.4358161, 51.7133278], [33.4359842, 51.7136253], [33.4362474, 51.7140602], [33.4341251, 51.7142604], [33.4342289, 51.7147606], [33.4347018, 51.7158612], [33.4360283, 51.715461], [33.4362359, 51.7165472], [33.4373548, 51.7165043], [33.4371241, 51.7178192], [33.4384548, 51.7179671], [33.4399536, 51.717801], [33.4399962, 51.7165758], [33.4410574, 51.7163042], [33.4414601, 51.7156339], [33.441801, 51.715577], [33.4419506, 51.7156588], [33.4441304, 51.7152874], [33.4476522, 51.7150275], [33.4510933, 51.7147916], [33.4520493, 51.7152544], [33.4557821, 51.7152021], [33.4607143, 51.7151021], [33.4629462, 51.7162091], [33.4650986, 51.7166467], [33.4658968, 51.7163463], [33.4681549, 51.7126805], [33.4673697, 51.7088447], [33.4694, 51.7086494], [33.4774579, 51.7090028], [33.4814082, 51.7077268], [33.4811122, 51.7017647], [33.4875223, 51.6997429], [33.4912385, 51.7001445], [33.4893939, 51.7018044], [33.4873979, 51.7044002], [33.4915486, 51.7072867], [33.4903577, 51.7080293], [33.4973536, 51.7091527], [33.4968805, 51.7106164], [33.4983686, 51.7106286], [33.5002814, 51.7105252], [33.5025352, 51.7108262], [33.505164, 51.7113696], [33.5090045, 51.7122456], [33.5106413, 51.7120104], [33.5142282, 51.7112717], [33.5145771, 51.7100257], [33.5146846, 51.7086458], [33.5135691, 51.7080685], [33.5132901, 51.7076955], [33.5093239, 51.7062356], [33.5050259, 51.7042129], [33.5057029, 51.702321], [33.5060322, 51.7023067], [33.5059814, 51.7020178], [33.5104286, 51.6999887], [33.5117747, 51.7005928], [33.5145157, 51.6987306], [33.5186373, 51.6958533], [33.5193294, 51.6952383], [33.5216228, 51.6943439], [33.5265244, 51.6925408], [33.5337155, 51.6894125], [33.5395337, 51.6868618], [33.5450814, 51.6850923], [33.5472873, 51.6843967], [33.5479055, 51.6838085], [33.5483491, 51.6829324], [33.5495978, 51.6816528], [33.5514994, 51.6790705], [33.5533013, 51.6775055], [33.5544777, 51.6758422], [33.5557937, 51.6720062], [33.5609827, 51.6697346], [33.568819, 51.666413], [33.5760207, 51.6630057], [33.5781307, 51.6621497], [33.5790381, 51.6619458], [33.579269, 51.6617493], [33.5843647, 51.6641626], [33.5883919, 51.6660525], [33.5959842, 51.6687027], [33.6001251, 51.6700517], [33.600635, 51.6696269], [33.600999, 51.6695965], [33.6048823, 51.6707611], [33.6050646, 51.6698409], [33.605329, 51.6696725], [33.6062078, 51.6687641], [33.6063531, 51.6683743], [33.6076331, 51.6676234], [33.6129746, 51.6635519], [33.6174565, 51.6601401], [33.6205029, 51.6577819], [33.6236808, 51.655406], [33.6259094, 51.6561194], [33.6324817, 51.6512255], [33.637079, 51.6478904], [33.6414918, 51.6445007], [33.6417096, 51.6444012], [33.6516221, 51.6454004], [33.6585632, 51.6461428], [33.6692353, 51.6472324], [33.6723697, 51.6474609], [33.6755379, 51.6477854], [33.6771577, 51.648424], [33.6778995, 51.6477373], [33.6783837, 51.6471018], [33.6815227, 51.642973], [33.6804294, 51.6427143], [33.6801222, 51.6418799], [33.6804838, 51.640878], [33.6784105, 51.6405822], [33.6746976, 51.6404028], [33.6713584, 51.6401903], [33.6702177, 51.6389026], [33.6687956, 51.6383314], [33.6635072, 51.6384443], [33.6627044, 51.6348701], [33.6700687, 51.6321116], [33.6715779, 51.63155], [33.6757168, 51.6299374], [33.6826971, 51.6275185], [33.6892521, 51.6252912], [33.6954566, 51.6231708], [33.6998333, 51.6216878], [33.700919, 51.621735], [33.7022807, 51.6214068], [33.706526, 51.6207475], [33.7081037, 51.6198634], [33.7129516, 51.6170986], [33.7212252, 51.6142306], [33.7221323, 51.6137959], [33.723862, 51.6123561], [33.7292771, 51.6120546], [33.7317888, 51.6107702], [33.7322539, 51.6106307], [33.7330711, 51.6107211], [33.7340905, 51.6111934], [33.7346407, 51.6111582], [33.7350695, 51.610902], [33.7357249, 51.6108166], [33.7361618, 51.6109623], [33.7363802, 51.6109271], [33.7365582, 51.610706], [33.7364126, 51.6105051], [33.7361941, 51.6099624], [33.7363074, 51.6096308], [33.7367643, 51.609396], [33.7384253, 51.609207], [33.7391036, 51.606905], [33.7394606, 51.606115], [33.7393095, 51.6059304], [33.7395498, 51.6050271], [33.739561, 51.6044728], [33.7390031, 51.6041886], [33.7389727, 51.6039012], [33.7383238, 51.603184], [33.7378401, 51.6019208], [33.7370658, 51.6020876], [33.7352961, 51.6021239], [33.7385001, 51.5942604], [33.7428307, 51.5845713], [33.7351252, 51.5844826], [33.7290959, 51.5844546], [33.7283482, 51.5843403], [33.7246503, 51.5833652], [33.7221405, 51.5828481], [33.7237225, 51.5789558], [33.7245349, 51.5777362], [33.7258518, 51.576486], [33.7283636, 51.5741358], [33.7289092, 51.5737252], [33.7331699, 51.5700713], [33.7367092, 51.5674319], [33.7376658, 51.5666936], [33.7383071, 51.5665585], [33.7391818, 51.5659693], [33.7402615, 51.5654524], [33.7418328, 51.5644048], [33.7445898, 51.563288], [33.7457445, 51.5607777], [33.7454859, 51.5602439], [33.7452298, 51.5598146], [33.7447058, 51.5593783], [33.744395, 51.5591048], [33.7438814, 51.5584618], [33.7434416, 51.5576978], [33.7433665, 51.5571063], [33.7431635, 51.5558841], [33.7427712, 51.5551391], [33.7425787, 51.5543216], [33.7426496, 51.5533867], [33.7441683, 51.5514788], [33.7475708, 51.5479014], [33.7515769, 51.5439589], [33.7520447, 51.5435443], [33.7541848, 51.5429759], [33.756704, 51.542901], [33.7581551, 51.5424732], [33.7582901, 51.5422439], [33.7566205, 51.5422435], [33.7563284, 51.541612], [33.7556894, 51.5411493], [33.7548888, 51.5413568], [33.7536301, 51.5411146], [33.7531711, 51.5406734], [33.7523969, 51.5403627], [33.7530633, 51.5399897], [33.7543396, 51.5396887], [33.7536914, 51.5379292], [33.7550537, 51.537029], [33.7540652, 51.5358676], [33.7537996, 51.5357207], [33.7494328, 51.5359104], [33.7492201, 51.5341746], [33.7507802, 51.5334143], [33.7520293, 51.5333348], [33.7532114, 51.533661], [33.754734, 51.5344115], [33.7555363, 51.5343393], [33.7570551, 51.5337875], [33.757198, 51.5318575], [33.7587664, 51.5323742], [33.759153, 51.532681], [33.7596388, 51.5327381], [33.7622383, 51.5314514], [33.7669269, 51.5291439], [33.7681791, 51.5296277], [33.7691006, 51.5284303], [33.7698478, 51.527661], [33.7701363, 51.5276607], [33.7719681, 51.5279769], [33.772812, 51.5282692], [33.7721246, 51.5271047], [33.7721449, 51.5266532], [33.773054, 51.5259437], [33.7780875, 51.5209838], [33.7795633, 51.5195979], [33.7802499, 51.5191228], [33.7805363, 51.5185301], [33.7814418, 51.5176203], [33.7826134, 51.5164954], [33.7830843, 51.5160674], [33.7847966, 51.5143102], [33.7835743, 51.5135147], [33.7824513, 51.5134922], [33.7824126, 51.5133815], [33.7835051, 51.5126599], [33.7848868, 51.5121198], [33.7883728, 51.5137658], [33.78926, 51.5137587], [33.7904535, 51.5145371], [33.7916207, 51.5146848], [33.7952952, 51.5136857], [33.797184, 51.5134224], [33.8059357, 51.5107114], [33.8035113, 51.5086228], [33.8064805, 51.5080219], [33.8076451, 51.5073714], [33.8101085, 51.5096782], [33.8154995, 51.5081402], [33.8170812, 51.5094139], [33.818283, 51.5108283], [33.8195909, 51.5115573], [33.8225106, 51.5120884], [33.8275047, 51.5124764], [33.8316418, 51.5126477], [33.8345266, 51.5125539], [33.8354845, 51.5112101], [33.8412033, 51.5050141], [33.8492558, 51.4964099], [33.8510878, 51.4967321], [33.8566853, 51.4976757], [33.8564675, 51.4992509], [33.858546, 51.4994553], [33.8587882, 51.4982874], [33.8601898, 51.4981738], [33.8611093, 51.498321], [33.8614705, 51.4978151], [33.8620474, 51.4976056], [33.8663949, 51.4979943], [33.8679967, 51.498151], [33.8691326, 51.4984488], [33.8699831, 51.4988302], [33.8704454, 51.4992664], [33.8712839, 51.4995073], [33.8726361, 51.4970014], [33.871383, 51.4966975], [33.8696254, 51.4967647], [33.8639385, 51.4952656], [33.8634997, 51.4954431], [33.860469, 51.4943208], [33.8597647, 51.4935579], [33.8596575, 51.4920472], [33.8591143, 51.4911854], [33.8593939, 51.4902052], [33.8598969, 51.4902335], [33.8598394, 51.4896889], [33.8601278, 51.4891348], [33.8612977, 51.4885832], [33.8613633, 51.4880995], [33.8599975, 51.4863933], [33.8604678, 51.4855616], [33.8632706, 51.4845425], [33.8641359, 51.4844839], [33.8653398, 51.4852688], [33.8672209, 51.4854562], [33.8686882, 51.4856905], [33.8696046, 51.4853436], [33.8703947, 51.4846759], [33.870865, 51.4845588], [33.8717695, 51.4840492], [33.8756245, 51.4856343], [33.8769634, 51.4859367], [33.8780315, 51.4865442], [33.8795914, 51.4870779], [33.8796291, 51.4874311], [33.8801465, 51.4875248], [33.88065, 51.4876984], [33.8826658, 51.487958], [33.8830643, 51.4882102], [33.8833244, 51.4898974], [33.8831812, 51.4901341], [33.8830702, 51.4908379], [33.8836229, 51.4909082], [33.8847816, 51.4906462], [33.8849016, 51.4908972], [33.8859697, 51.4914196], [33.885729, 51.4916169], [33.8792922, 51.4919219], [33.8782138, 51.4925516], [33.8842871, 51.4939536], [33.884587, 51.4967575], [33.8899017, 51.4963333], [33.8966926, 51.4968154], [33.8975196, 51.4901315], [33.8975497, 51.4881909], [33.8980477, 51.4862203], [33.8957588, 51.4852286], [33.8952383, 51.4844307], [33.8954733, 51.4836196], [33.8952232, 51.4833019], [33.8943481, 51.4826909], [33.894388, 51.482111], [33.8938604, 51.4817644], [33.8930615, 51.4813578], [33.8921401, 51.4813406], [33.8915282, 51.4809927], [33.8910126, 51.4809842], [33.8903573, 51.4810555], [33.8892259, 51.4808557], [33.8880397, 51.4807487], [33.8859547, 51.4808418], [33.8851112, 51.4806793], [33.8840334, 51.4799678], [33.8823887, 51.4790169], [33.8820831, 51.4788826], [33.8813254, 51.4784341], [33.8809965, 51.4779641], [33.8806288, 51.4779239], [33.8803386, 51.4780163], [33.8798419, 51.4781328], [33.8784238, 51.4771615], [33.8775991, 51.4765548], [33.8774167, 51.4763105], [33.8773893, 51.4756458], [33.8776538, 51.4750606], [33.8775809, 51.4744129], [33.879241, 51.4742992], [33.8817313, 51.4739498], [33.8819989, 51.4735281], [33.8827363, 51.4731878], [33.8848769, 51.4728659], [33.8857099, 51.4712787], [33.8864985, 51.4703576], [33.8866133, 51.4652055], [33.8855545, 51.4651002], [33.8840787, 51.4639302], [33.8838295, 51.4640032], [33.8833135, 51.4637782], [33.881701, 51.4639148], [33.8807401, 51.4637743], [33.8787855, 51.4638907], [33.8775391, 51.4641732], [33.8755661, 51.4639923], [33.8742611, 51.4644916], [33.8727882, 51.4633675], [33.8728329, 51.4617448], [33.8734942, 51.4611048], [33.8736619, 51.4607431], [33.8743168, 51.4604888], [33.8746165, 51.4598429], [33.8745237, 51.45923], [33.8756164, 51.4578054], [33.8772153, 51.4563168], [33.8779964, 51.4557756], [33.8787704, 51.4555265], [33.8799999, 51.4541401], [33.878391, 51.4532873], [33.8773771, 51.453348], [33.8762548, 51.4535972], [33.875842, 51.4534043], [33.8758352, 51.4531868], [33.8736381, 51.4522965], [33.8719461, 51.4531068], [33.8714373, 51.4531347], [33.8697822, 51.4537555], [33.8687082, 51.4532515], [33.8676524, 51.4520613], [33.8679783, 51.4501933], [33.8695036, 51.4481584], [33.8730738, 51.4459219], [33.8711584, 51.4442141], [33.8730738, 51.4432359], [33.8753708, 51.444021], [33.8817065, 51.4425571], [33.8856229, 51.4428111], [33.892545, 51.4448242], [33.8959874, 51.4452462], [33.9056514, 51.4478485], [33.9058581, 51.4483309], [33.9067052, 51.4489263], [33.9077153, 51.4529379], [33.90537, 51.4531131], [33.9053736, 51.4540577], [33.9069401, 51.4550456], [33.9072448, 51.4581585], [33.908672, 51.4595634], [33.9078749, 51.4615239], [33.9083774, 51.462564], [33.9159256, 51.4621748], [33.926243, 51.4645049], [33.9288594, 51.4643252], [33.9298543, 51.4660705], [33.9301357, 51.4663733], [33.930797, 51.4660602], [33.9436584, 51.4725204], [33.9432368, 51.4729507], [33.9428225, 51.4733448], [33.9416022, 51.4742588], [33.9439661, 51.4757697], [33.9441041, 51.4761458], [33.9446707, 51.4765651], [33.9454996, 51.4769002], [33.9462385, 51.4769514], [33.9469135, 51.4768548], [33.9469591, 51.4765253], [33.9482179, 51.4765196], [33.948373, 51.4764287], [33.9500332, 51.4767184], [33.9503798, 51.4766673], [33.9512738, 51.4768605], [33.950617, 51.4777752], [33.9502125, 51.477932], [33.9495677, 51.4780674], [33.953821, 51.4812553], [33.9568167, 51.4785033], [33.9557488, 51.4782105], [33.956809, 51.4759705], [33.9570665, 51.4752154], [33.95751, 51.4743629], [33.9572151, 51.4739838], [33.9566697, 51.4738673], [33.9566842, 51.4734392], [33.9553686, 51.4719731], [33.9545331, 51.4713695], [33.9539669, 51.4701627], [33.9541291, 51.4697667], [33.9534543, 51.4690802], [33.9525025, 51.4673592], [33.9551511, 51.4668887], [33.9543422, 51.4643645], [33.9544888, 51.462457], [33.9545034, 51.4622674], [33.9572804, 51.4616717], [33.9620544, 51.4615534], [33.9670372, 51.4615836], [33.9674678, 51.461778], [33.968109, 51.4618081], [33.9685766, 51.462089], [33.9718442, 51.461716], [33.9728411, 51.4617002], [33.9716958, 51.463517], [33.9710479, 51.4643844], [33.9702739, 51.4650434], [33.9703196, 51.4660203], [33.9718944, 51.4667463], [33.9736325, 51.467306], [33.9755455, 51.467736], [33.9774534, 51.4679282], [33.9791189, 51.4679143], [33.9800605, 51.4674308], [33.9811981, 51.4672132], [33.9825305, 51.4672021], [33.9834874, 51.4674319], [33.9854094, 51.4682778], [33.9870961, 51.4692446], [33.9909181, 51.472096], [33.9963607, 51.4750226], [33.9967589, 51.4758218], [33.9977296, 51.4766757], [33.9982095, 51.47685], [33.9991796, 51.4776741], [34.0007189, 51.4784041], [34.0010795, 51.4796496], [34.0015051, 51.4838673], [34.0012266, 51.4863667], [33.9996964, 51.4904227], [33.9982289, 51.4908217], [33.9950256, 51.4924244], [33.9904439, 51.4941577], [33.987663, 51.4954891], [33.987013, 51.4962675], [33.9866603, 51.4975785], [33.9850881, 51.5000435], [33.984983, 51.5002428], [33.9849471, 51.5007504], [33.9856455, 51.5016704], [33.9872038, 51.50336], [33.9875482, 51.5036122], [33.9878757, 51.5039936], [33.9883196, 51.5047458], [33.9883344, 51.505093], [33.9885853, 51.5061732], [33.9888132, 51.5071849], [33.9890791, 51.5079992], [33.988561, 51.508275], [33.9788568, 51.5118274], [33.9769256, 51.5125352], [33.9776954, 51.5134065], [33.9770544, 51.5147886], [33.9771858, 51.516406], [33.9739376, 51.5191383], [33.9739644, 51.519659], [33.9742702, 51.5200328], [33.9757776, 51.5203984], [33.9764804, 51.5203933], [33.9781219, 51.5200095], [33.9789051, 51.5196757], [33.9800423, 51.5182337], [33.9802945, 51.5183104], [33.9816785, 51.5152927], [33.9860827, 51.5125602], [33.9862597, 51.5126453], [33.9880514, 51.5115169], [33.9899824, 51.5102667], [33.9904947, 51.5115726], [33.9906398, 51.5119855], [33.9905431, 51.5122393], [33.9901077, 51.5126307], [33.989306, 51.513465], [33.9887255, 51.513865], [33.9884076, 51.5141575], [33.9882763, 51.5144671], [33.9882625, 51.5149488], [33.9887531, 51.5154993], [33.9890434, 51.5157488], [33.9891885, 51.5159251], [33.9893751, 51.5163767], [33.9892853, 51.5166734], [33.9889311, 51.5171388], [33.9883367, 51.5175603], [33.9877907, 51.5179645], [33.9872724, 51.5182613], [33.9869614, 51.5185021], [33.9869269, 51.5187644], [33.9871135, 51.5189364], [33.9873484, 51.5190268], [33.9876525, 51.519302], [33.9879013, 51.519345], [33.9881639, 51.519345], [33.9886892, 51.5194783], [33.9887583, 51.5195772], [33.9886132, 51.5200502], [33.9889311, 51.5210823], [33.9887168, 51.5215037], [33.9885095, 51.521852], [33.9884455, 51.5234609], [33.9884266, 51.5239375], [33.9885371, 51.5241095], [33.9890071, 51.5245954], [33.9893803, 51.5250426], [33.9897189, 51.5256704], [33.9903271, 51.52687], [33.9907556, 51.5277041], [33.9911702, 51.5283877], [33.9911896, 51.5287057], [33.9916456, 51.5287074], [33.9919674, 51.5286573], [33.9926594, 51.5287007], [33.9929974, 51.5287841], [33.993566, 51.5288008], [33.9936626, 51.5289644], [33.9936358, 51.5294149], [33.9935768, 51.529525], [33.9924502, 51.5297286], [33.992241, 51.5297937], [33.9918494, 51.5300256], [33.9915383, 51.5301424], [33.9914578, 51.5310401], [33.9898646, 51.5315574], [33.9896285, 51.5317676], [33.9896339, 51.5319378], [33.9909513, 51.5320036], [33.9923805, 51.5322048], [33.9930135, 51.5314906], [33.994832, 51.529525], [33.9972889, 51.5268284], [33.9981204, 51.5269119], [34.0009904, 51.5223493], [34.0044594, 51.5226817], [34.0033507, 51.5266682], [34.0171265, 51.5274559], [34.022955, 51.5280282], [34.0233233, 51.5281777], [34.0261506, 51.5193284], [34.0262943, 51.5186409], [34.0320021, 51.5185741], [34.032987, 51.5186253], [34.0355962, 51.5190014], [34.0393072, 51.5203302], [34.0414758, 51.5207139], [34.0423817, 51.52074], [34.0446192, 51.5206737], [34.0466127, 51.5204801], [34.0480095, 51.5209374], [34.0497476, 51.5207739], [34.0502942, 51.522126], [34.0493197, 51.5229516], [34.0476184, 51.5243982], [34.044763, 51.5268182], [34.0443081, 51.527269], [34.0435546, 51.528786], [34.0429333, 51.5299997], [34.0417439, 51.532395], [34.0403575, 51.5352759], [34.0395164, 51.5370389], [34.0426938, 51.5403767], [34.0454882, 51.543139], [34.0482474, 51.5459535], [34.0503108, 51.5480631], [34.0522598, 51.5500266], [34.0531361, 51.5486399], [34.0559006, 51.543496], [34.0586896, 51.5383536], [34.0596503, 51.5365494], [34.0605301, 51.5346808], [34.0625025, 51.5309761], [34.064495, 51.5273793], [34.0668172, 51.5257304], [34.0692741, 51.5240582], [34.0709169, 51.5228794], [34.07621, 51.5191116], [34.0792916, 51.5169176], [34.0826476, 51.5150523], [34.0841848, 51.514014], [34.084273, 51.5142511], [34.084627, 51.5144882], [34.0852761, 51.5145516], [34.085952, 51.5148988], [34.0859842, 51.5152193], [34.0864134, 51.5155264], [34.086746, 51.5156399], [34.0874863, 51.5156799], [34.087733, 51.5161373], [34.087615, 51.516401], [34.0877062, 51.5166146], [34.0881032, 51.5170453], [34.0882909, 51.5173624], [34.0885431, 51.5174759], [34.0886986, 51.5177263], [34.0889329, 51.5178808], [34.0902865, 51.5171521], [34.0902999, 51.5170653], [34.090662, 51.5168366], [34.0908283, 51.5167982], [34.092217, 51.5160305], [34.0922391, 51.5159236], [34.092612, 51.5157217], [34.0930656, 51.5147673], [34.0941024, 51.5137178], [34.0968312, 51.5128214], [34.099797, 51.5118294], [34.1044432, 51.5102816], [34.1077767, 51.5091998], [34.1094636, 51.5086591], [34.1110253, 51.5110061], [34.1115271, 51.5119142], [34.1122967, 51.5117439], [34.1164568, 51.5103666], [34.1204559, 51.5090652], [34.1238075, 51.5079919], [34.1245222, 51.5077475], [34.1274083, 51.5066724], [34.1275934, 51.506544], [34.1283705, 51.5045888], [34.1297947, 51.5021289], [34.1307181, 51.5012897], [34.1315954, 51.5003428], [34.1329708, 51.5008031], [34.1418973, 51.5040808], [34.1458708, 51.5055617], [34.1468461, 51.5061099], [34.1480399, 51.5072751], [34.1497028, 51.5079401], [34.1495478, 51.5101529], [34.15242, 51.5114052], [34.163079, 51.5164411], [34.1649414, 51.5174728], [34.1652811, 51.5177697], [34.1657209, 51.5183305], [34.1661901, 51.519053], [34.166531, 51.5192885], [34.1692507, 51.5209241], [34.1711605, 51.5220856], [34.1716729, 51.5228177], [34.1722226, 51.5234241], [34.1731238, 51.5241584], [34.1746608, 51.5258187], [34.1753063, 51.5265998], [34.1775618, 51.5255767], [34.1790743, 51.5247683], [34.179014, 51.5242151], [34.1791578, 51.5227006], [34.1919215, 51.5166978], [34.1904724, 51.5153061], [34.1886397, 51.5137498], [34.1857693, 51.5116621], [34.1858536, 51.5105788], [34.1856893, 51.5098539], [34.1859716, 51.5081348], [34.1858643, 51.5079311], [34.1869277, 51.5047361], [34.1877916, 51.5020592], [34.1885535, 51.4987482], [34.1889956, 51.4969727], [34.1894139, 51.4954621], [34.1913624, 51.4956606], [34.1935865, 51.4938916], [34.1952739, 51.4923975], [34.1971581, 51.4911789], [34.1987497, 51.4899779], [34.1996682, 51.4897434], [34.2024043, 51.4937664], [34.2104561, 51.4941334], [34.2118881, 51.4948992], [34.2144705, 51.4962632], [34.217371, 51.49779], [34.2186706, 51.4984616], [34.2192981, 51.4979493], [34.21951, 51.4978868], [34.2201108, 51.4979068], [34.2206204, 51.4980137], [34.2209744, 51.4980638], [34.2220989, 51.4977474], [34.2227608, 51.4972389], [34.2231578, 51.4973274], [34.2234474, 51.4974176], [34.2232436, 51.4986248], [34.2228019, 51.4998256], [34.2216568, 51.500858], [34.2256191, 51.501578], [34.2287483, 51.5017194], [34.233936, 51.5019755], [34.2359573, 51.5020477], [34.2369497, 51.5020343], [34.2390067, 51.5021323], [34.2437859, 51.5020189], [34.2499333, 51.5016858], [34.2530272, 51.5015085], [34.2540783, 51.5013965], [34.2567623, 51.5001589], [34.2603716, 51.498282], [34.2624307, 51.4972222], [34.2643404, 51.49607], [34.2680479, 51.4942438], [34.2726016, 51.4919954], [34.273033, 51.4919579], [34.2746937, 51.4914409], [34.2756943, 51.491212], [34.2780089, 51.4906293], [34.2801654, 51.490175], [34.2833638, 51.488966], [34.2844784, 51.4897742], [34.2859966, 51.4897308], [34.2872357, 51.4896105], [34.2878097, 51.4881408], [34.2909326, 51.4867826], [34.2978008, 51.4930606], [34.2899783, 51.51], [34.2935067, 51.5111363], [34.295382, 51.5117324], [34.2962282, 51.51202], [34.2972698, 51.5122367], [34.299016, 51.5122881], [34.2999494, 51.5121813], [34.3014729, 51.5120144], [34.3026993, 51.5120235], [34.3036294, 51.512208], [34.304418, 51.512415], [34.3052441, 51.5127021], [34.3061614, 51.5131361], [34.3069124, 51.5136803], [34.3074006, 51.5142244], [34.3078496, 51.5149131], [34.3079987, 51.5154379], [34.3079746, 51.5165479], [34.3078297, 51.5184606], [34.3075867, 51.519417], [34.3072866, 51.5200393], [34.3069446, 51.5204868], [34.3065959, 51.5208573], [34.3060809, 51.5212145], [34.3052548, 51.521625], [34.3033142, 51.5222981], [34.3000352, 51.5231471], [34.2956548, 51.5240998], [34.2955399, 51.5284437], [34.2956793, 51.532702], [34.2924124, 51.532762], [34.2904222, 51.5328054], [34.2884588, 51.5328555], [34.286989, 51.5328588], [34.2852294, 51.5329122], [34.2845924, 51.5350515], [34.2596951, 51.5333432], [34.2590537, 51.5483031], [34.2559201, 51.5480758], [34.2497492, 51.5547878], [34.2497814, 51.5548862], [34.2498296, 51.5549746], [34.2499959, 51.5550663], [34.2505833, 51.5551947], [34.2516857, 51.5555332], [34.2523563, 51.5558217], [34.2530671, 51.5563337], [34.2536142, 51.5573743], [34.2538261, 51.5575477], [34.2542902, 51.5577295], [34.2544377, 51.5578596], [34.254545, 51.5580464], [34.2549902, 51.5583198], [34.2558056, 51.5587301], [34.2559236, 51.5590669], [34.2562026, 51.559257], [34.2565298, 51.5593137], [34.2567385, 51.5594106], [34.2568088, 51.5596772], [34.2567605, 51.5601508], [34.2564547, 51.5607044], [34.2562187, 51.561208], [34.2557627, 51.5615048], [34.2556179, 51.5616649], [34.2556715, 51.561905], [34.2556286, 51.5619917], [34.255473, 51.5620851], [34.2546791, 51.5622952], [34.2542338, 51.562712], [34.2536598, 51.5629555], [34.2527264, 51.5632489], [34.2520219, 51.5636806], [34.2514121, 51.5645361], [34.2509937, 51.5649663], [34.2503339, 51.5654265], [34.2495691, 51.5665174], [34.2494756, 51.5671171], [34.2481667, 51.5675239], [34.2478663, 51.5676506], [34.2466271, 51.5682875], [34.2457902, 51.5688477], [34.2456829, 51.5690144], [34.2449963, 51.5695279], [34.2448088, 51.5699324], [34.244771, 51.5704548], [34.2447871, 51.5707149], [34.2447978, 51.5708683], [34.2449748, 51.5711084], [34.2452699, 51.5712317], [34.2458814, 51.5714118], [34.2461228, 51.5715118], [34.2463374, 51.5716818], [34.246434, 51.5719652], [34.2470183, 51.5725713], [34.2476302, 51.5732022], [34.2477429, 51.5734256], [34.2478019, 51.573699], [34.2476088, 51.5739423], [34.2472172, 51.5742924], [34.2471528, 51.5744024], [34.2472494, 51.5745125], [34.247759, 51.5746992], [34.2480916, 51.5748559], [34.2483383, 51.5751259], [34.2484456, 51.575516], [34.2483866, 51.5759294], [34.2486602, 51.5759994], [34.2490947, 51.5761827], [34.249202, 51.5764061], [34.2491484, 51.5766862], [34.2490143, 51.5769829], [34.2460585, 51.5789264], [34.2455354, 51.5792831], [34.2442694, 51.5802065], [34.2432985, 51.5808899], [34.2419279, 51.5818433], [34.2406243, 51.5827616], [34.2402998, 51.5829749], [34.2392001, 51.5837399], [34.2387146, 51.5840716], [34.2383873, 51.5842733], [34.2379314, 51.5844883], [34.2374496, 51.5847038], [34.2373386, 51.5845441], [34.237242, 51.5844549], [34.2355455, 51.5834491], [34.2351365, 51.5831949], [34.2338142, 51.5823483], [34.2315102, 51.5808566], [34.230389, 51.5800982], [34.2289191, 51.5791798], [34.2270014, 51.5780447], [34.225502, 51.5771479], [34.2245364, 51.5765678], [34.2242011, 51.5763944], [34.2236674, 51.5762194], [34.2229995, 51.5760694], [34.2216289, 51.5758177], [34.2212373, 51.5757327], [34.2203388, 51.5754643], [34.2192659, 51.5752259], [34.2182265, 51.57499], [34.2166044, 51.5746617], [34.2159115, 51.5817556], [34.215574, 51.5854901], [34.2154538, 51.586724], [34.2153728, 51.5876117], [34.2152628, 51.5888027], [34.2152037, 51.5898178], [34.2127261, 51.5897634], [34.2126381, 51.5902744], [34.212606, 51.5904777], [34.2126006, 51.5909609], [34.2125657, 51.5913059], [34.2124906, 51.5918858], [34.2124236, 51.5926889], [34.2123511, 51.5935687], [34.2122406, 51.5949917], [34.2118093, 51.5993792], [34.2111907, 51.600498], [34.2101909, 51.6003813], [34.2069036, 51.6000012], [34.2028145, 51.5995189], [34.1821142, 51.5970031], [34.1820502, 51.5972777], [34.182018, 51.597576], [34.18201, 51.5980092], [34.1819885, 51.5983924], [34.1819537, 51.598664], [34.1819027, 51.5992371], [34.1818517, 51.5998785], [34.1818437, 51.6001651], [34.1817981, 51.6007898], [34.1813877, 51.604963], [34.1809639, 51.6098188], [34.1807038, 51.612702], [34.1806903, 51.613135], [34.180687, 51.613235], [34.1806461, 51.6137213], [34.1805401, 51.614838], [34.1804436, 51.6154293], [34.1803578, 51.6161538], [34.1802679, 51.6172296], [34.1801861, 51.618283], [34.1801566, 51.6186161], [34.180048, 51.6197585], [34.1799594, 51.6207435], [34.179875, 51.6217427], [34.1798227, 51.6222764], [34.1798441, 51.6224896], [34.1798884, 51.6225437], [34.1799071, 51.6225762], [34.1798696, 51.6226394], [34.1797784, 51.6227668], [34.1797207, 51.6229974], [34.1796952, 51.6234903], [34.1796818, 51.6236993], [34.1796657, 51.6241281], [34.1796349, 51.6244628], [34.1795813, 51.6249482], [34.1795209, 51.6251938], [34.1794471, 51.6253778], [34.1697174, 51.6395532], [34.1697228, 51.6396664], [34.1697469, 51.6399527], [34.1697791, 51.6402057], [34.169755, 51.6404887], [34.1697657, 51.6406935], [34.1697577, 51.640795], [34.1696879, 51.6407983], [34.1696343, 51.6406735], [34.1695887, 51.6406136], [34.1692856, 51.6406269], [34.1691971, 51.6407068], [34.1690442, 51.6407933], [34.1690952, 51.6408849], [34.1691971, 51.6409332], [34.1692682, 51.6409664], [34.1692883, 51.6410047], [34.1693017, 51.6411046], [34.1692319, 51.6411237], [34.1692078, 51.6411579], [34.1692078, 51.6412028], [34.1692601, 51.6412419], [34.1694653, 51.6412278], [34.169535, 51.6412336], [34.1695994, 51.6412694], [34.1695981, 51.6413202], [34.1695806, 51.6413709], [34.1695525, 51.6414766], [34.1695149, 51.6415024], [34.1694345, 51.6415099], [34.1693392, 51.6414999], [34.1692708, 51.6415299], [34.1692695, 51.6415607], [34.1693741, 51.6416855], [34.1694854, 51.6417171], [34.1695833, 51.6417288], [34.1697013, 51.6416789], [34.1699347, 51.6415807], [34.1700809, 51.6415807], [34.1701788, 51.6416114], [34.1702364, 51.6416572], [34.1702901, 51.6417022], [34.1703612, 51.6417504], [34.1704255, 51.6418387], [34.1705462, 51.6418986], [34.1707286, 51.6419385], [34.1708359, 51.6420367], [34.1708064, 51.6421832], [34.1706964, 51.6423297], [34.1704148, 51.6424562], [34.1701868, 51.6425427], [34.1698623, 51.6426143], [34.1694277, 51.6427242], [34.1691515, 51.6428573], [34.169004, 51.6430005], [34.1688779, 51.6431286], [34.1687438, 51.6434549], [34.1686204, 51.6435081], [34.1685507, 51.6436196], [34.1684353, 51.6437977], [34.1681805, 51.6440258], [34.1679338, 51.6445767], [34.1677567, 51.6446483], [34.1675127, 51.6448447], [34.1674027, 51.6451809], [34.1671184, 51.6456286], [34.1657504, 51.6453656], [34.1651845, 51.6452941], [34.1645247, 51.6451359], [34.1636825, 51.6450178], [34.1632023, 51.6450527], [34.1627464, 51.6450727], [34.162159, 51.6450078], [34.1608152, 51.6449345], [34.1599354, 51.6448313], [34.1582617, 51.6444652], [34.1560972, 51.643851], [34.1543484, 51.6435264], [34.1523635, 51.6429755], [34.1512531, 51.6429339], [34.1495123, 51.6428557], [34.1466558, 51.6426027], [34.1447166, 51.6428007], [34.1430938, 51.6430221], [34.1429409, 51.643072], [34.1428015, 51.6431969], [34.1421872, 51.6441223], [34.1413987, 51.6441523], [34.1411492, 51.6441123], [34.1397732, 51.6437561], [34.1387225, 51.6435675], [34.1368335, 51.6431702], [34.135884, 51.6431669], [34.13266, 51.6432535], [34.1319653, 51.6432651], [34.1302787, 51.643066], [34.1301897, 51.6430388], [34.1301334, 51.6429888], [34.1298518, 51.6428673], [34.1296856, 51.6427688], [34.1300661, 51.6453835], [34.1301817, 51.6468652], [34.1302518, 51.647599], [34.1303225, 51.6483435], [34.1303585, 51.6485462], [34.1299082, 51.6485296], [34.1294359, 51.6485311], [34.1271551, 51.6485871], [34.1259039, 51.6486104], [34.1253306, 51.6486324], [34.1230757, 51.6487085], [34.1200632, 51.6488169], [34.1142737, 51.6490049], [34.1122312, 51.649092], [34.1100347, 51.6519279], [34.109716, 51.6524278], [34.1093479, 51.6528347], [34.1086911, 51.6535389], [34.1059576, 51.6571722], [34.1052399, 51.660833], [34.1049959, 51.6620431], [34.1049449, 51.663058], [34.1049009, 51.6651949], [34.1048057, 51.6658705], [34.1047019, 51.6663903], [34.1046326, 51.6664331], [34.1045634, 51.6664613], [34.1044836, 51.6664869], [34.1044158, 51.6664991], [34.1043218, 51.6664942], [34.1025099, 51.666033], [34.1021523, 51.6658985], [34.1004955, 51.6648929], [34.0999778, 51.6646288], [34.0984919, 51.6639732], [34.0979011, 51.6636749], [34.0971114, 51.6633715], [34.0966275, 51.6631758], [34.0964121, 51.6630678], [34.0958279, 51.6628046], [34.0948177, 51.662367], [34.0944883, 51.6622415], [34.0938824, 51.6620674], [34.0935488, 51.6620029], [34.0933568, 51.6619666], [34.0928614, 51.6619002], [34.092425, 51.6618337], [34.0918433, 51.6617011], [34.0907636, 51.6615416], [34.0905417, 51.6615099], [34.0903654, 51.6615003], [34.0901821, 51.6615109], [34.0899748, 51.6615471], [34.0897014, 51.6615511], [34.0895275, 51.6615763], [34.0891439, 51.6616919], [34.0873131, 51.6621749], [34.0857573, 51.6626981], [34.0805492, 51.6653989], [34.0804428, 51.6657697], [34.080475, 51.6658695], [34.0804321, 51.6659926], [34.0803409, 51.6661823], [34.0803623, 51.6662788], [34.0804213, 51.6663337], [34.080593, 51.6663669], [34.0806761, 51.6664418], [34.0807539, 51.666535], [34.08077, 51.6666564], [34.0807083, 51.6668194], [34.0806976, 51.6669242], [34.0807727, 51.6670257], [34.0809068, 51.6671122], [34.0814325, 51.6673867], [34.0816632, 51.6674998], [34.0818322, 51.6675647], [34.0820602, 51.6676096], [34.0822184, 51.6676895], [34.0823632, 51.6678159], [34.0826046, 51.668142], [34.082897, 51.6685179], [34.0832645, 51.669032], [34.0833288, 51.6692199], [34.0833235, 51.6693331], [34.0833315, 51.6694179], [34.0834066, 51.669516], [34.0835166, 51.6695493], [34.083758, 51.6695743], [34.0841952, 51.6695693], [34.0846431, 51.6695526], [34.085024, 51.6695659], [34.0852788, 51.6696042], [34.0856221, 51.6696741], [34.0858904, 51.6697622], [34.0863785, 51.6699269], [34.0868077, 51.6700783], [34.0873602, 51.6701448], [34.0880924, 51.6702679], [34.0883473, 51.6702896], [34.0885243, 51.6702829], [34.0887442, 51.6703129], [34.088814, 51.6703677], [34.0888381, 51.6704509], [34.0888488, 51.6706156], [34.0887871, 51.6707154], [34.0886852, 51.6707836], [34.0885752, 51.6708951], [34.0885189, 51.6709999], [34.0884894, 51.6711496], [34.0884465, 51.6712228], [34.0883982, 51.6713026], [34.088417, 51.6713758], [34.0884814, 51.6714756], [34.0885484, 51.6715538], [34.0886959, 51.6716137], [34.0887952, 51.6716353], [34.0889293, 51.671627], [34.0893236, 51.6716336], [34.0898412, 51.6716636], [34.0900961, 51.6717185], [34.0904689, 51.6717734], [34.0908363, 51.6717667], [34.0912682, 51.6717833], [34.0914291, 51.6717617], [34.0915713, 51.6717151], [34.0919468, 51.6717018], [34.0921506, 51.6717101], [34.0922284, 51.6717351], [34.0922874, 51.67179], [34.0923116, 51.6718382], [34.0922794, 51.6718898], [34.0922338, 51.6719913], [34.092266, 51.6720728], [34.0923277, 51.6721293], [34.0925583, 51.6722025], [34.0926468, 51.6722757], [34.0928131, 51.6723406], [34.0929607, 51.6723772], [34.0931109, 51.6723838], [34.0935159, 51.6723223], [34.093776, 51.6722458], [34.0939262, 51.6722258], [34.0941301, 51.6722075], [34.0943205, 51.6721742], [34.0945244, 51.6720811], [34.094688, 51.6720062], [34.0947711, 51.671938], [34.0949455, 51.6718915], [34.0952834, 51.6718831], [34.095895, 51.6719231], [34.0963241, 51.6720029], [34.0964207, 51.6720561], [34.0964609, 51.6721227], [34.0964475, 51.6722058], [34.0963992, 51.6722857], [34.0963885, 51.6723722], [34.0964475, 51.6724354], [34.0965682, 51.6725369], [34.096646, 51.6726367], [34.0967774, 51.6726999], [34.0968713, 51.6727481], [34.0969008, 51.6728238], [34.0969102, 51.6729119], [34.0969187, 51.6729542], [34.096925, 51.6729851], [34.0969652, 51.6731091], [34.0970457, 51.6731606], [34.0971342, 51.6731914], [34.0971825, 51.6732321], [34.0972401, 51.6732729], [34.0972267, 51.6733195], [34.0971972, 51.673366], [34.0971449, 51.6733976], [34.0971529, 51.6734575], [34.0971315, 51.6735166], [34.0970725, 51.6735931], [34.0970135, 51.6736214], [34.0969008, 51.6736763], [34.0968445, 51.6737445], [34.0968257, 51.673821], [34.0968472, 51.6739241], [34.096925, 51.6740172], [34.0969732, 51.6741087], [34.0970296, 51.6742435], [34.0970859, 51.6744248], [34.0971315, 51.6744996], [34.0972334, 51.6745961], [34.0973219, 51.6747125], [34.0973541, 51.6748256], [34.0973809, 51.6749354], [34.0973729, 51.675135], [34.0974131, 51.675273], [34.0974882, 51.6753595], [34.0976652, 51.6755242], [34.0978315, 51.675604], [34.0981212, 51.6756772], [34.0982607, 51.6757471], [34.0983626, 51.6758519], [34.0983841, 51.6759417], [34.0983948, 51.6761097], [34.0983653, 51.6762959], [34.0983707, 51.6764523], [34.0983894, 51.6765421], [34.0984485, 51.676607], [34.0985075, 51.6766569], [34.098714, 51.67674], [34.0990815, 51.6768298], [34.0994999, 51.6770294], [34.099929, 51.6771841], [34.1001624, 51.6772839], [34.1005111, 51.6773654], [34.101415, 51.6774868], [34.1018602, 51.6775766], [34.1019139, 51.6776365], [34.1019219, 51.6777296], [34.1018844, 51.6777962], [34.1019085, 51.6780107], [34.1019273, 51.6781155], [34.1019648, 51.6781887], [34.1020399, 51.6782269], [34.1021499, 51.6782619], [34.1023833, 51.6782802], [34.1026086, 51.6782685], [34.1027775, 51.6782935], [34.1030082, 51.6783916], [34.1031691, 51.6784681], [34.1033381, 51.678666], [34.1035071, 51.6787974], [34.1037109, 51.6789105], [34.1039416, 51.6790302], [34.1041401, 51.6790652], [34.1045102, 51.6790918], [34.1048697, 51.6791067], [34.105103, 51.6791367], [34.1053605, 51.6791882], [34.1056341, 51.6792015], [34.1060901, 51.6792082], [34.1063261, 51.6792165], [34.106479, 51.6792065], [34.1066775, 51.6791433], [34.1068438, 51.6790685], [34.106943, 51.678977], [34.1070074, 51.6788789], [34.1070852, 51.678666], [34.107171, 51.6785147], [34.1073158, 51.6784681], [34.1074634, 51.6784698], [34.107686, 51.6784565], [34.107855, 51.6784232], [34.1079354, 51.6783833], [34.107981, 51.6783201], [34.1080373, 51.6782602], [34.1081151, 51.6782486], [34.1082332, 51.6783001], [34.1083887, 51.6783251], [34.1084611, 51.6783567], [34.108488, 51.6783999], [34.1085148, 51.6784997], [34.1085362, 51.6786893], [34.1085657, 51.6787957], [34.1086596, 51.6788856], [34.1087964, 51.678982], [34.1089493, 51.6790436], [34.1093543, 51.679155], [34.1096279, 51.6791999], [34.1098076, 51.6792165], [34.1099524, 51.6792049], [34.1101724, 51.6791733], [34.1104433, 51.6791001], [34.1105506, 51.6790868], [34.1106445, 51.6790951], [34.1106981, 51.6791101], [34.1107544, 51.6791533], [34.110741, 51.6792248], [34.1107678, 51.6792764], [34.1108081, 51.6793396], [34.1108242, 51.6794011], [34.1107947, 51.679451], [34.1107598, 51.6795841], [34.1106847, 51.6797471], [34.1106686, 51.6798618], [34.110674, 51.6800764], [34.1107196, 51.6801828], [34.11091, 51.680226], [34.1110522, 51.6802111], [34.1112748, 51.6801179], [34.1113874, 51.6799766], [34.1114491, 51.6798984], [34.1114598, 51.6798369], [34.111484, 51.6797354], [34.1115805, 51.679634], [34.1117039, 51.6795924], [34.1118649, 51.6795824], [34.1119373, 51.6796157], [34.1120473, 51.6796938], [34.1121143, 51.6797753], [34.1122001, 51.6798934], [34.1123342, 51.6801296], [34.1124415, 51.6802377], [34.1126132, 51.6803474], [34.1127151, 51.6804223], [34.1128385, 51.680552], [34.1129914, 51.6806934], [34.1131094, 51.6808081], [34.1132086, 51.680858], [34.1133723, 51.6809029], [34.1135278, 51.6809162], [34.1137344, 51.6809179], [34.1139114, 51.6809012], [34.1140133, 51.6809062], [34.114083, 51.6809644], [34.114134, 51.6810626], [34.1142306, 51.6811973], [34.1143566, 51.6813037], [34.1144291, 51.6813719], [34.1144505, 51.6814733], [34.1145114, 51.6815131], [34.114598, 51.6815914], [34.1146302, 51.6816646], [34.1146624, 51.6817627], [34.114767, 51.6818309], [34.1148421, 51.6819423], [34.1148072, 51.6820621], [34.1147402, 51.6821951], [34.1147, 51.6823248], [34.1146785, 51.6824229], [34.1146061, 51.6824961], [34.1145042, 51.682531], [34.1144747, 51.682561], [34.1144394, 51.6826979], [34.1145256, 51.682857], [34.114708, 51.6830898], [34.1148823, 51.6832361], [34.1150004, 51.6833143], [34.1150674, 51.6834224], [34.1150728, 51.6835305], [34.115046, 51.6836602], [34.1149521, 51.6837567], [34.1148153, 51.6838381], [34.1147402, 51.6839163], [34.114759, 51.684061], [34.114818, 51.6842173], [34.1149145, 51.6843803], [34.1151211, 51.6845399], [34.1153839, 51.6846863], [34.1156816, 51.6847877], [34.1161296, 51.6848392], [34.1164702, 51.6848359], [34.1173553, 51.6847561], [34.1177979, 51.6847544], [34.1182512, 51.6847062], [34.1185838, 51.6846414], [34.1188547, 51.6845649], [34.1190129, 51.6844784], [34.1190934, 51.6843853], [34.1192356, 51.6842988], [34.1194689, 51.6842339], [34.1197398, 51.6842107], [34.1201985, 51.6841624], [34.120633, 51.6841558], [34.1209173, 51.6841209], [34.1211078, 51.6840743], [34.1212955, 51.6840876], [34.1214001, 51.6841125], [34.1215557, 51.6841957], [34.1216764, 51.6842971], [34.1217461, 51.6843969], [34.12173, 51.6844917], [34.1215986, 51.6845881], [34.121325, 51.6847195], [34.1213143, 51.6848259], [34.1212419, 51.6849922], [34.1212955, 51.6851003], [34.1213679, 51.6851685], [34.1214618, 51.6852084], [34.1215369, 51.6852117], [34.1215905, 51.6852132], [34.121663, 51.6852151], [34.1217729, 51.6852034], [34.1218507, 51.6851203], [34.1219446, 51.685082], [34.1220573, 51.6850671], [34.1222155, 51.6850604], [34.122363, 51.6850937], [34.1225401, 51.6851452], [34.1227627, 51.6851934], [34.1229665, 51.6852117], [34.1232589, 51.6852267], [34.1234493, 51.6852633], [34.1236505, 51.6853032], [34.1237068, 51.6852866], [34.1237926, 51.6852267], [34.1237873, 51.6851635], [34.123739, 51.6850987], [34.1237417, 51.6850122], [34.1237202, 51.6849241], [34.1237819, 51.6848808], [34.1238651, 51.6848559], [34.1239831, 51.6848376], [34.1240904, 51.6848076], [34.1241172, 51.6847711], [34.1241387, 51.6847312], [34.1241521, 51.6846646], [34.1241762, 51.6845782], [34.1242111, 51.6845383], [34.1242781, 51.6845249], [34.1243425, 51.6845183], [34.1244471, 51.6845116], [34.1249567, 51.6845116], [34.1251928, 51.6845116], [34.1253055, 51.6845076], [34.1255629, 51.6844983], [34.1257533, 51.6845166], [34.1259116, 51.6845582], [34.1260216, 51.6846513], [34.1260779, 51.6847162], [34.1261664, 51.6847661], [34.1263595, 51.6848027], [34.1265419, 51.6848742], [34.1266733, 51.6849357], [34.1267216, 51.6849922], [34.1267484, 51.6850388], [34.1267404, 51.6850854], [34.1266975, 51.6851203], [34.1265929, 51.6851818], [34.1264346, 51.6853165], [34.1264158, 51.6854362], [34.126381, 51.6855693], [34.1262978, 51.6856591], [34.126204, 51.6858054], [34.1260618, 51.6859318], [34.1260672, 51.68597], [34.1260806, 51.6860083], [34.1261154, 51.6860299], [34.1263488, 51.6860449], [34.1264588, 51.6860482], [34.1264668, 51.6860931], [34.1264668, 51.6861463], [34.1264212, 51.6862344], [34.1263971, 51.6863142], [34.1263434, 51.6864074], [34.1263381, 51.6864972], [34.126271, 51.686587], [34.1261879, 51.6866734], [34.1261637, 51.6867266], [34.12622, 51.6867549], [34.1262951, 51.6867749], [34.1264024, 51.6867732], [34.126499, 51.6867699], [34.1267645, 51.6866219], [34.1268262, 51.6866219], [34.1268799, 51.6866435], [34.1269764, 51.6867017], [34.1272538, 51.6869755], [34.1274297, 51.687129], [34.1274995, 51.6872039], [34.1275102, 51.687297], [34.1274565, 51.6873785], [34.1273841, 51.6874234], [34.12725, 51.6874633], [34.1271803, 51.6875298], [34.127191, 51.687598], [34.1272312, 51.6876495], [34.1274887, 51.6876994], [34.1275799, 51.6877509], [34.1276443, 51.6878191], [34.1277355, 51.6879122], [34.1278025, 51.6879788], [34.1278079, 51.6880619], [34.1277435, 51.6881284], [34.1276148, 51.6882215], [34.1275182, 51.6883895], [34.1273895, 51.6885358], [34.1272581, 51.6886572], [34.1272822, 51.6888783], [34.1273707, 51.689023], [34.127478, 51.6891494], [34.127596, 51.6892691], [34.1277382, 51.6894237], [34.1279581, 51.6895135], [34.1281673, 51.68957], [34.1282853, 51.689575], [34.1284516, 51.6895468], [34.128634, 51.6894653], [34.1286528, 51.6893838], [34.1287172, 51.6893023], [34.1288593, 51.6892175], [34.1291812, 51.6892042], [34.1293395, 51.6892342], [34.1294897, 51.6892275], [34.1295943, 51.6891776], [34.1298249, 51.6890812], [34.1300395, 51.6889798], [34.1301522, 51.688865], [34.130305, 51.6887836], [34.1305411, 51.6887686], [34.1307422, 51.6887985], [34.1308576, 51.6888467], [34.1310427, 51.6889498], [34.1313001, 51.6890213], [34.131445, 51.6890213], [34.1319331, 51.6889931], [34.1320136, 51.6889899], [34.1323999, 51.6889748], [34.1326278, 51.6889914], [34.1329417, 51.6889698], [34.1335371, 51.6888384], [34.1339073, 51.688747], [34.1341111, 51.6887071], [34.134264, 51.6887154], [34.1345322, 51.6888052], [34.134728, 51.6888617], [34.1349211, 51.68888], [34.1351384, 51.6888783], [34.1353288, 51.6889116], [34.1354817, 51.6889482], [34.1355675, 51.6889814], [34.1356158, 51.689023], [34.1358116, 51.689156], [34.1359323, 51.6892259], [34.1360772, 51.6892541], [34.1363883, 51.6892774], [34.1366002, 51.689289], [34.1367102, 51.689284], [34.1367772, 51.6892574], [34.1368952, 51.6892076], [34.1370052, 51.6891411], [34.1370991, 51.6890596], [34.1371796, 51.6889864], [34.1373003, 51.6889332], [34.1375604, 51.6888866], [34.1377535, 51.6888966], [34.1381022, 51.6889897], [34.138703, 51.6891693], [34.1389284, 51.6891693], [34.1394272, 51.6891294], [34.1396177, 51.6891277], [34.139694, 51.689138], [34.1398162, 51.6891544], [34.1400656, 51.6892109], [34.1402721, 51.6892724], [34.1405323, 51.6893572], [34.1407469, 51.6894354], [34.140932, 51.6895385], [34.1410205, 51.6896149], [34.1410848, 51.6896781], [34.1411063, 51.6897097], [34.1411036, 51.6898577], [34.141109, 51.6899774], [34.1411117, 51.6900389], [34.1411412, 51.6900921], [34.141219, 51.6901221], [34.1413799, 51.6901337], [34.1415328, 51.690137], [34.1417769, 51.6901853], [34.1419888, 51.690295], [34.1422033, 51.6903565], [34.1423991, 51.690428], [34.1427505, 51.6905278], [34.1429356, 51.690566], [34.1430603, 51.6905644], [34.1432641, 51.6905203], [34.1434908, 51.6904762], [34.1436557, 51.6904322], [34.143822, 51.6903632], [34.1441238, 51.6902509], [34.1442284, 51.690231], [34.1443518, 51.6902127], [34.1444483, 51.6901936], [34.1445597, 51.6901071], [34.1446321, 51.690063], [34.1447246, 51.6900007], [34.1448453, 51.689955], [34.1449365, 51.6899051], [34.144962, 51.6898502], [34.1449901, 51.6897671], [34.1450143, 51.689659], [34.1450532, 51.6896041], [34.1450639, 51.6894279], [34.1450666, 51.6892998], [34.1450559, 51.689151], [34.145029, 51.6890604], [34.1450331, 51.6890072], [34.1450693, 51.6889224], [34.1451886, 51.6887403], [34.1452369, 51.688678], [34.1452745, 51.688599], [34.1453415, 51.6885366], [34.1455708, 51.6882706], [34.1457707, 51.6880702], [34.1458538, 51.6879912], [34.1459343, 51.6879048], [34.1460697, 51.6878216], [34.1461998, 51.6877717], [34.1462843, 51.6877194], [34.1463822, 51.687637], [34.1464654, 51.687563], [34.1465753, 51.6874791], [34.1466947, 51.68744], [34.1467845, 51.6874392], [34.1468731, 51.6874583], [34.1469388, 51.6874849], [34.1470045, 51.6875389], [34.1470353, 51.6876021], [34.1470943, 51.6876287], [34.1471377, 51.6876634], [34.1471761, 51.6877609], [34.1472258, 51.6878349], [34.1472995, 51.6879131], [34.1474108, 51.6879846], [34.1475222, 51.6880378], [34.1476509, 51.6880794], [34.1478963, 51.6881234], [34.1479929, 51.6881509], [34.1480438, 51.6881891], [34.148186, 51.6882157], [34.1487412, 51.6882332], [34.1489115, 51.6882282], [34.1490591, 51.6882215], [34.1491392, 51.688202], [34.1492602, 51.6881725], [34.1495915, 51.6880976], [34.1496746, 51.6880927], [34.1497631, 51.688101], [34.1499884, 51.6881866], [34.1502124, 51.6882357], [34.1504498, 51.6883047], [34.1506241, 51.688372], [34.1507998, 51.6884709], [34.1509554, 51.6885458], [34.1511767, 51.6886331], [34.1512357, 51.6886788], [34.151296, 51.6887528], [34.1513564, 51.6888284], [34.1514167, 51.6889241], [34.1514757, 51.6890047], [34.1515294, 51.6890454], [34.1515964, 51.6890646], [34.1517131, 51.6890895], [34.1518405, 51.6890986], [34.1519947, 51.689087], [34.1521074, 51.6890446], [34.1522844, 51.6889681], [34.1524091, 51.6889332], [34.1524976, 51.6889174], [34.1525687, 51.6889141], [34.152621, 51.688929], [34.1526827, 51.6889507], [34.1527055, 51.6889698], [34.1527136, 51.6890155], [34.1526626, 51.6891818], [34.1526157, 51.6892267], [34.1525727, 51.6893015], [34.1525298, 51.6893896], [34.1524413, 51.6894121], [34.1524078, 51.6894445], [34.1524011, 51.6894994], [34.1523984, 51.6895867], [34.1524413, 51.6896432], [34.1526411, 51.689748], [34.15279, 51.6898652], [34.1528611, 51.6899192], [34.1530126, 51.6899691], [34.1531508, 51.6900007], [34.153301, 51.690014], [34.1537315, 51.6900032], [34.1541244, 51.6899849], [34.1545495, 51.6899749], [34.1547735, 51.68995], [34.1550994, 51.6899018], [34.1552939, 51.6898544], [34.1555634, 51.6898161], [34.1557592, 51.6897953], [34.1560194, 51.6897421], [34.1562125, 51.6896723], [34.1564123, 51.68957], [34.156525, 51.6894852], [34.1566457, 51.689358], [34.1567034, 51.6892807], [34.156934, 51.689087], [34.1570091, 51.6889972], [34.1570534, 51.6888775], [34.1570507, 51.6887944], [34.1570359, 51.6886555], [34.1570534, 51.6885757], [34.1571258, 51.6884643], [34.1572331, 51.6882972], [34.1574141, 51.6880719], [34.1575187, 51.6879172], [34.1575536, 51.6877692], [34.1575161, 51.6876429], [34.1574597, 51.6874932], [34.1574517, 51.6873668], [34.157441, 51.6872953], [34.1574812, 51.6872421], [34.1576126, 51.6870908], [34.1576958, 51.6869694], [34.1577843, 51.6867067], [34.1578299, 51.6866418], [34.157846, 51.6865554], [34.1578755, 51.6864573], [34.1579318, 51.6863525], [34.1580176, 51.6862644], [34.1580981, 51.6862161], [34.1581893, 51.6861596], [34.1582617, 51.686128], [34.158361, 51.686113], [34.1584817, 51.6861213], [34.1585527, 51.6861363], [34.1586506, 51.6861796], [34.1588518, 51.6862294], [34.1590503, 51.686261], [34.1591576, 51.6862594], [34.1592311, 51.6862527], [34.1592488, 51.6862511], [34.159407, 51.6861945], [34.1595089, 51.6861247], [34.1596484, 51.6860748], [34.1598335, 51.6860515], [34.1600963, 51.6860698], [34.1603281, 51.6861041], [34.1603887, 51.686113], [34.1605765, 51.6861596], [34.1608018, 51.686256], [34.1610387, 51.686399], [34.1611961, 51.6865238], [34.1612846, 51.6866219], [34.1613221, 51.6867632], [34.1613221, 51.6868713], [34.1612577, 51.6870077], [34.1611746, 51.6871307], [34.1611129, 51.687277], [34.1610995, 51.6873751], [34.1611424, 51.68742], [34.1612148, 51.6874383], [34.1613731, 51.6875082], [34.1615179, 51.6875481], [34.1616279, 51.6875564], [34.161813, 51.6876196], [34.161997, 51.6876518], [34.1622207, 51.6876977], [34.162344, 51.6876944], [34.1624138, 51.6876711], [34.1625372, 51.6876645], [34.1626659, 51.6876612], [34.162792, 51.6876927], [34.162859, 51.6877376], [34.1629341, 51.6878723], [34.16302, 51.6880985], [34.163146, 51.6883928], [34.1632372, 51.6886206], [34.1632828, 51.6886888], [34.1633418, 51.6887387], [34.1634652, 51.6887703], [34.1637737, 51.6887919], [34.1640955, 51.6887736], [34.1644683, 51.6887054], [34.1646776, 51.6886156], [34.1648465, 51.6885541], [34.1651174, 51.6884926], [34.1653347, 51.688466], [34.165611, 51.688451], [34.1658014, 51.6884643], [34.1660455, 51.6884959], [34.1662466, 51.6885607], [34.1664264, 51.6886638], [34.1665283, 51.6887503], [34.1666865, 51.6888201], [34.1668206, 51.688885], [34.1670567, 51.6889415], [34.1674456, 51.6890014], [34.1675609, 51.689023], [34.1677353, 51.6890978], [34.1680813, 51.689324], [34.168379, 51.6894852], [34.1684997, 51.68957], [34.1686875, 51.689713], [34.1688269, 51.6898228], [34.1689769, 51.6899022], [34.1691354, 51.6899475], [34.1692963, 51.6899658], [34.169578, 51.6899558], [34.1697898, 51.6899807], [34.1700366, 51.6899857], [34.1703075, 51.6899891], [34.1705114, 51.690019], [34.1707152, 51.6900672], [34.1709003, 51.6901387], [34.1710156, 51.6902002], [34.1710934, 51.69031], [34.1711739, 51.6906575], [34.1712034, 51.6907223], [34.1712624, 51.6907822], [34.1714528, 51.6908587], [34.171831, 51.6909501], [34.1719946, 51.6909401], [34.1721153, 51.6909069], [34.1722414, 51.690862], [34.1723809, 51.6907888], [34.1725069, 51.6907157], [34.1725525, 51.6906475], [34.1726464, 51.6905394], [34.1727215, 51.6905178], [34.1728395, 51.6905511], [34.1729736, 51.6906209], [34.173038, 51.6907024], [34.1731453, 51.6907672], [34.1733206, 51.6908127], [34.1734216, 51.6908686], [34.1734752, 51.6908986], [34.1734859, 51.6910798], [34.1734993, 51.6911613], [34.1735637, 51.6912328], [34.1736978, 51.6913159], [34.1738936, 51.6913907], [34.1742973, 51.6914747], [34.1747721, 51.6915844], [34.1750953, 51.6916709], [34.1752991, 51.6917407], [34.1754533, 51.6917374], [34.1756062, 51.6917307], [34.1757926, 51.6917482], [34.1758767, 51.6917794], [34.1761172, 51.6918688], [34.1763183, 51.6919727], [34.1766134, 51.692104], [34.1770774, 51.692247], [34.1771879, 51.6922813], [34.1773134, 51.6923202], [34.1774449, 51.6923734], [34.1775468, 51.6924748], [34.1776165, 51.6924964], [34.1776769, 51.6925047], [34.1778097, 51.6924964], [34.1781262, 51.6924116], [34.1792634, 51.6921539], [34.1794163, 51.6921165], [34.1795544, 51.6920907], [34.1796684, 51.6920874], [34.1797764, 51.6921165], [34.1802451, 51.6923418], [34.1804101, 51.6924016], [34.1806018, 51.6924124], [34.1807319, 51.6923933], [34.1808151, 51.6923576], [34.180921, 51.6923227], [34.1810162, 51.6923044], [34.1810913, 51.6923019], [34.1811812, 51.6923318], [34.1813381, 51.6924099], [34.1814333, 51.6924598], [34.1815218, 51.6924964], [34.1816694, 51.6925172], [34.1819403, 51.692538], [34.1821629, 51.6925679], [34.182301, 51.6925995], [34.1823788, 51.6926061], [34.1824633, 51.6925987], [34.1825585, 51.6925787], [34.1826269, 51.6925388], [34.1827047, 51.6924357], [34.1827637, 51.6923227], [34.1828307, 51.6922877], [34.1829045, 51.6922686], [34.1829769, 51.6922636], [34.1830359, 51.6922736], [34.183103, 51.692301], [34.183154, 51.6923518], [34.183158, 51.6924266], [34.1831593, 51.6924789], [34.1831768, 51.6925346], [34.1832572, 51.6925953], [34.1833229, 51.6926228], [34.1834047, 51.6926818], [34.1834517, 51.6927558], [34.1834691, 51.6928239], [34.1834664, 51.6929162], [34.1834222, 51.6930775], [34.1834329, 51.6931108], [34.1834691, 51.693144], [34.1835053, 51.6931606], [34.1836059, 51.6931665], [34.1840565, 51.6931407], [34.1841933, 51.6931216], [34.1843073, 51.6931191], [34.18442, 51.6931473], [34.1844843, 51.6931673], [34.1845272, 51.6931939], [34.1845661, 51.6932288], [34.184593, 51.6932845], [34.1846064, 51.6933535], [34.1845769, 51.6934641], [34.1845715, 51.6935854], [34.1845755, 51.6936935], [34.1845983, 51.6937733], [34.1846667, 51.6938232], [34.1848008, 51.6938714], [34.1849644, 51.6939329], [34.1851455, 51.6940194], [34.1855063, 51.6941615], [34.1857047, 51.6941939], [34.185973, 51.6942106], [34.1863525, 51.6942048], [34.1865724, 51.6942264], [34.1867575, 51.6942663], [34.1869412, 51.6943161], [34.1870713, 51.6943652], [34.1871545, 51.6944184], [34.1872242, 51.6944907], [34.1872658, 51.6945531], [34.1872685, 51.6946802], [34.1872336, 51.6947617], [34.1871464, 51.6948606], [34.1869412, 51.6950734], [34.1868862, 51.6951424], [34.1868688, 51.6952372], [34.1868849, 51.6953361], [34.186905, 51.6953902], [34.1869345, 51.6954442], [34.1870043, 51.6954999], [34.1870673, 51.6955373], [34.1871504, 51.6955838], [34.1872913, 51.6956213], [34.1874562, 51.6956503], [34.1876051, 51.695642], [34.1877137, 51.6956271], [34.1878572, 51.695588], [34.1879725, 51.6955315], [34.1880973, 51.6954375], [34.1881818, 51.6953577], [34.1882904, 51.6952646], [34.1883628, 51.6952231], [34.1884325, 51.6951998], [34.1884875, 51.695179], [34.1885398, 51.6951749], [34.1886739, 51.6951948], [34.1888899, 51.6952522], [34.1890722, 51.6953137], [34.1891366, 51.6953469], [34.189197, 51.6954001], [34.1897173, 51.6956179], [34.1898702, 51.6957011], [34.1899708, 51.6957692], [34.1900754, 51.6958532], [34.1901183, 51.6959413], [34.1901505, 51.6960244], [34.1902028, 51.6961051], [34.1902229, 51.6961574], [34.1902189, 51.6962505], [34.1901961, 51.696322], [34.1901411, 51.6963993], [34.1900057, 51.696514], [34.1897415, 51.6966296], [34.1896006, 51.6966886], [34.1894598, 51.6967834], [34.1893525, 51.6968656], [34.189315, 51.696908], [34.1893096, 51.6969554], [34.1893257, 51.6970402], [34.1893579, 51.6971208], [34.1893995, 51.6971865], [34.1894679, 51.6972613], [34.1895953, 51.6973453], [34.1898461, 51.69746], [34.1899896, 51.6975148], [34.1901264, 51.6975489], [34.1904201, 51.6975722], [34.1907406, 51.697578], [34.1908532, 51.6975739], [34.1909713, 51.6975398], [34.1912274, 51.6973935], [34.1912891, 51.6973528], [34.1913642, 51.6973345], [34.1914165, 51.6972796], [34.191442, 51.6972264], [34.1914473, 51.6971474], [34.1914393, 51.6969222], [34.1914554, 51.6968025], [34.1914433, 51.6966878], [34.191446, 51.6966296], [34.1914661, 51.6965888], [34.1915439, 51.6965107], [34.1916552, 51.6964376], [34.1917424, 51.696406], [34.191847, 51.6963885], [34.1919422, 51.6963852], [34.1920777, 51.6963893], [34.1921595, 51.6964159], [34.1922855, 51.6964683], [34.1924223, 51.6965373], [34.1926007, 51.6966296], [34.1929078, 51.6968174], [34.1930714, 51.6969255], [34.1932082, 51.6969953], [34.1933235, 51.6970385], [34.1934577, 51.6970585], [34.1936937, 51.6970801], [34.1940585, 51.6971017], [34.1945547, 51.6971632], [34.1949248, 51.6971898], [34.1952333, 51.6972048], [34.1954747, 51.6971915], [34.195708, 51.6971449], [34.1959092, 51.6970801], [34.196105, 51.6970286], [34.1962002, 51.6969795], [34.1962633, 51.6969288], [34.1963384, 51.6968241], [34.1963652, 51.6967709], [34.1963571, 51.6967027], [34.1963142, 51.696608], [34.1962901, 51.6965381], [34.1962552, 51.6964384], [34.1962445, 51.6963785], [34.1963035, 51.6963403], [34.1964161, 51.6963137], [34.1964591, 51.6962979], [34.1964874, 51.6962633], [34.1964886, 51.6961865], [34.19651, 51.6961109], [34.1966709, 51.6958997], [34.1967943, 51.6957967], [34.1967246, 51.6957069], [34.1967098, 51.6956645], [34.1968788, 51.6954799], [34.1970478, 51.6953029], [34.1971672, 51.6951516], [34.1972034, 51.6950793], [34.1974649, 51.6949363], [34.1977666, 51.6947443], [34.1980684, 51.6946113], [34.1984774, 51.6945057], [34.1989589, 51.6943685], [34.199329, 51.6942571], [34.199726, 51.6941008], [34.2000425, 51.6939795], [34.2003295, 51.6939013], [34.200587, 51.6938498], [34.2009169, 51.6938215], [34.2012843, 51.6938332], [34.201515, 51.6938581], [34.2017323, 51.6939196], [34.2020676, 51.6940194], [34.2024136, 51.6940826], [34.2026201, 51.6941058], [34.2027757, 51.6940792], [34.2029849, 51.6940177], [34.2032585, 51.6939678], [34.203524, 51.6939329], [34.2037761, 51.6939346], [34.2041114, 51.6939828], [34.2044252, 51.694031], [34.2046559, 51.6941075], [34.2048302, 51.6941557], [34.2049697, 51.6942023], [34.2051414, 51.6942737], [34.2052942, 51.6943403], [34.2053881, 51.6944267], [34.2054445, 51.6945797], [34.2055383, 51.6947093], [34.2056912, 51.694972], [34.205777, 51.6950884], [34.2059905, 51.6956144], [34.2060104, 51.6957302], [34.2060828, 51.6958449], [34.2062303, 51.6959995], [34.2062867, 51.696056], [34.2063189, 51.6961541], [34.2064422, 51.6962821], [34.2067426, 51.6965697], [34.2068633, 51.6966977], [34.2069264, 51.6968575], [34.2069679, 51.6970153], [34.2070404, 51.697115], [34.2072147, 51.6972996], [34.2073113, 51.6974026], [34.2073327, 51.6974874], [34.2073408, 51.6976121], [34.2073944, 51.6977434], [34.2074454, 51.6978266], [34.2075983, 51.6979479], [34.2076546, 51.6980227], [34.2077163, 51.6984334], [34.2077887, 51.6987908], [34.2078906, 51.6990568], [34.207963, 51.6992213], [34.2080677, 51.6993244], [34.2082554, 51.6994923], [34.2089877, 51.7000525], [34.2091352, 51.7001955], [34.2094329, 51.7004199], [34.2096582, 51.7005961], [34.2098808, 51.7007923], [34.2100418, 51.7009685], [34.210259, 51.7011746], [34.2105165, 51.7013774], [34.210723, 51.7015071], [34.2110878, 51.7018213], [34.2115277, 51.7021703], [34.2117235, 51.7023615], [34.2119381, 51.7025261], [34.2120641, 51.7026491], [34.2120963, 51.7027206], [34.2121741, 51.7027738], [34.212319, 51.702822], [34.2125362, 51.7028984], [34.212791, 51.7029616], [34.212909, 51.7030214], [34.2131156, 51.7030597], [34.2133382, 51.7030563], [34.2136466, 51.7030331], [34.2137781, 51.7030181], [34.2138585, 51.7029998], [34.2139846, 51.7029383], [34.2141804, 51.7028419], [34.2142957, 51.702792], [34.2144218, 51.7027671], [34.2145666, 51.7027538], [34.2147946, 51.7027654], [34.2150709, 51.7027438], [34.2153391, 51.7027189], [34.2157254, 51.7026291], [34.2158702, 51.7026225], [34.2160687, 51.7026408], [34.2165139, 51.7027089], [34.2166507, 51.7027305], [34.2168331, 51.7027372], [34.2170718, 51.7027106], [34.2172328, 51.7026549], [34.2174004, 51.7025818], [34.2175613, 51.7025477], [34.217737, 51.7025444], [34.2178872, 51.7025494], [34.2180026, 51.7025826], [34.2180817, 51.7026408], [34.2181621, 51.702679], [34.2183271, 51.7027214], [34.2185202, 51.7027746], [34.2186074, 51.7027912], [34.2186959, 51.7027912], [34.2189199, 51.7027679], [34.2189923, 51.7027729], [34.2191599, 51.7028037], [34.2192458, 51.7028369], [34.2193101, 51.7028826], [34.2193799, 51.702945], [34.2194429, 51.7029882], [34.2194697, 51.7030131], [34.2194818, 51.7030663], [34.2194858, 51.7031636], [34.2194751, 51.7032201], [34.2194898, 51.7032583], [34.2195502, 51.7032824], [34.2195904, 51.703324], [34.2196213, 51.7033755], [34.2196628, 51.7034013], [34.2197634, 51.7034162], [34.2199525, 51.7034187], [34.2200866, 51.7034154], [34.220206, 51.7033564], [34.2202704, 51.7032616], [34.2206392, 51.7031129], [34.2207612, 51.7030397], [34.220898, 51.7030115], [34.2210321, 51.70295], [34.221189, 51.7028502], [34.2213084, 51.7027596], [34.221421, 51.7026599], [34.2214975, 51.702541], [34.2215565, 51.7024288], [34.2216168, 51.7023125], [34.2217013, 51.7022069], [34.2217268, 51.7021063], [34.2217764, 51.7020523], [34.2217979, 51.7019326], [34.2218234, 51.7018686], [34.2218636, 51.7018429], [34.2220929, 51.7017697], [34.222506, 51.7016808], [34.2226495, 51.7016426], [34.2227568, 51.7016102], [34.2228587, 51.7015836], [34.2231229, 51.7015686], [34.2233402, 51.701542], [34.2236835, 51.701542], [34.223941, 51.7015603], [34.2241555, 51.7015611], [34.2242374, 51.7015561], [34.2243285, 51.7015204], [34.2244036, 51.7014689], [34.2245042, 51.7013442], [34.2245512, 51.7012303], [34.2245874, 51.701089], [34.224586, 51.7007773], [34.2246048, 51.7007067], [34.2247711, 51.7004557], [34.2248717, 51.700321], [34.224928, 51.7002545], [34.2250527, 51.7001681], [34.2250983, 51.7001498], [34.2251627, 51.7001456], [34.2252646, 51.7001564], [34.2253827, 51.7001872], [34.2254604, 51.7002021], [34.2255235, 51.7002204], [34.22562, 51.7002944], [34.2256817, 51.7003567], [34.2257394, 51.7003958], [34.225848, 51.7004557], [34.2259553, 51.7004889], [34.2260827, 51.7005155], [34.2262866, 51.7005197], [34.2264381, 51.7004939], [34.226599, 51.7004548], [34.2267023, 51.7004432], [34.2270483, 51.700439], [34.2274868, 51.7004449], [34.2277671, 51.7004316], [34.2282379, 51.7004216], [34.2284779, 51.7004133], [34.2286603, 51.7003933], [34.228777, 51.7003567], [34.228899, 51.7002994], [34.2289874, 51.7002058], [34.2290291, 51.7001215], [34.2290385, 51.7000168], [34.2290184, 51.6999395], [34.2289607, 51.6998522], [34.2289379, 51.69976], [34.2289433, 51.6996818], [34.2289862, 51.6995987], [34.2290667, 51.6995297], [34.2291673, 51.6994474], [34.2293335, 51.6993585], [34.2296125, 51.6992662], [34.229988, 51.6990634], [34.2302911, 51.698893], [34.2309415, 51.6984791], [34.2311709, 51.6983461], [34.2313398, 51.6982347], [34.2315987, 51.6979828], [34.2317113, 51.6978922], [34.2318454, 51.6978116], [34.231934, 51.6977783], [34.2320225, 51.6977634], [34.2320895, 51.6977526], [34.2321821, 51.6977601], [34.2322612, 51.6977642], [34.2323966, 51.6977975], [34.2324878, 51.6978108], [34.2325844, 51.6977966], [34.2326796, 51.6977709], [34.2327641, 51.6977285], [34.2328861, 51.6976412], [34.233098, 51.69747], [34.233259, 51.6973536], [34.2335473, 51.6970967], [34.233613, 51.6970593], [34.2337136, 51.6970352], [34.2338423, 51.6970161], [34.2339952, 51.6970186], [34.2340931, 51.6970178], [34.2342085, 51.6970294], [34.2343439, 51.6970535], [34.2344713, 51.6970934], [34.2345491, 51.6971292], [34.234647, 51.6971915], [34.234761, 51.6972605], [34.2348495, 51.697302], [34.2350078, 51.6973403], [34.2351714, 51.6973719], [34.2354007, 51.6973877], [34.2355348, 51.6973818], [34.2356582, 51.6973569], [34.235736, 51.6973303], [34.2359211, 51.697253], [34.2361584, 51.6971757], [34.2362295, 51.6971666], [34.2363073, 51.6971749], [34.236369, 51.6972031], [34.2364173, 51.697248], [34.2365353, 51.6974126], [34.2366278, 51.6975789], [34.2366707, 51.6976487], [34.2368022, 51.6977351], [34.2369845, 51.6977916], [34.2372662, 51.6978365], [34.2375612, 51.6978581], [34.2377758, 51.6979047], [34.2381003, 51.6979762], [34.2383981, 51.6980518], [34.2385764, 51.6980784], [34.2388272, 51.6980718], [34.2389493, 51.6980984], [34.2390713, 51.6981491], [34.2392188, 51.6981915], [34.2392953, 51.6982206], [34.2393436, 51.6982488], [34.2393771, 51.6982871], [34.2394012, 51.6984832], [34.2394441, 51.6986046], [34.239483, 51.6986894], [34.2395219, 51.6987251], [34.2395809, 51.6987559], [34.2398196, 51.6988656], [34.2402863, 51.6990036], [34.240458, 51.6990551], [34.2406324, 51.6991299], [34.2409569, 51.6992795], [34.2410588, 51.699356], [34.2411661, 51.6994873], [34.2414424, 51.6997334], [34.2416328, 51.6998198], [34.2420593, 51.6999511], [34.2424348, 51.700139], [34.2430302, 51.700272], [34.2439127, 51.700405], [34.2444089, 51.7005097], [34.2445967, 51.7005379], [34.2448193, 51.7005363], [34.2450446, 51.7005064], [34.245919, 51.7005529], [34.2461845, 51.7005695], [34.2463911, 51.7005978], [34.2465198, 51.7006294], [34.2466043, 51.7006892], [34.2473634, 51.7012178], [34.2478368, 51.701483], [34.2479709, 51.7015329], [34.2480862, 51.7015536], [34.2482565, 51.7015686], [34.2486803, 51.7015628], [34.2488131, 51.7015603], [34.2489164, 51.7015777], [34.2490317, 51.7016126], [34.2490961, 51.7016775], [34.2492825, 51.7018936], [34.2495695, 51.7021363], [34.2496781, 51.7022144], [34.2497948, 51.7022742], [34.2499262, 51.7023141], [34.250118, 51.7023524], [34.2502561, 51.7023756], [34.2503527, 51.7024097], [34.25046, 51.702438], [34.2505203, 51.7024579], [34.2505525, 51.7024937], [34.2506075, 51.7025618], [34.2506692, 51.7026067], [34.250759, 51.7026258], [34.2508703, 51.7026316], [34.2509884, 51.702625], [34.2510635, 51.7026075], [34.2511587, 51.7025701], [34.2512485, 51.7025153], [34.2513974, 51.7023723], [34.2515717, 51.7022485], [34.2516509, 51.7022327], [34.2517501, 51.7022368], [34.2518722, 51.7022776], [34.2520586, 51.7023898], [34.2522316, 51.7024679], [34.2522986, 51.7024845], [34.2523818, 51.7024795], [34.2524743, 51.7024579], [34.2525239, 51.702433], [34.2525507, 51.7024031], [34.2525754, 51.7023372], [34.2525454, 51.702231], [34.2525668, 51.7021803], [34.2526312, 51.7020931], [34.2526862, 51.7020523], [34.2527962, 51.7020224], [34.252937, 51.7020299], [34.2531288, 51.7020623], [34.2532924, 51.7020756], [34.2534654, 51.702064], [34.2538932, 51.7020324], [34.2539938, 51.7020349], [34.2540702, 51.702054], [34.2541265, 51.7020698], [34.2541963, 51.7021105], [34.2542674, 51.7021471], [34.254321, 51.7022285], [34.2543063, 51.7024987], [34.2543492, 51.7025435], [34.2544404, 51.7025776], [34.2545061, 51.7026034], [34.2546013, 51.7026059], [34.2554046, 51.7026341], [34.2556058, 51.7026424], [34.255705, 51.7026366], [34.2557533, 51.7026225], [34.2558458, 51.7025834], [34.2559032, 51.7025192], [34.2559451, 51.7024621], [34.2559746, 51.7023948], [34.2559572, 51.7023125], [34.2559384, 51.7022609], [34.2559022, 51.7022227], [34.255815, 51.7021221], [34.2557734, 51.7020365], [34.255764, 51.7019825], [34.2557935, 51.7019376], [34.2558709, 51.701871], [34.2560028, 51.7018387], [34.2560926, 51.7018254], [34.256212, 51.7018346], [34.256452, 51.701857], [34.2565365, 51.7018537], [34.2565982, 51.701842], [34.2566586, 51.7017805], [34.2567193, 51.7017425], [34.256849, 51.7016766], [34.2570797, 51.7016176], [34.2573908, 51.7015603], [34.2577891, 51.7015038], [34.2579849, 51.7014888], [34.2581096, 51.7014497], [34.2582732, 51.7014231], [34.2583336, 51.7014157], [34.2583765, 51.701419], [34.2584409, 51.7014273], [34.2585133, 51.7014556], [34.2586045, 51.7015029], [34.2586756, 51.7015669], [34.2587802, 51.7017199], [34.2587896, 51.7017938], [34.2588244, 51.7018362], [34.2589049, 51.7018678], [34.2589559, 51.7018628], [34.2591356, 51.7018196], [34.2593528, 51.701744], [34.2596211, 51.7016667], [34.2597753, 51.7016301], [34.2598785, 51.7016168], [34.2599778, 51.7016284], [34.2601012, 51.7016609], [34.2602527, 51.7017132], [34.2603265, 51.7017656], [34.260411, 51.701803], [34.260533, 51.7018121], [34.2607355, 51.7018021], [34.2608683, 51.7017855], [34.2609662, 51.7017506], [34.2610145, 51.7017215], [34.2610306, 51.7016675], [34.2610601, 51.7015362], [34.261151, 51.7014079], [34.261225, 51.7012993], [34.2612693, 51.7011796], [34.2613417, 51.7010915], [34.2613792, 51.7010608], [34.261445, 51.7010433], [34.2615013, 51.7010466], [34.2615482, 51.7010716], [34.2615965, 51.7011065], [34.2616676, 51.7011879], [34.2617802, 51.7012752], [34.2618915, 51.701301], [34.2619666, 51.7013043], [34.2620243, 51.7012926], [34.2622577, 51.7012203], [34.2625138, 51.7011713], [34.2625903, 51.7011705], [34.2626399, 51.7011904], [34.2626761, 51.701227], [34.2626667, 51.7012769], [34.2626077, 51.7014531], [34.2626399, 51.7016126], [34.2626895, 51.7016816], [34.2627297, 51.7017215], [34.262778, 51.7017415], [34.2628451, 51.7017539], [34.2630087, 51.7017415], [34.2632125, 51.7016874], [34.2634003, 51.7016484], [34.2635907, 51.7015869], [34.263694, 51.7015337], [34.2637302, 51.7014988], [34.2637946, 51.7014896], [34.2639475, 51.7014896], [34.2641325, 51.7014713], [34.2641942, 51.701473], [34.2642438, 51.7014863], [34.2643149, 51.7015245], [34.264327, 51.7015619], [34.2643109, 51.7016193], [34.2642385, 51.7016933], [34.2640789, 51.7017938], [34.263977, 51.7018745], [34.2639555, 51.701926], [34.2639729, 51.7019775], [34.2640601, 51.7020773], [34.2641714, 51.7021471], [34.2643283, 51.7022751], [34.2645241, 51.7024056], [34.264622, 51.7024405], [34.2648272, 51.7024721], [34.2648835, 51.7024945], [34.2649305, 51.7025244], [34.2649734, 51.7025552], [34.2649922, 51.7025992], [34.2649922, 51.702689], [34.2649613, 51.7027231], [34.2648862, 51.7027563], [34.2647199, 51.7028153], [34.2645402, 51.7028511], [34.2644128, 51.7028959], [34.2643605, 51.7029491], [34.2643203, 51.7030705], [34.2643042, 51.7032334], [34.2643337, 51.7033115], [34.264394, 51.703383], [34.2644785, 51.7034536], [34.2645831, 51.7035027], [34.26474, 51.7035667], [34.2649318, 51.7036066], [34.2652322, 51.7036597], [34.265361, 51.7036647], [34.2654669, 51.7036406], [34.2655233, 51.7035933], [34.2655407, 51.7035392], [34.2655689, 51.7034561], [34.2656668, 51.7033905], [34.2657191, 51.7033589], [34.2657875, 51.7033423], [34.2659122, 51.703329], [34.2660248, 51.7033348], [34.2660905, 51.7033597], [34.2661965, 51.7034195], [34.2662595, 51.7034686], [34.2664111, 51.7035185], [34.2665666, 51.7035617], [34.266631, 51.7035667], [34.2666753, 51.7035579], [34.2667054, 51.703516], [34.2667195, 51.7035039], [34.2667671, 51.7034931], [34.2668322, 51.7035018], [34.2670414, 51.7035667], [34.2672694, 51.7036398], [34.2674866, 51.7036996], [34.2676623, 51.7037994], [34.2678259, 51.7038226], [34.2679547, 51.7038343], [34.2680874, 51.7038351], [34.2682149, 51.7038069], [34.2682685, 51.7037711], [34.2683355, 51.7037271], [34.2683677, 51.7036656], [34.2683355, 51.7036124], [34.268243, 51.7035492], [34.2681518, 51.7034993], [34.2681317, 51.7034478], [34.2681612, 51.7034029], [34.2682309, 51.7033763], [34.2683557, 51.703378], [34.2685233, 51.703373], [34.2685877, 51.7033472], [34.2686333, 51.7032575], [34.2686561, 51.7032076], [34.2687124, 51.7031951], [34.2688237, 51.7032309], [34.2689162, 51.7032791], [34.2689632, 51.7033265], [34.2690356, 51.7033414], [34.2691107, 51.7033298], [34.2691563, 51.7032891], [34.2692287, 51.7032367], [34.2693213, 51.7032118], [34.2693789, 51.7032425], [34.2694031, 51.7032832], [34.2694259, 51.7033082], [34.2694996, 51.7033107], [34.2696552, 51.7032774], [34.2697357, 51.7032342], [34.2698751, 51.7031993], [34.2699462, 51.7032251], [34.2700334, 51.70326], [34.270193, 51.7032675], [34.2703016, 51.7032359], [34.2703445, 51.7031843], [34.2703928, 51.7031503], [34.2704733, 51.7031228], [34.2705645, 51.703112], [34.2706932, 51.7031353], [34.270771, 51.7031203], [34.2708273, 51.7030863], [34.2708635, 51.7030871], [34.2708823, 51.7031012], [34.2709346, 51.703142], [34.2710298, 51.703176], [34.271121, 51.7031935], [34.2712189, 51.7031802], [34.2713638, 51.7032084], [34.2714778, 51.7032517], [34.271729, 51.7034428], [34.2718774, 51.7034669], [34.2719994, 51.7034711], [34.2721014, 51.7034461], [34.272261, 51.7033954], [34.2724112, 51.7032874], [34.272493, 51.7032384], [34.272611, 51.7032458], [34.2727089, 51.7032616], [34.2728055, 51.7033115], [34.273185, 51.7034528], [34.2734744, 51.7034646], [34.2739347, 51.7034337], [34.2740661, 51.7034503], [34.2741685, 51.7034677], [34.2742163, 51.7035234], [34.2741937, 51.7036018], [34.2740527, 51.7036647], [34.2739561, 51.7037329], [34.2739803, 51.7038093], [34.2739221, 51.7039228], [34.2739588, 51.7040022], [34.2740227, 51.7040132], [34.2741224, 51.7040221], [34.2742324, 51.7040005], [34.2743866, 51.7040263], [34.2745516, 51.7040495], [34.2746589, 51.7040437], [34.274848, 51.7040903], [34.2752261, 51.7042507], [34.2754742, 51.7042424], [34.2755695, 51.7042299], [34.2757452, 51.7041717], [34.2758216, 51.7041518], [34.2758954, 51.7041543], [34.2760724, 51.7041767], [34.2761515, 51.7041202], [34.276299, 51.7041119], [34.2764841, 51.7041567], [34.2766638, 51.7041941], [34.2768985, 51.7042399], [34.2770219, 51.7042789], [34.2771023, 51.7043163], [34.2771694, 51.7043496], [34.2772418, 51.7044069], [34.2773277, 51.7044933], [34.2773665, 51.7045665], [34.2773934, 51.7046662], [34.2773518, 51.7047418], [34.2772633, 51.704854], [34.2772713, 51.7049014], [34.2772888, 51.7049588], [34.2773572, 51.7050153], [34.2774725, 51.7050402], [34.2776401, 51.705056], [34.2778024, 51.7051458], [34.2778829, 51.7052147], [34.2780344, 51.7052787], [34.2781699, 51.7053469], [34.2783684, 51.7053785], [34.2786151, 51.7054067], [34.2786822, 51.7053984], [34.2787573, 51.7053677], [34.2788632, 51.7053145], [34.2791933, 51.7052195], [34.279236, 51.7051657], [34.2792401, 51.7050942], [34.2794198, 51.7050377], [34.279578, 51.7050494], [34.2796679, 51.7051117], [34.2797121, 51.7051807], [34.2797315, 51.7052569], [34.2796762, 51.7053754], [34.2795955, 51.7055513], [34.2795968, 51.7056153], [34.279633, 51.7056702], [34.279696, 51.7057092], [34.2798516, 51.7057151], [34.2799817, 51.7057009], [34.2800595, 51.7056918], [34.2800608, 51.7056486], [34.2801172, 51.7055621], [34.2800836, 51.7054564], [34.2800702, 51.7053643], [34.2801815, 51.7052862], [34.2802928, 51.7052779], [34.2805879, 51.705322], [34.2808025, 51.7053427], [34.2809111, 51.7053037], [34.2810573, 51.705302], [34.2812598, 51.7053984], [34.281292, 51.7054583], [34.2813763, 51.7054658], [34.2814422, 51.7055048], [34.2816554, 51.7054907], [34.2817439, 51.7055139], [34.2818592, 51.7055995], [34.2820872, 51.7056078], [34.2823521, 51.7056622], [34.2825177, 51.7056452], [34.282679, 51.7055905], [34.2829154, 51.7053941], [34.2829356, 51.705285], [34.28284, 51.7050356], [34.2828785, 51.7049754], [34.2829456, 51.7049328], [34.2831869, 51.704938], [34.2833157, 51.7049538], [34.2834659, 51.7049795], [34.2835678, 51.7050186], [34.2836246, 51.7051759], [34.2836246, 51.7053785], [34.2837596, 51.7054707], [34.2838682, 51.7054757], [34.2840278, 51.7054682], [34.284364, 51.7053598], [34.2846105, 51.7052008], [34.2848972, 51.7049265], [34.2852895, 51.7048019], [34.2861521, 51.7046438], [34.2862836, 51.7046438], [34.2865679, 51.7047485], [34.2866845, 51.7048216], [34.2867248, 51.704884], [34.2867409, 51.7049463], [34.2868347, 51.704997], [34.2870145, 51.7050469], [34.287229, 51.7050859], [34.2874423, 51.7050984], [34.2876153, 51.7050726], [34.2877089, 51.7050356], [34.2877722, 51.7050095], [34.2878178, 51.7049629], [34.2878339, 51.7048906], [34.287854, 51.7047618], [34.2879264, 51.7047502], [34.287976, 51.7047626], [34.2880176, 51.7047252], [34.2881544, 51.7047394], [34.2882483, 51.7047851], [34.2883542, 51.704854], [34.2884964, 51.7048748], [34.2891535, 51.704933], [34.2893949, 51.7049787], [34.2896578, 51.7050211], [34.2899702, 51.705046], [34.2905792, 51.7050588], [34.2909077, 51.7050552], [34.2910185, 51.7050711], [34.2910941, 51.7051316], [34.2912523, 51.7053376], [34.2913315, 51.7053801], [34.2917878, 51.7055116], [34.2918305, 51.7057893], [34.2919728, 51.705948], [34.2920718, 51.7059544], [34.2922858, 51.7058951], [34.2926485, 51.7059171], [34.2934861, 51.7064976], [34.29392, 51.7067753], [34.2941405, 51.7070222], [34.2942757, 51.7071941], [34.2943825, 51.707275], [34.2944951, 51.7073057], [34.2946413, 51.7073307], [34.2948411, 51.7073265], [34.295328, 51.7072658], [34.2955264, 51.7072625], [34.2958952, 51.7072816], [34.296083, 51.7073107], [34.2964384, 51.7074246], [34.2965376, 51.7074811], [34.2968675, 51.7077453], [34.297007, 51.7078517], [34.2972659, 51.7081908], [34.2973343, 51.7082199], [34.2975622, 51.70818], [34.2976508, 51.7081733], [34.2977272, 51.7081825], [34.2977414, 51.7081995], [34.2977439, 51.7083398], [34.2977084, 51.7087517], [34.2976601, 51.7090343], [34.2975408, 51.7095254], [34.2976194, 51.7097194], [34.2978922, 51.7101811], [34.2984474, 51.7107844], [34.2986995, 51.7110711], [34.2989247, 51.7114076], [34.2989972, 51.7116611], [34.2989248, 51.711853], [34.298902, 51.7119328], [34.2989114, 51.7120599], [34.2990012, 51.7121289], [34.2991367, 51.7121829], [34.299307, 51.7121912], [34.2993982, 51.7122037], [34.2995109, 51.7121854], [34.2995189, 51.7122162], [34.2995699, 51.7122153], [34.2996275, 51.7121854], [34.2996772, 51.7122012], [34.2997281, 51.7122403], [34.2998193, 51.7122369], [34.2998756, 51.7122178], [34.2999206, 51.7121811], [34.2998958, 51.7121198], [34.2999253, 51.7120757], [34.3000044, 51.7120383], [34.300046, 51.7120425], [34.3002284, 51.71205], [34.3003128, 51.7120699], [34.3003611, 51.7121015], [34.3004979, 51.712227], [34.3007728, 51.7123641], [34.3009807, 51.7124596], [34.3010907, 51.7125311], [34.3011336, 51.7125884], [34.3012395, 51.71262], [34.3012865, 51.7127172], [34.3013924, 51.712753], [34.3015869, 51.7128585], [34.3016915, 51.7128751], [34.3017331, 51.7128901], [34.3017599, 51.7130081], [34.3017161, 51.7131451], [34.3018471, 51.7133288], [34.3018846, 51.7134967], [34.3018167, 51.7136282], [34.3017317, 51.713677], [34.3016875, 51.713726], [34.3017411, 51.7140218], [34.301772, 51.7140891], [34.301839, 51.714124], [34.3021046, 51.7142121], [34.3024117, 51.7142678], [34.3025954, 51.7142703], [34.3027657, 51.7143068], [34.3029079, 51.7143292], [34.302979, 51.7143583], [34.3030272, 51.7144506], [34.3032405, 51.714974], [34.3032593, 51.7150438], [34.3032472, 51.7150937], [34.3031855, 51.7151377], [34.3030715, 51.7151818], [34.3028475, 51.7152399], [34.3027054, 51.7153014], [34.3026893, 51.7153637], [34.3026933, 51.7154385], [34.3027282, 51.7155457], [34.3027979, 51.7156421], [34.3029387, 51.7157759], [34.3031117, 51.7158947], [34.3036624, 51.7163224], [34.3040787, 51.7166957], [34.3043809, 51.7170319], [34.3047117, 51.7173735], [34.3049598, 51.7177185], [34.3053339, 51.7180699], [34.3056558, 51.7183383], [34.3060206, 51.7187512], [34.3061145, 51.7188368], [34.3062244, 51.7188908], [34.3064243, 51.7189714], [34.3066724, 51.7190412], [34.3069299, 51.7191783], [34.3070921, 51.7192979], [34.3072262, 51.7194441], [34.3073872, 51.7195953], [34.3076447, 51.7197499], [34.307878, 51.7198371], [34.3081771, 51.7199185], [34.3082616, 51.7199642], [34.3083702, 51.7199734], [34.3085754, 51.7201038], [34.3088812, 51.7202799], [34.3089885, 51.720309], [34.3091346, 51.7203182], [34.3093653, 51.7203057], [34.309541, 51.7202667], [34.3098038, 51.7201578], [34.3100964, 51.7199999], [34.3102814, 51.7198876], [34.3104261, 51.7197906], [34.3106058, 51.7197175], [34.3107265, 51.7196926], [34.3109237, 51.7196751], [34.3111409, 51.7196926], [34.3113783, 51.7197482], [34.3117887, 51.7198363], [34.312018, 51.7199003], [34.3121508, 51.7199094], [34.3123586, 51.7198753], [34.3124793, 51.719813], [34.3125683, 51.7197355], [34.3125746, 51.7196203], [34.3125316, 51.7194267], [34.3125196, 51.7193328], [34.3125518, 51.7192497], [34.312643, 51.7191592], [34.3127497, 51.7191142], [34.3131551, 51.7189137], [34.3133819, 51.7186897], [34.3134302, 51.7185452], [34.3134208, 51.7183541], [34.3135392, 51.7181667], [34.3136602, 51.7180676], [34.3139465, 51.7178988], [34.3144508, 51.7176819], [34.3148232, 51.7175497], [34.3148979, 51.7174947], [34.3150188, 51.7173052], [34.3150958, 51.7171169], [34.3151562, 51.7169906], [34.3152474, 51.7167638], [34.3153936, 51.7166658], [34.3155089, 51.7166051], [34.3155773, 51.7165926], [34.3157007, 51.7166441], [34.3158267, 51.716679], [34.3159257, 51.7166794], [34.3160858, 51.7166044], [34.3161499, 51.7165719], [34.3162277, 51.7165644], [34.3164343, 51.7165361], [34.3166264, 51.7164568], [34.3167575, 51.7163317], [34.3168996, 51.7163467], [34.3170418, 51.7163766], [34.317078, 51.716404], [34.3171665, 51.7164065], [34.3173234, 51.7164472], [34.3174481, 51.7164447], [34.3175836, 51.716483], [34.3176319, 51.7164755], [34.31766, 51.7164838], [34.3176801, 51.7165203], [34.317719, 51.7165253], [34.3177365, 51.7165561], [34.3178143, 51.7165163], [34.3179443, 51.7164281], [34.3180798, 51.7164215], [34.3183333, 51.7163284], [34.318462, 51.716311], [34.3185505, 51.7163259], [34.3186471, 51.7162968], [34.3187568, 51.7162254], [34.3190129, 51.7160734], [34.3192085, 51.7159742], [34.3192334, 51.7159169], [34.3193123, 51.7158241], [34.3194075, 51.7158166], [34.3194531, 51.7158174], [34.3194853, 51.7158581], [34.319488, 51.7158997], [34.3195349, 51.7159329], [34.3195805, 51.7159769], [34.319618, 51.7159877], [34.319606, 51.7160742], [34.319728, 51.7161356], [34.3199211, 51.7161606], [34.3199748, 51.716144], [34.3200807, 51.7161572], [34.3202604, 51.7162345], [34.32042, 51.7162752], [34.3205474, 51.7162628], [34.3206596, 51.7161946], [34.3208063, 51.7160791], [34.3209109, 51.7160409], [34.3212166, 51.7161082], [34.3213226, 51.7160891], [34.3214245, 51.7160725], [34.321435, 51.7160293], [34.3214098, 51.7159961], [34.3213575, 51.7159761], [34.3212757, 51.7158681], [34.3212785, 51.7157913], [34.3213642, 51.7157177], [34.3215331, 51.7156496], [34.321674, 51.7156521], [34.3217835, 51.7156217], [34.3219045, 51.715593], [34.3221273, 51.7155889], [34.3222533, 51.7156911], [34.322311, 51.7157476], [34.3223277, 51.7157847], [34.3223313, 51.7158641], [34.3223988, 51.7159037], [34.3225411, 51.7159037], [34.3227581, 51.7159522], [34.3230106, 51.7158398], [34.3232453, 51.7157429], [34.3234231, 51.715723], [34.3236078, 51.7156703], [34.3237527, 51.7156654], [34.3238519, 51.7157069], [34.3239565, 51.7157617], [34.324033, 51.7158639], [34.3242677, 51.7158598], [34.3244617, 51.7158178], [34.3245933, 51.7157363], [34.3246715, 51.7156944], [34.3248387, 51.7157451], [34.32486, 51.7157957], [34.3248067, 51.7159103], [34.3247818, 51.7160139], [34.3248814, 51.716102], [34.3251019, 51.7161109], [34.3252797, 51.7160756], [34.3253188, 51.7159897], [34.3252548, 51.7158597], [34.3252904, 51.7156679], [34.3253473, 51.7156327], [34.3256318, 51.7156327], [34.3259448, 51.7155269], [34.3262243, 51.7154352], [34.3263021, 51.7154352], [34.3264134, 51.715456], [34.3264993, 51.7155091], [34.3265703, 51.7155997], [34.3266455, 51.7157252], [34.3267541, 51.7158141], [34.3267983, 51.7158614], [34.3269432, 51.7159146], [34.3270478, 51.7159229], [34.3271363, 51.7159055], [34.3271872, 51.7158556], [34.3272287, 51.7157869], [34.3273683, 51.7157626], [34.3274635, 51.7157803], [34.3276727, 51.7157509], [34.32778, 51.7156966], [34.3277881, 51.7156595], [34.3277854, 51.7156113], [34.3277988, 51.7155972], [34.3278833, 51.7155798], [34.3279423, 51.7154801], [34.3280067, 51.7154826], [34.3281341, 51.7154992], [34.3282427, 51.715515], [34.3283111, 51.7155175], [34.3283313, 51.7154806], [34.328464, 51.7154468], [34.3285163, 51.7154659], [34.3285632, 51.7154335], [34.3287, 51.7154285], [34.3288086, 51.7154211], [34.3288368, 51.7154186], [34.3288556, 51.7154402], [34.3288541, 51.7155115], [34.3288784, 51.715554], [34.3289146, 51.7155754], [34.3289521, 51.7156055], [34.3290608, 51.7156263], [34.3292098, 51.7156569], [34.3293424, 51.715687], [34.3294322, 51.7156811], [34.3294752, 51.7156645], [34.3295073, 51.7155715], [34.3296053, 51.7154261], [34.329679, 51.7153621], [34.3297313, 51.7153338], [34.3297917, 51.715318], [34.3298762, 51.7153214], [34.3300532, 51.7153554], [34.3302731, 51.7153546], [34.3305293, 51.7153727], [34.3306467, 51.7153572], [34.330827, 51.7152906], [34.3309101, 51.715215], [34.3310095, 51.7151787], [34.3311676, 51.7151676], [34.3312642, 51.71522], [34.3314037, 51.7152491], [34.3316397, 51.7152939], [34.3318315, 51.7153704], [34.3319875, 51.7153683], [34.3320581, 51.7153704], [34.3321761, 51.7153263], [34.3324855, 51.7151986], [34.3325673, 51.7150972], [34.3325957, 51.7149606], [34.33277, 51.7148658], [34.3329728, 51.7148029], [34.3331189, 51.7147298], [34.3333, 51.7146159], [34.3333858, 51.7145777], [34.3334864, 51.7145661], [34.3337198, 51.7145719], [34.3338431, 51.7145827], [34.3339935, 51.71463], [34.3341194, 51.7146741], [34.3341959, 51.7146492], [34.3342924, 51.7145777], [34.3343608, 51.7145528], [34.3345056, 51.714456], [34.3345472, 51.7143733], [34.3344386, 51.7142919], [34.3343876, 51.7142179], [34.334397, 51.7141456], [34.3344185, 51.714075], [34.3346728, 51.7138984], [34.3349822, 51.713731], [34.3351279, 51.7136861], [34.3352044, 51.7136836], [34.3352848, 51.7136969], [34.3353693, 51.7137542], [34.335486, 51.7138282], [34.3355906, 51.7138839], [34.3357126, 51.7139105], [34.3358468, 51.7138913], [34.3360399, 51.7138049], [34.3361029, 51.7137783], [34.3361713, 51.7137758], [34.3362115, 51.7137983], [34.3362249, 51.713824], [34.3362062, 51.7138656], [34.3361954, 51.713947], [34.3361901, 51.7140343], [34.3361928, 51.7141157], [34.3362075, 51.7141747], [34.336284, 51.7142054], [34.3363537, 51.7142204], [34.3364298, 51.7142025], [34.3364838, 51.7141572], [34.3365549, 51.7140983], [34.3367108, 51.7140196], [34.3368311, 51.7139836], [34.3368714, 51.7139063], [34.336933, 51.7138847], [34.3369988, 51.7139055], [34.3370685, 51.7139312], [34.3371128, 51.7140501], [34.3372093, 51.7141082], [34.3373689, 51.714139], [34.3375679, 51.714143], [34.3376425, 51.7141215], [34.3376853, 51.7140747], [34.3376817, 51.7139954], [34.3376492, 51.7139146], [34.337668, 51.7138664], [34.3377256, 51.7138573], [34.337794, 51.7138639], [34.3378155, 51.7138922], [34.3378517, 51.713967], [34.337908, 51.7139562], [34.3379751, 51.7139994], [34.3380153, 51.7140451], [34.3380636, 51.7140417], [34.3380864, 51.7140268], [34.3381307, 51.7140085], [34.3381548, 51.7139387], [34.3381695, 51.7138664], [34.338191, 51.7138506], [34.3382648, 51.713839], [34.3384874, 51.7138182], [34.3386483, 51.7137842], [34.3386886, 51.7137542], [34.3387315, 51.7136986], [34.3387449, 51.7136122], [34.3387167, 51.7135714], [34.3387006, 51.7135357], [34.3387207, 51.7135091], [34.3388294, 51.7135199], [34.3388844, 51.7135465], [34.3390279, 51.7135673], [34.3392049, 51.7136828], [34.3392465, 51.7137567], [34.3393055, 51.7137626], [34.3393376, 51.7137991], [34.3393832, 51.7138182], [34.3394852, 51.7138141], [34.3395723, 51.7137958], [34.3397064, 51.7136811], [34.3398432, 51.7135781], [34.3399291, 51.7135557], [34.3400927, 51.7135773], [34.3402241, 51.7135939], [34.3403475, 51.7135781], [34.3404722, 51.7135515], [34.3406184, 51.7135631], [34.3406747, 51.713534], [34.3408665, 51.7134908], [34.3409845, 51.7135141], [34.3412688, 51.7135997], [34.3413077, 51.7136304], [34.3413681, 51.7136296], [34.341411, 51.713667], [34.3414834, 51.7136778], [34.3415424, 51.713721], [34.3415599, 51.7138257], [34.3415652, 51.7138847], [34.3415947, 51.7139071], [34.3416511, 51.7139362], [34.3417409, 51.7139445], [34.3419313, 51.7139703], [34.3420909, 51.7139678], [34.3422787, 51.7139911], [34.3423551, 51.7140093], [34.3424168, 51.7141215], [34.3424892, 51.7141647], [34.3425737, 51.7141398], [34.342677, 51.714085], [34.3427964, 51.7141032], [34.3428929, 51.7141041], [34.3429787, 51.7140941], [34.3430807, 51.7141273], [34.3431504, 51.7141747], [34.3431424, 51.7142187], [34.3431289, 51.7142595], [34.3432094, 51.7142686], [34.3432926, 51.7142644], [34.3433475, 51.7142968], [34.3435004, 51.7142554], [34.343728, 51.7141739], [34.3438116, 51.7141747], [34.3439148, 51.7141897], [34.3440154, 51.7141755], [34.3440516, 51.714188], [34.3440852, 51.7143193], [34.3441468, 51.714399], [34.3441012, 51.7144655], [34.3440959, 51.714576], [34.3440422, 51.7146176], [34.344057, 51.7146832], [34.3440905, 51.7147248], [34.3441388, 51.7147539], [34.3442528, 51.7147514], [34.3443641, 51.7146865], [34.344458, 51.7146425], [34.3445586, 51.7145968], [34.3447638, 51.7145943], [34.3448013, 51.7145777], [34.344812, 51.7145436], [34.3448412, 51.7144273], [34.3448657, 51.7143509], [34.3449073, 51.7143317], [34.3449622, 51.7143409], [34.3450306, 51.7143484], [34.3450803, 51.7143808], [34.345213, 51.7145046], [34.345551, 51.7145611], [34.3456261, 51.7146367], [34.3456931, 51.7147073], [34.3457937, 51.714758], [34.3459614, 51.7147455], [34.3461759, 51.7147597], [34.3462926, 51.7147597], [34.3463932, 51.7148128], [34.3466225, 51.7149898], [34.3468317, 51.7150521], [34.3470249, 51.7151477], [34.3474647, 51.7152582], [34.3478389, 51.7153845], [34.348028, 51.7154111], [34.3481889, 51.7153829], [34.3486221, 51.7152532], [34.3489456, 51.7151215], [34.3490523, 51.7149848], [34.349223, 51.7149055], [34.349568, 51.7149187], [34.3498917, 51.7149165], [34.3500126, 51.7148129], [34.3500766, 51.7146014], [34.3501148, 51.7145461], [34.350159, 51.7145287], [34.3502046, 51.714527], [34.3502864, 51.7145461], [34.3503924, 51.714581], [34.3505748, 51.7146026], [34.3507759, 51.7146309], [34.3508738, 51.7146284], [34.3509194, 51.7146084], [34.3509551, 51.7145551], [34.351044, 51.7143832], [34.351012, 51.7142312], [34.3510831, 51.7141805], [34.351421, 51.7142187], [34.3517885, 51.7143533], [34.3521056, 51.7143156], [34.3522625, 51.7142184], [34.3526474, 51.7141566], [34.3530276, 51.7140624], [34.3531845, 51.7139475], [34.3533603, 51.7136707], [34.3535789, 51.7134499], [34.3538403, 51.7132349], [34.3544011, 51.7129788], [34.3547338, 51.7127697], [34.3550332, 51.7127402], [34.3552423, 51.712861], [34.3553469, 51.7130229], [34.3554704, 51.7130583], [34.3558649, 51.7129523], [34.3561833, 51.7129876], [34.3562831, 51.7131672], [34.3563781, 51.7133527], [34.3564399, 51.7134381], [34.3567393, 51.7135324], [34.3571813, 51.7136119], [34.3572682, 51.7136545], [34.3573956, 51.7136778], [34.3575805, 51.7136884], [34.3576357, 51.7136778], [34.3576994, 51.7136295], [34.3576732, 51.7135415], [34.3576048, 51.7134709], [34.3576008, 51.7133197], [34.3576545, 51.7132166], [34.3577148, 51.7131684], [34.3578637, 51.7131477], [34.3579602, 51.7131443], [34.3581507, 51.7131776], [34.358203, 51.7131934], [34.3582271, 51.7132274], [34.3583009, 51.7132233], [34.3583572, 51.7132573], [34.3584122, 51.7132557], [34.3585516, 51.7133396], [34.3586791, 51.7134676], [34.3588209, 51.7136325], [34.3589298, 51.7136886], [34.3590358, 51.7137011], [34.3591337, 51.7136844], [34.3592456, 51.7136529], [34.3594797, 51.7136612], [34.359659, 51.713705], [34.3599048, 51.7137792], [34.359992, 51.7137734], [34.3600891, 51.7137237], [34.3602571, 51.713578], [34.3603541, 51.713495], [34.3604493, 51.7134468], [34.360574, 51.713431], [34.3609174, 51.7134501], [34.3610407, 51.7134551], [34.36114, 51.7134584], [34.3611909, 51.7134235], [34.3612204, 51.7133762], [34.3612258, 51.713303], [34.3612781, 51.7132091], [34.3614592, 51.7130413], [34.361541, 51.712895], [34.3616174, 51.7125809], [34.3616375, 51.7125278], [34.3616711, 51.712492], [34.3617502, 51.7124704], [34.3618749, 51.7124688], [34.3622947, 51.712507], [34.3624181, 51.712502], [34.3624958, 51.7124854], [34.3625428, 51.7124522], [34.3627406, 51.7123287], [34.3630873, 51.7121713], [34.3632656, 51.7122137], [34.3634051, 51.7122652], [34.3635821, 51.7123333], [34.3636318, 51.7123433], [34.363727, 51.7124006], [34.3638664, 51.712458], [34.3639643, 51.7124688], [34.3640274, 51.7125087], [34.3640998, 51.7125552], [34.3642741, 51.7126158], [34.3644136, 51.712684], [34.3645665, 51.7127887], [34.3646456, 51.7128369], [34.3647663, 51.7128469], [34.3648213, 51.7128734], [34.3648508, 51.7129191], [34.3652106, 51.7129367], [34.3652666, 51.7129432], [34.365292, 51.7129723], [34.3653819, 51.7129823], [34.3654878, 51.7129948], [34.3655428, 51.7129781], [34.3655857, 51.7129034], [34.3656568, 51.7128469], [34.3657239, 51.712807], [34.3657131, 51.7127488], [34.3656501, 51.7127247], [34.3656461, 51.7127006], [34.3655683, 51.7126724], [34.3654503, 51.7126341], [34.3654087, 51.7125328], [34.3654463, 51.7124281], [34.3655495, 51.7123375], [34.3656461, 51.7123051], [34.3658222, 51.712262], [34.3661918, 51.7123016], [34.3665969, 51.7124355], [34.3666559, 51.7125037], [34.3667257, 51.7126333], [34.366774, 51.7127779], [34.3669617, 51.7128194], [34.3672941, 51.7127743], [34.3676234, 51.712716], [34.3679225, 51.7127035], [34.3681309, 51.7128201], [34.368309, 51.7128888], [34.3684333, 51.7128242], [34.368563, 51.7127164], [34.3686126, 51.7127114], [34.3686582, 51.7127189], [34.3687588, 51.7127887], [34.3689291, 51.7128892], [34.3691102, 51.7129474], [34.3693489, 51.7130737], [34.369538, 51.7132108], [34.3697458, 51.7133379], [34.3702312, 51.7134302], [34.3704228, 51.7134947], [34.3705236, 51.7135634], [34.3706244, 51.7136821], [34.3710075, 51.7138237], [34.3712479, 51.7139113], [34.3713538, 51.7139587], [34.3714826, 51.7139803], [34.3717253, 51.7139844], [34.3718192, 51.7140077], [34.3718849, 51.71407], [34.3719627, 51.7142138], [34.3721102, 51.7143143], [34.3722269, 51.7143342], [34.3723463, 51.7143351], [34.3725286, 51.7143583], [34.3727888, 51.7143733], [34.3730137, 51.7144171], [34.3732389, 51.7143276], [34.3734674, 51.714288], [34.3737564, 51.7143317], [34.374079, 51.7144629], [34.3742975, 51.7145587], [34.374405, 51.7146545], [34.3744924, 51.714719], [34.374647, 51.7147065], [34.3748116, 51.7146066], [34.3749528, 51.7144462], [34.3749922, 51.7144015], [34.3750566, 51.7143982], [34.3754199, 51.7144483], [34.375636, 51.7144447], [34.3757781, 51.714483], [34.3758827, 51.7145569], [34.3760169, 51.7146217], [34.3761376, 51.7146583], [34.3762556, 51.7146384], [34.3764487, 51.7145719], [34.3765788, 51.7145353], [34.3766713, 51.7144913], [34.376733, 51.7144805], [34.3768068, 51.7144996], [34.3768497, 51.7145237], [34.3768711, 51.7145503], [34.3769489, 51.7147389], [34.3769972, 51.7148735], [34.3770415, 51.7149134], [34.3770763, 51.7149342], [34.3771514, 51.7149524], [34.3772037, 51.7149499], [34.3774295, 51.7149335], [34.3776584, 51.71493], [34.3777415, 51.7149333], [34.3778421, 51.7149641], [34.3779212, 51.7150206], [34.3779816, 51.7151544], [34.3780084, 51.71523], [34.3780527, 51.7152549], [34.3781036, 51.7152615], [34.378172, 51.7152599], [34.3786173, 51.7151843], [34.3788962, 51.7151145], [34.3790182, 51.715117], [34.3790813, 51.7151735], [34.3791416, 51.7152241], [34.3792248, 51.7152582], [34.3794568, 51.7153779], [34.3796352, 51.7154468], [34.3797076, 51.7154651], [34.3797585, 51.715461], [34.379843, 51.7154111], [34.3798846, 51.7153546], [34.3798625, 51.7152812], [34.3797961, 51.7152092], [34.3797894, 51.7151768], [34.3798363, 51.7151577], [34.3798967, 51.7151485], [34.3799637, 51.7151701], [34.3801247, 51.7152399], [34.3802869, 51.7152607], [34.3803674, 51.7152748], [34.3804023, 51.7153031], [34.3805243, 51.7154485], [34.3806504, 51.7155765], [34.3807416, 51.7156978], [34.3807738, 51.7158124], [34.3808515, 51.715849], [34.3809763, 51.7158606], [34.381156, 51.715859], [34.3814218, 51.7158225], [34.3816772, 51.7157455], [34.3817512, 51.7157642], [34.381768, 51.7158329], [34.381694, 51.7158933], [34.3816173, 51.7159271], [34.3815784, 51.715957], [34.3815891, 51.7160152], [34.3816213, 51.7160625], [34.3816951, 51.7160717], [34.3817702, 51.7160501], [34.381848, 51.7160218], [34.3820133, 51.7158933], [34.3821578, 51.7158433], [34.3822838, 51.7158357], [34.3826258, 51.7159229], [34.3827304, 51.7159504], [34.3828873, 51.715962], [34.383092, 51.7158808], [34.3832669, 51.7158506], [34.3833272, 51.7158606], [34.3833809, 51.715893], [34.3834774, 51.7159745], [34.3836316, 51.7160276], [34.3838033, 51.7160401], [34.3839456, 51.7160557], [34.38408, 51.7161994], [34.3841707, 51.7162389], [34.3843757, 51.716266], [34.3845673, 51.7163659], [34.3849235, 51.7165679], [34.3850915, 51.7165908], [34.3852293, 51.7166303], [34.3853537, 51.7168031], [34.3855183, 51.716951], [34.3857099, 51.7169572], [34.3858913, 51.7169072], [34.3860325, 51.7169385], [34.3862039, 51.7168469], [34.3863047, 51.716749], [34.386382, 51.7166616], [34.3865137, 51.7166608], [34.3865754, 51.7166707], [34.3865861, 51.7167015], [34.3866652, 51.7167979], [34.3868369, 51.7169158], [34.3868637, 51.7169873], [34.3869683, 51.7170696], [34.3871347, 51.7171238], [34.3873128, 51.71713], [34.3874405, 51.7170717], [34.3876187, 51.7169905], [34.3876254, 51.716901], [34.3875078, 51.7168448], [34.3874607, 51.7168073], [34.3875078, 51.7167219], [34.3876287, 51.7166782], [34.3877703, 51.7166608], [34.3878306, 51.7166358], [34.3880253, 51.7164825], [34.3881227, 51.7164825], [34.3882538, 51.7165596], [34.3884117, 51.7167157], [34.3885596, 51.7167449], [34.3886739, 51.7167365], [34.3887579, 51.7167428], [34.3888352, 51.7168115], [34.3888184, 51.7169093], [34.3889024, 51.7170134], [34.3890839, 51.7170238], [34.3893124, 51.7169989], [34.3894905, 51.7170426], [34.3895566, 51.7170804], [34.389554, 51.7171111], [34.3895486, 51.7171385], [34.3895178, 51.7171668], [34.3894636, 51.7172091], [34.389385, 51.7173221], [34.3894011, 51.7173678], [34.3894703, 51.7174132], [34.3895768, 51.7175207], [34.3895888, 51.7175631], [34.3895644, 51.7176443], [34.3895006, 51.71779], [34.3895241, 51.717867], [34.3896545, 51.7179511], [34.3897082, 51.7179511], [34.3897694, 51.7179128], [34.3898837, 51.7177817], [34.389971, 51.7177546], [34.3902916, 51.7178954], [34.3903399, 51.7179378], [34.3903306, 51.7180107], [34.3903653, 51.7180624], [34.3904281, 51.7180898], [34.3905357, 51.7180724], [34.3906163, 51.7180752], [34.3907776, 51.7181315], [34.3909725, 51.7181689], [34.3910968, 51.7181398], [34.3912143, 51.7180691], [34.3912706, 51.7180616], [34.3914181, 51.7180732], [34.3915522, 51.7181056], [34.3916528, 51.7181314], [34.3917521, 51.7181585], [34.3918731, 51.7181544], [34.3920478, 51.7180981], [34.392226, 51.7180981], [34.3923973, 51.7181398], [34.3925049, 51.7181273], [34.3925519, 51.7180607], [34.3925151, 51.7180267], [34.3924561, 51.7180167], [34.3923421, 51.7179843], [34.3923354, 51.7179262], [34.3923958, 51.7178813], [34.3925452, 51.7178587], [34.3926465, 51.7178315], [34.3927136, 51.7178315], [34.3927713, 51.7178697], [34.3927914, 51.7179536], [34.3928303, 51.7179902], [34.3928893, 51.7179852], [34.3930154, 51.7179968], [34.3931334, 51.7180383], [34.3932272, 51.7180832], [34.3932983, 51.7180724], [34.3933517, 51.7180149], [34.3934122, 51.7178275], [34.3934492, 51.7177942], [34.3937819, 51.7178296], [34.3939365, 51.7177734], [34.3940944, 51.7175693], [34.3942792, 51.7174652], [34.3943599, 51.7173861], [34.394333, 51.7172695], [34.394501, 51.7171654], [34.3947598, 51.717105], [34.3951967, 51.7170134], [34.3954319, 51.7169947], [34.395526, 51.7168531], [34.395711, 51.7167763], [34.3957209, 51.7167407], [34.3957043, 51.7167156], [34.3956332, 51.7166907], [34.3956211, 51.7166533], [34.3956332, 51.7165802], [34.3956855, 51.7165087], [34.3957365, 51.7164771], [34.3958893, 51.7164771], [34.3960865, 51.7164896], [34.3961602, 51.7164896], [34.3961951, 51.716483], [34.3962317, 51.7164263], [34.396309, 51.7163888], [34.396682, 51.7164055], [34.3967997, 51.7163055], [34.3969979, 51.7162618], [34.3972298, 51.7162577], [34.3974247, 51.7161785], [34.3975601, 51.7160812], [34.397774, 51.7159737], [34.3978903, 51.7159238], [34.397956, 51.7159288], [34.3980472, 51.7159504], [34.3983033, 51.7159628], [34.3984656, 51.7159495], [34.3985514, 51.7159379], [34.3985748, 51.7158972], [34.3985819, 51.7158221], [34.3986484, 51.7157897], [34.398715, 51.7157983], [34.3987513, 51.7158199], [34.3988197, 51.7158648], [34.3988612, 51.7158764], [34.3988974, 51.7158689], [34.3989632, 51.7158365], [34.3990928, 51.7157293], [34.3991689, 51.7156498], [34.3992687, 51.7156498], [34.3994207, 51.7155792], [34.3995538, 51.7154113], [34.3997201, 51.7152405], [34.3998104, 51.7150904], [34.399991, 51.7149785], [34.4001219, 51.7149317], [34.4002452, 51.7149383], [34.4002801, 51.7149898], [34.4003418, 51.7150746], [34.400441, 51.7151444], [34.4004598, 51.7152208], [34.4005591, 51.7152906], [34.4006798, 51.7153438], [34.4007951, 51.7153421], [34.4010285, 51.7153239], [34.4011921, 51.7153205], [34.4013476, 51.7153488], [34.4014335, 51.7154236], [34.4014764, 51.7155116], [34.4015112, 51.715623], [34.401463, 51.715746], [34.4014925, 51.7158606], [34.4014469, 51.715947], [34.4013664, 51.7160085], [34.4011725, 51.7161401], [34.4011492, 51.7162029], [34.4010767, 51.716311], [34.4012001, 51.7163924], [34.4012162, 51.7164223], [34.4013503, 51.7164904], [34.4014549, 51.7164921], [34.4015193, 51.7165885], [34.4016159, 51.7166666], [34.4017205, 51.7167513], [34.4015556, 51.7170083], [34.401401, 51.7171373], [34.4014576, 51.7172681], [34.4015247, 51.7173064], [34.4015515, 51.7173396], [34.4015112, 51.7174725], [34.4012733, 51.7175267], [34.4011331, 51.7175573], [34.4010338, 51.7175839], [34.4010016, 51.717652], [34.4010928, 51.7177384], [34.4011921, 51.71778], [34.4013879, 51.7178315], [34.4016078, 51.7178281], [34.4018251, 51.7178082], [34.4018975, 51.7177451], [34.4021269, 51.7175891], [34.4022143, 51.7174725], [34.4023151, 51.7173601], [34.4028998, 51.7172602], [34.4033569, 51.7172519], [34.4035283, 51.7173612], [34.4036248, 51.7174675], [34.4036543, 51.7175407], [34.4036382, 51.7176287], [34.4036007, 51.7176985], [34.4035229, 51.7177467], [34.4032145, 51.7177999], [34.4030642, 51.7178364], [34.4029784, 51.7178979], [34.4029382, 51.7179727], [34.4029462, 51.7180907], [34.4030026, 51.7181439], [34.4031152, 51.7182186], [34.4032171, 51.718207], [34.4033137, 51.7181538], [34.4035417, 51.718114], [34.4038153, 51.7181538], [34.4039252, 51.7182452], [34.4039065, 51.7183316], [34.4040406, 51.7183981], [34.4041479, 51.7184679], [34.4043168, 51.7185676], [34.4044724, 51.7186324], [34.4045287, 51.7186723], [34.4046548, 51.7186989], [34.4047862, 51.7186856], [34.4048989, 51.7186557], [34.4049793, 51.7185942], [34.405041, 51.7185111], [34.4051188, 51.7184596], [34.4052261, 51.718428], [34.405489, 51.7184214], [34.4056714, 51.7184197], [34.4057947, 51.7183732], [34.4059369, 51.7183632], [34.4060844, 51.7183449], [34.4061998, 51.7182934], [34.4064036, 51.7181439], [34.4066128, 51.7180724], [34.4068488, 51.7180575], [34.4071171, 51.718104], [34.4071975, 51.7181854], [34.4072673, 51.7181738], [34.4073451, 51.7182103], [34.4073236, 51.7182702], [34.407565, 51.7184014], [34.407739, 51.7184969], [34.4081356, 51.7187217], [34.4086191, 51.7189066], [34.4087049, 51.7189548], [34.4086888, 51.7190212], [34.4087988, 51.7190661], [34.4087747, 51.7191209], [34.4087103, 51.7191824], [34.4085574, 51.7191459], [34.4083965, 51.7191957], [34.408257, 51.7191824], [34.4081685, 51.7191143], [34.4080532, 51.7190811], [34.4079566, 51.7191002], [34.4078681, 51.7190761], [34.4078144, 51.7191218], [34.4078279, 51.7191733], [34.4079271, 51.7193486], [34.4080451, 51.7194084], [34.4082651, 51.7194898], [34.4083697, 51.7196111], [34.4083603, 51.7198117], [34.4083455, 51.7199584], [34.4084018, 51.7200149], [34.4086647, 51.7201013], [34.4088605, 51.7201462], [34.408941, 51.7202343], [34.4091099, 51.720442], [34.4092065, 51.7205051], [34.4093969, 51.7205882], [34.4096142, 51.7206231], [34.4098797, 51.7205616], [34.4099767, 51.7204931], [34.4102606, 51.7204453], [34.4105262, 51.7203522], [34.4108239, 51.7202957], [34.4110975, 51.7202475], [34.4113603, 51.720309], [34.4116366, 51.7203439], [34.4118512, 51.7204104], [34.4120792, 51.7204901], [34.4124386, 51.7205832], [34.4125646, 51.7206779], [34.4125995, 51.7207942], [34.4126236, 51.7210584], [34.4126156, 51.7211564], [34.4125861, 51.7212412], [34.4126531, 51.7212844], [34.4127578, 51.721311], [34.4129831, 51.7213376], [34.4132003, 51.721453], [34.4133036, 51.7216225], [34.4133036, 51.7217621], [34.4133103, 51.721846], [34.4133532, 51.7218834], [34.4134659, 51.7219283], [34.4135369, 51.7219997], [34.4136214, 51.7220952], [34.4136617, 51.7221966], [34.4136482, 51.7223943], [34.4137529, 51.7224525], [34.4142705, 51.7225272], [34.4145656, 51.7224525], [34.4146675, 51.722391], [34.4148499, 51.7222697], [34.4150537, 51.7222381], [34.4152844, 51.7222116], [34.4156563, 51.7220827], [34.4161601, 51.722023], [34.4166577, 51.7220296], [34.4168615, 51.7220304], [34.4169407, 51.7220396], [34.4171888, 51.7221168], [34.417637, 51.7222558], [34.4178164, 51.7222498], [34.4180149, 51.722214], [34.4182308, 51.7222082], [34.4186988, 51.7222498], [34.418833, 51.7222348], [34.4190274, 51.7221344], [34.4193744, 51.7220108], [34.4196671, 51.7219557], [34.4199648, 51.7219374], [34.4206737, 51.7219978], [34.421035, 51.721964], [34.4215178, 51.7221335], [34.42177, 51.7222365], [34.4221455, 51.722288], [34.4228533, 51.7223269], [34.4231723, 51.7225603], [34.4232318, 51.7226286], [34.4232103, 51.7226618], [34.4231191, 51.7227017], [34.4230279, 51.7227017], [34.4229957, 51.7227067], [34.4230118, 51.7227698], [34.4230108, 51.7228962], [34.423036, 51.7231188], [34.4230789, 51.7232899], [34.4232023, 51.7234344], [34.4232559, 51.7234992], [34.4234785, 51.7236355], [34.4235322, 51.7237086], [34.4235402, 51.7237933], [34.4234973, 51.7238465], [34.4233713, 51.7238897], [34.4232371, 51.723908], [34.4231051, 51.7239597], [34.4229528, 51.7240492], [34.4228777, 51.7241256], [34.4228965, 51.7242353], [34.422926, 51.7243466], [34.422867, 51.7244563], [34.422926, 51.7245493], [34.423095, 51.724659], [34.423323, 51.7247786], [34.4234598, 51.7248567], [34.4235295, 51.7249763], [34.4235295, 51.7250943], [34.4234383, 51.7252571], [34.4233, 51.7254523], [34.4232479, 51.7258103], [34.423162, 51.7259333], [34.4231138, 51.7260197], [34.4231191, 51.7260679], [34.4231594, 51.7260994], [34.4233257, 51.7262357], [34.4234785, 51.7262938], [34.4236368, 51.7263736], [34.4236958, 51.7264184], [34.4237199, 51.7265347], [34.4237173, 51.7266244], [34.4236797, 51.7267424], [34.423728, 51.7269052], [34.4239332, 51.7271752], [34.4239962, 51.7272267], [34.4240619, 51.7272865], [34.4242188, 51.7273679], [34.4242909, 51.727404], [34.4243771, 51.7274277], [34.4244575, 51.7274244], [34.4245152, 51.7274302], [34.4246399, 51.7274668], [34.4247539, 51.7275016], [34.424872, 51.7275681], [34.4249377, 51.7276553], [34.4249283, 51.7277077], [34.4249243, 51.7277675], [34.4249605, 51.727863], [34.4249725, 51.727912], [34.4250356, 51.7279378], [34.425053, 51.7279876], [34.4250597, 51.7280308], [34.4250074, 51.7280806], [34.4250087, 51.7281205], [34.4250222, 51.7281512], [34.4250678, 51.728167], [34.4251348, 51.728236], [34.4251415, 51.7282891], [34.4251683, 51.7283199], [34.4251335, 51.7283564], [34.4251187, 51.7283772], [34.4251147, 51.7283971], [34.4251227, 51.7284104], [34.4251844, 51.7284112], [34.4252649, 51.7284162], [34.4253011, 51.7284345], [34.4253199, 51.7284586], [34.4252823, 51.7284827], [34.4252515, 51.7285234], [34.4252609, 51.72855], [34.4253266, 51.728579], [34.4255385, 51.7286555], [34.4255345, 51.7286696], [34.4255827, 51.7286671], [34.425623, 51.7286862], [34.4256645, 51.7287186], [34.4256699, 51.7287942], [34.4257088, 51.7288066], [34.4257544, 51.7288797], [34.425859, 51.7289387], [34.4258979, 51.7289537], [34.4258872, 51.7289927], [34.4259743, 51.7290276], [34.4259703, 51.7291323], [34.4260012, 51.7292328], [34.4260293, 51.7292776], [34.4260682, 51.7293682], [34.426095, 51.7293956], [34.4261527, 51.7294022], [34.4261956, 51.7293856], [34.426311, 51.7293873], [34.4265376, 51.7294238], [34.4267646, 51.729494], [34.4268729, 51.7295144], [34.4268796, 51.7295526], [34.4269064, 51.7295908], [34.426889, 51.7296223], [34.4268635, 51.7296506], [34.4268675, 51.7296821], [34.4269091, 51.7297145], [34.42696, 51.7297428], [34.4269815, 51.7297494], [34.427129, 51.729776], [34.4272216, 51.7297793], [34.4273463, 51.729815], [34.4274455, 51.7298134], [34.4277285, 51.7297494], [34.4277902, 51.7297818], [34.4278519, 51.7297951], [34.4279498, 51.7298018], [34.428037, 51.7298092], [34.4281, 51.7298126], [34.4281925, 51.7297843], [34.4282596, 51.7298258], [34.4283789, 51.7298491], [34.4284487, 51.7298823], [34.4285037, 51.729869], [34.428568, 51.7298923], [34.4286525, 51.7299147], [34.4287384, 51.7299471], [34.4288483, 51.7299438], [34.4289261, 51.7299479], [34.4290897, 51.7299471], [34.4292024, 51.7299189], [34.4292886, 51.7298863], [34.4293942, 51.7298516], [34.4294785, 51.7298114], [34.4294773, 51.7297652], [34.4294344, 51.7296988], [34.429433, 51.7296589], [34.4295095, 51.7295766], [34.4295645, 51.7295235], [34.4296448, 51.7294898], [34.4297482, 51.729457], [34.4298397, 51.7294523], [34.4299252, 51.7294919], [34.4299735, 51.7295301], [34.4300044, 51.7295766], [34.4299856, 51.7296581], [34.4299963, 51.7297137], [34.4300701, 51.7297635], [34.4302082, 51.7297934], [34.4304147, 51.7298126], [34.4305542, 51.7297743], [34.4306199, 51.729771], [34.4307165, 51.7297743], [34.4308345, 51.7297519], [34.4309646, 51.7297486], [34.430982, 51.7296306], [34.4310088, 51.729565], [34.4310611, 51.729521], [34.4311443, 51.7294678], [34.4311349, 51.7294305], [34.431159, 51.7294188], [34.4312167, 51.7293823], [34.431261, 51.7293682], [34.4312663, 51.729315], [34.4313039, 51.7293266], [34.4313978, 51.7293366], [34.4314903, 51.7293283], [34.4315587, 51.7293632], [34.4315962, 51.7294246], [34.4316472, 51.7294678], [34.4317156, 51.7294844], [34.4318242, 51.7295526], [34.4319275, 51.7295625], [34.4320643, 51.7295634], [34.4322534, 51.7295285], [34.4324251, 51.7294795], [34.4325578, 51.7295052], [34.4326343, 51.7295617], [34.4327013, 51.7295742], [34.432755, 51.7295883], [34.4328475, 51.7296705], [34.4329052, 51.7296921], [34.4329642, 51.7297511], [34.433054, 51.7298449], [34.4330715, 51.7299214], [34.43316, 51.7300028], [34.4332485, 51.7300401], [34.4333705, 51.7300327], [34.4334893, 51.730079], [34.4335328, 51.7301182], [34.4335315, 51.7301739], [34.4336012, 51.7302121], [34.4336629, 51.7302736], [34.4337192, 51.7302893], [34.4337393, 51.7303234], [34.4337903, 51.7303491], [34.4337916, 51.7304056], [34.4338506, 51.7304189], [34.4339901, 51.7304721], [34.4340894, 51.7305153], [34.4342369, 51.7305219], [34.4343737, 51.7304903], [34.4345158, 51.730502], [34.4345534, 51.7305352], [34.4344863, 51.7306299], [34.4344971, 51.7307395], [34.4344354, 51.7308425], [34.4343951, 51.7309538], [34.4343536, 51.7310369], [34.4344461, 51.7311225], [34.4344166, 51.7312421], [34.4344474, 51.7312877], [34.4345507, 51.7313176], [34.4345614, 51.7313492], [34.434721, 51.7313592], [34.4348069, 51.7314057], [34.4348015, 51.731458], [34.4348256, 51.7315245], [34.4349007, 51.7316291], [34.4349678, 51.7316923], [34.435059, 51.7317545], [34.4350617, 51.73186], [34.4351341, 51.7319223], [34.4352239, 51.7320478], [34.4352038, 51.7322355], [34.4352454, 51.7322587], [34.4352591, 51.7323073], [34.4352293, 51.7323443], [34.4351703, 51.7323459], [34.4350764, 51.7323451], [34.4350094, 51.7323542], [34.4349825, 51.7323933], [34.4349812, 51.7324315], [34.4350617, 51.7324498], [34.4351281, 51.7324926], [34.4351751, 51.7325987], [34.435177, 51.7327056], [34.4352025, 51.7327488], [34.435228, 51.7327745], [34.4352749, 51.7327861], [34.4353297, 51.7327298], [34.4354559, 51.7327529], [34.4354868, 51.7327155], [34.4355918, 51.7326986], [34.4356893, 51.7327114], [34.4357867, 51.7327652], [34.4359178, 51.7328089], [34.435985, 51.7327548], [34.4361329, 51.7327423], [34.4361922, 51.7327629], [34.4362432, 51.7327753], [34.436274, 51.7328061], [34.4362566, 51.7328426], [34.4362392, 51.7328609], [34.4362103, 51.7328588], [34.4361835, 51.7328422], [34.4361661, 51.7328497], [34.4361594, 51.7328696], [34.4361386, 51.7329597], [34.436105, 51.7330129], [34.436105, 51.7330918], [34.43616, 51.7331607], [34.4361989, 51.7332081], [34.4361828, 51.7332596], [34.4360822, 51.733346], [34.436038, 51.7335312], [34.4360085, 51.733631], [34.4359884, 51.7336599], [34.435869, 51.7336865], [34.4357818, 51.7337272], [34.4356652, 51.7337372], [34.4355418, 51.7337612], [34.4354694, 51.733777], [34.4354117, 51.7338235], [34.4353688, 51.7339116], [34.4353285, 51.7340112], [34.4353352, 51.7341566], [34.4353567, 51.7342305], [34.435409, 51.7342687], [34.4354358, 51.7342928], [34.4354747, 51.7343443], [34.4355082, 51.7343991], [34.4354412, 51.7344531], [34.4353285, 51.7345146], [34.435342, 51.7346109], [34.4353513, 51.7346475], [34.4353095, 51.7347091], [34.4353084, 51.7347662], [34.4353446, 51.7348144], [34.4354345, 51.7348393], [34.435528, 51.7348485], [34.4355994, 51.7348759], [34.4356288, 51.7349026], [34.4356357, 51.7349257], [34.4356209, 51.734968], [34.435575, 51.7350275], [34.435472, 51.7351009], [34.4354171, 51.7351167], [34.435358, 51.7351707], [34.4353057, 51.7352263], [34.4352816, 51.7352645], [34.4353299, 51.735287], [34.4353876, 51.7352986], [34.4354787, 51.7353343], [34.4355257, 51.7353883], [34.4355552, 51.7354248], [34.4357201, 51.7355702], [34.4358864, 51.7357205], [34.4360179, 51.7358085], [34.4361198, 51.7359024], [34.4362378, 51.735924], [34.4363572, 51.736022], [34.4364417, 51.7360369], [34.4365114, 51.736105], [34.436502, 51.7361732], [34.4365221, 51.7362421], [34.4365315, 51.7363384], [34.4365101, 51.7364314], [34.4365087, 51.7365834], [34.4366039, 51.7366515], [34.4365764, 51.7367445], [34.4364824, 51.7367715], [34.4363344, 51.7367794], [34.4362687, 51.7367703], [34.4362016, 51.7367803], [34.4361976, 51.7368533], [34.4362284, 51.7368658], [34.4362888, 51.7368741], [34.4363679, 51.7368799], [34.4363907, 51.736914], [34.4364645, 51.7369289], [34.4364765, 51.7369538], [34.4365503, 51.7369937], [34.4366495, 51.7369945], [34.4368359, 51.7370153], [34.4369003, 51.7370062], [34.4370773, 51.7371183], [34.4371524, 51.7371806], [34.4372034, 51.737213], [34.4372141, 51.7372429], [34.4371819, 51.7372553], [34.4371484, 51.7372719], [34.4371913, 51.737345], [34.4372383, 51.737355], [34.4372758, 51.7374073], [34.4373697, 51.7374679], [34.4373965, 51.7375061], [34.4374931, 51.7375966], [34.4375132, 51.7376706], [34.4375212, 51.737747], [34.4376098, 51.737889], [34.4378069, 51.7380169], [34.4380966, 51.7380858], [34.4384466, 51.7381556], [34.4385284, 51.7381963], [34.4385794, 51.7382594], [34.4386062, 51.7383308], [34.4385868, 51.7383869], [34.4386089, 51.7384209], [34.4386263, 51.7384421], [34.4386142, 51.7385135], [34.4386464, 51.7386563], [34.4386907, 51.7386954], [34.4388436, 51.7387053], [34.4389871, 51.7387203], [34.4391105, 51.7387734], [34.4392325, 51.7388465], [34.4392982, 51.7389279], [34.4393545, 51.7389977], [34.4393894, 51.7390948], [34.4394404, 51.7391447], [34.4395235, 51.7391812], [34.4395477, 51.739231], [34.4396013, 51.7392775], [34.4396925, 51.7393108], [34.4398722, 51.739339], [34.4399661, 51.7393573], [34.4400063, 51.7394038], [34.4399258, 51.7394536], [34.4398186, 51.7394852], [34.4397193, 51.7395001], [34.4395986, 51.7394669], [34.4395557, 51.7394387], [34.4394538, 51.7394436], [34.4392151, 51.7394685], [34.4391105, 51.7394187], [34.4390059, 51.7394229], [34.4389322, 51.7394436], [34.4388691, 51.7394519], [34.4388503, 51.7394893], [34.4388154, 51.7395665], [34.4388054, 51.7396625], [34.4388174, 51.7397642], [34.43881, 51.7398643], [34.4388261, 51.739917], [34.4388905, 51.7399718], [34.4390032, 51.740005], [34.4391239, 51.7400432], [34.4392097, 51.7400947], [34.4392768, 51.7401595], [34.4393277, 51.740211], [34.4393572, 51.7402708], [34.4393733, 51.7403289], [34.439325, 51.7403854], [34.4392285, 51.7404169], [34.4390675, 51.7404302], [34.4389093, 51.7404435], [34.4388503, 51.7405066], [34.438861, 51.7405764], [34.4389871, 51.7408255], [34.43903, 51.7409052], [34.4390407, 51.7410115], [34.4390488, 51.7410796], [34.4389951, 51.7412175], [34.4390112, 51.7412789], [34.4390488, 51.7413387], [34.438971, 51.7414334], [34.4389173, 51.7415447], [34.4388691, 51.7416659], [34.4388288, 51.741719], [34.4388556, 51.7418087], [34.4388664, 51.7418586], [34.4389951, 51.7418951], [34.4391051, 51.7418901], [34.439207, 51.7418652], [34.4393519, 51.7418187], [34.4394672, 51.7417855], [34.4396254, 51.7417971], [34.4396818, 51.7417971], [34.4397622, 51.7418204], [34.4398615, 51.7418934], [34.4399017, 51.7419914], [34.4399285, 51.7421077], [34.4400948, 51.742312], [34.4402075, 51.7424847], [34.4403174, 51.7426292], [34.440347, 51.7427089], [34.4403389, 51.7428982], [34.4403571, 51.7430414], [34.4404489, 51.743237], [34.4404811, 51.74334], [34.440473, 51.7434048], [34.4404033, 51.7434828], [34.4403066, 51.7435262], [34.4400761, 51.7435958], [34.4399849, 51.7436838], [34.4398829, 51.7437635], [34.4398454, 51.7438615], [34.439891, 51.7438997], [34.4399983, 51.7439395], [34.4400204, 51.7439603], [34.4400271, 51.7439877], [34.4400211, 51.7440475], [34.4400191, 51.7441143], [34.4400419, 51.7441575], [34.4400854, 51.7441812], [34.4400734, 51.7442534], [34.4400861, 51.744329], [34.4398682, 51.744412], [34.4397502, 51.7444984], [34.4396509, 51.7444984], [34.439553, 51.7444261], [34.4394524, 51.7443896], [34.4392499, 51.7443863], [34.4391405, 51.7444064], [34.4390206, 51.7444112], [34.4389616, 51.7444477], [34.4389723, 51.744549], [34.4389456, 51.7446166], [34.4389348, 51.744706], [34.4389522, 51.744848], [34.4389388, 51.744926], [34.4389053, 51.7449745], [34.4388154, 51.7450107], [34.4386499, 51.7450889], [34.4384962, 51.7451909], [34.4383594, 51.7452756], [34.4382897, 51.7453454], [34.4382897, 51.745411], [34.4383581, 51.745587], [34.4383085, 51.7456601], [34.4383219, 51.7457572], [34.4383112, 51.7458087], [34.4382884, 51.7458444], [34.4381895, 51.745892], [34.4380832, 51.7459108], [34.4380201, 51.7458901], [34.4379853, 51.7459532], [34.4379544, 51.7459382], [34.4378938, 51.7459316], [34.4378098, 51.7458712], [34.4377258, 51.7459253], [34.4376921, 51.7460169], [34.4374872, 51.7460793], [34.4373796, 51.746123], [34.4371981, 51.7461043], [34.4371309, 51.7461209], [34.4370234, 51.7462894], [34.4371175, 51.7463373], [34.4374267, 51.7463456], [34.4374757, 51.7463845], [34.4374917, 51.7464381], [34.4374803, 51.7464688], [34.4374334, 51.7464934], [34.4373561, 51.7464996], [34.4372855, 51.7465766], [34.4372318, 51.7465641], [34.4371377, 51.7465703], [34.4371074, 51.7466307], [34.4370503, 51.7466869], [34.4370872, 51.7467389], [34.4370693, 51.7468591], [34.4371082, 51.7469031], [34.43708, 51.7469529], [34.437025, 51.7469803], [34.4369259, 51.7469573], [34.4366571, 51.7469449], [34.4365697, 51.7469885], [34.4365294, 51.7470593], [34.436563, 51.7471279], [34.4366066, 51.747202], [34.4366302, 51.7472923], [34.4366965, 51.7473705], [34.4367072, 51.7473888], [34.4366911, 51.7474029], [34.4366375, 51.7474004], [34.4365919, 51.7473838], [34.4365127, 51.7473838], [34.4363681, 51.747413], [34.4362236, 51.7474588], [34.4362807, 51.747567], [34.4362874, 51.7476876], [34.4363614, 51.7477771], [34.4365221, 51.7478247], [34.4366053, 51.7478447], [34.4366468, 51.7478779], [34.4367233, 51.7479609], [34.4368078, 51.7480805], [34.4368333, 51.7481934], [34.4368413, 51.7483213], [34.4369124, 51.7483951], [34.436958, 51.7485039], [34.4369714, 51.7485595], [34.436954, 51.748606], [34.4369137, 51.7486833], [34.4369285, 51.7487314], [34.4369178, 51.7487754], [34.4368735, 51.748807], [34.4368038, 51.7488161], [34.4367032, 51.748812], [34.4365194, 51.7488128], [34.4364497, 51.7488169], [34.436384, 51.7488526], [34.4363424, 51.7489182], [34.4363411, 51.7489656], [34.4363558, 51.7490096], [34.4363183, 51.7490428], [34.4362257, 51.7490536], [34.4361493, 51.7490386], [34.4360326, 51.7490062], [34.4359146, 51.748988], [34.4358341, 51.7489871], [34.4357295, 51.7489714], [34.4356732, 51.7489921], [34.4356397, 51.7490544], [34.4356209, 51.74913], [34.4356254, 51.7492709], [34.4355851, 51.7493542], [34.435574, 51.7494903], [34.4355257, 51.7495733], [34.4354318, 51.749673], [34.4353728, 51.7497294], [34.4352994, 51.749737], [34.4352615, 51.7497576], [34.4352253, 51.7498307], [34.4352186, 51.7498963], [34.4352145, 51.749942], [34.4352669, 51.7499843], [34.4353715, 51.7500599], [34.4354801, 51.7500889], [34.4355793, 51.7501089], [34.435641, 51.750152], [34.4358382, 51.7501861], [34.4358945, 51.750216], [34.4359468, 51.7502342], [34.4359723, 51.7502625], [34.4359629, 51.750289], [34.4359481, 51.750333], [34.4358958, 51.7503579], [34.4357617, 51.750382], [34.4356786, 51.7504343], [34.4356276, 51.7504684], [34.4356222, 51.7504982], [34.4356383, 51.7505232], [34.4356745, 51.7505414], [34.4357537, 51.7505464], [34.4359079, 51.7505481], [34.4360581, 51.7505672], [34.4361399, 51.7505804], [34.4361949, 51.7506053], [34.4362566, 51.7506269], [34.4362713, 51.7506626], [34.4362311, 51.750727], [34.4362016, 51.7508096], [34.4362096, 51.7508665], [34.436266, 51.7509109], [34.4363143, 51.7509436], [34.4364723, 51.7509228], [34.4365919, 51.7508793], [34.4366375, 51.7508818], [34.4366683, 51.7508934], [34.4367085, 51.7509316], [34.4367327, 51.750974], [34.4367112, 51.751018], [34.4365811, 51.7512637], [34.4365382, 51.7513501], [34.4365463, 51.7513899], [34.4365704, 51.7514215], [34.4366415, 51.7514348], [34.4366992, 51.7514215], [34.4367109, 51.7514325], [34.436726, 51.7514954], [34.4367287, 51.7515659], [34.4366133, 51.7518325], [34.4366106, 51.751923], [34.4365798, 51.7519636], [34.4364873, 51.7519919], [34.4362901, 51.7520027], [34.4361104, 51.7519786], [34.4360393, 51.7519362], [34.4359079, 51.751874], [34.4358167, 51.7518931], [34.4357416, 51.7519387], [34.4356758, 51.7520587], [34.4356772, 51.7521023], [34.4357027, 51.7521274], [34.4358207, 51.7522077], [34.435873, 51.75227], [34.4359441, 51.7522692], [34.4359508, 51.752304], [34.4360273, 51.7523472], [34.4360071, 51.7524003], [34.4360287, 51.7524873], [34.4360299, 51.7525332], [34.4360715, 51.7525788], [34.4360541, 51.7526361], [34.4360957, 51.7527083], [34.4360527, 51.7527142], [34.4359709, 51.7527233], [34.4359079, 51.7527017], [34.435818, 51.7526619], [34.435696, 51.7525763], [34.4356155, 51.7525149], [34.4356263, 51.7524751], [34.435413, 51.7525025], [34.4352356, 51.752506], [34.4350871, 51.7525191], [34.4350509, 51.7525548], [34.4350228, 51.7526104], [34.4350255, 51.7526436], [34.4350496, 51.7526677], [34.4351408, 51.7526602], [34.43524, 51.7526627], [34.4353111, 51.7526942], [34.4353192, 51.7527565], [34.4352669, 51.7527665], [34.435287, 51.7528237], [34.4353098, 51.7529209], [34.4352601, 51.7529416], [34.4352896, 51.7529823], [34.435342, 51.7530371], [34.4353755, 51.7530537], [34.4354868, 51.7530355], [34.4355391, 51.7531035], [34.4355579, 51.7531276], [34.4356343, 51.7531575], [34.4357134, 51.7531699], [34.4357577, 51.7531998], [34.4357617, 51.7532264], [34.4358408, 51.753243], [34.4358677, 51.7532737], [34.4358744, 51.7532878], [34.4358583, 51.7533086], [34.4358194, 51.753336], [34.4357912, 51.7533692], [34.4357818, 51.7533949], [34.4357456, 51.7533924], [34.435688, 51.7534082], [34.4356303, 51.7533609], [34.4355498, 51.753326], [34.4354895, 51.7533127], [34.4354271, 51.7533319], [34.4353648, 51.75339], [34.4354003, 51.7534214], [34.4353728, 51.7534655], [34.4352669, 51.753453], [34.4352843, 51.7534813], [34.4352736, 51.7535087], [34.4352186, 51.7535211], [34.4352293, 51.7535577], [34.4351931, 51.7535792], [34.4351394, 51.7535568], [34.4350469, 51.7536058], [34.4350483, 51.7536465], [34.4349879, 51.7536598], [34.4349517, 51.7537278], [34.4349262, 51.7537968], [34.4349517, 51.7538648], [34.4349903, 51.7538895], [34.4350576, 51.7539329], [34.4351569, 51.7539395], [34.4352829, 51.7539512], [34.4354023, 51.7539312], [34.4354452, 51.7539005], [34.435472, 51.7538557], [34.4355243, 51.7538001], [34.4355673, 51.7537801], [34.4356321, 51.7538791], [34.4355414, 51.7541557], [34.4355378, 51.7541944], [34.4355538, 51.7542251], [34.4356075, 51.7542417], [34.4356853, 51.7542525], [34.4357215, 51.7542268], [34.4357657, 51.754211], [34.4358382, 51.7542218], [34.4358663, 51.7542127], [34.4359227, 51.7542309], [34.4359401, 51.7542741], [34.4359294, 51.7543015], [34.4359025, 51.7543729], [34.4358408, 51.7544435], [34.4357899, 51.7545365], [34.4357939, 51.7545946], [34.435802, 51.7546518], [34.4358838, 51.7546909], [34.4359776, 51.7547282], [34.4360608, 51.7547407], [34.4361252, 51.7547481], [34.4361665, 51.7547985], [34.4362311, 51.7548478], [34.4363008, 51.7548677], [34.4363961, 51.7549648], [34.4363947, 51.7550121], [34.4364588, 51.7550794], [34.4364537, 51.7552081], [34.4364242, 51.7552936], [34.4363612, 51.7553417], [34.4363961, 51.7553741], [34.4364323, 51.7553907], [34.4364698, 51.7554247], [34.4364185, 51.7554434], [34.436384, 51.7555476], [34.4364122, 51.7555999], [34.4364484, 51.7556207], [34.436494, 51.7556124], [34.4365302, 51.7555816], [34.4365919, 51.7556223], [34.4365999, 51.7556514], [34.4365838, 51.7556738], [34.4365315, 51.7556804], [34.4364725, 51.7556481], [34.4364588, 51.7556806], [34.4365355, 51.7557269], [34.4365798, 51.7558066], [34.4365852, 51.7559054], [34.4366267, 51.7559237], [34.4366656, 51.7559477], [34.4366777, 51.7559917], [34.4365691, 51.7559743], [34.4365489, 51.756025], [34.4365025, 51.7560696], [34.4365248, 51.7561387], [34.4366468, 51.7561652], [34.4367474, 51.7561968], [34.4368064, 51.7562225], [34.4368426, 51.7562574], [34.4369043, 51.7563354], [34.4369312, 51.756401], [34.4368628, 51.7564923], [34.4368292, 51.7565521], [34.4368346, 51.756621], [34.4368346, 51.7566692], [34.4368145, 51.7567107], [34.4367541, 51.7567522], [34.4366941, 51.7567685], [34.4365832, 51.7567644], [34.4364806, 51.7567688], [34.4364712, 51.7568128], [34.4364524, 51.7568551], [34.4364631, 51.7568891], [34.4363706, 51.7568817], [34.4363411, 51.7568983], [34.4364041, 51.7569464], [34.436384, 51.7570178], [34.4363813, 51.7570585], [34.4364645, 51.7570676], [34.4365597, 51.7570859], [34.4365932, 51.7571382], [34.4366415, 51.7571942], [34.4366134, 51.7572324], [34.4365329, 51.7573183], [34.4365248, 51.757398], [34.4365409, 51.7574412], [34.4366026, 51.7574661], [34.4367313, 51.7574893], [34.4368601, 51.7574943], [34.4369888, 51.7574279], [34.4371256, 51.7573947], [34.4372015, 51.7573988], [34.4374046, 51.7574993], [34.4375011, 51.7575458], [34.4374475, 51.757652], [34.4374529, 51.7577151], [34.4375306, 51.7577583], [34.4376847, 51.7577763], [34.4379973, 51.7577923], [34.4380966, 51.7578496], [34.4382374, 51.7578654], [34.4383366, 51.757872], [34.4384547, 51.7579002], [34.438515, 51.757926], [34.4385351, 51.75796], [34.4384949, 51.7580023], [34.4384252, 51.7580131], [34.4383644, 51.7579998], [34.4383071, 51.7580264], [34.4382843, 51.7580671], [34.4383353, 51.7581526], [34.4384198, 51.7582182], [34.4385485, 51.7583078], [34.4386008, 51.7583825], [34.4385545, 51.758394], [34.4384788, 51.7583967], [34.4383702, 51.7583933], [34.4382924, 51.7584157], [34.4381502, 51.7585112], [34.4380496, 51.7585502], [34.4380108, 51.7585859], [34.4379745, 51.7586258], [34.4379799, 51.7586714], [34.4380027, 51.7587096], [34.4380832, 51.7587627], [34.4381797, 51.7587959], [34.438161, 51.7588839], [34.4380671, 51.7588972], [34.4379571, 51.7588989], [34.4377318, 51.7588258], [34.4376406, 51.7588242], [34.4374931, 51.7588408], [34.4374073, 51.7588706], [34.437359, 51.7589354], [34.4373643, 51.7590367], [34.4373348, 51.7591994], [34.4372222, 51.7593488], [34.4370988, 51.7595912], [34.4370478, 51.7597904], [34.4369191, 51.7600477], [34.4368681, 51.7601108], [34.4367689, 51.760139], [34.4366643, 51.7601158], [34.4365248, 51.7601922], [34.4364578, 51.7602569], [34.4364497, 51.7603466], [34.4364765, 51.7604428], [34.4365436, 51.7605375], [34.4366348, 51.7606919], [34.4366509, 51.7607749], [34.4365584, 51.7610091], [34.4368863, 51.7612356], [34.4368198, 51.7614856], [34.4365536, 51.7615327], [34.4364396, 51.7616327], [34.4364301, 51.7618327], [34.4364685, 51.7619851], [34.4364148, 51.76201], [34.4363531, 51.7620117], [34.4362535, 51.7619795], [34.435855, 51.7619269], [34.4354273, 51.7619328], [34.4352752, 51.7620504], [34.4352467, 51.7623799], [34.4353845, 51.7628534], [34.4354126, 51.7628785], [34.4354701, 51.7629299], [34.4357552, 51.7630064], [34.4357695, 51.7631123], [34.4356424, 51.7633364], [34.4356933, 51.7634377], [34.4358382, 51.7635207], [34.4359615, 51.7635323], [34.4359857, 51.7635771], [34.436042, 51.7636319], [34.4360903, 51.7637182], [34.4362378, 51.7638477], [34.4362727, 51.7639058], [34.4362351, 51.7639705], [34.4361547, 51.7640154], [34.4361493, 51.7640685], [34.4362123, 51.7640934], [34.4362378, 51.7641183], [34.4362096, 51.764149], [34.4361305, 51.7641714], [34.4359991, 51.764188], [34.4359066, 51.7641888], [34.4358543, 51.7642004], [34.4357629, 51.7643006], [34.4356745, 51.7643598], [34.4356075, 51.7644154], [34.4355994, 51.7644594], [34.4355673, 51.7645059], [34.4355968, 51.7645549], [34.4356383, 51.7645814], [34.4357564, 51.7645905], [34.4357657, 51.7646304], [34.4358784, 51.7647366], [34.4359066, 51.7647665], [34.4358395, 51.764813], [34.4358087, 51.7648487], [34.4357765, 51.7648802], [34.4357228, 51.7649317], [34.4356933, 51.7649524], [34.4356357, 51.7649458], [34.4355699, 51.7649657], [34.4354908, 51.7649732], [34.4354318, 51.7649931], [34.435354, 51.7649815], [34.4352856, 51.7649806], [34.4352508, 51.7649964], [34.4352253, 51.765047], [34.435181, 51.7650977], [34.4350228, 51.7651458], [34.4348976, 51.7651667], [34.4347988, 51.7651815], [34.4347318, 51.7651749], [34.4346837, 51.7651491], [34.4345494, 51.7650744], [34.434426, 51.765028], [34.4342865, 51.764984], [34.4341698, 51.7649815], [34.4340894, 51.7650006], [34.4340827, 51.7650396], [34.4339633, 51.7650877], [34.433911, 51.7650927], [34.433848, 51.7651375], [34.4337594, 51.7651417], [34.4336173, 51.7651442], [34.4335099, 51.7651903], [34.4334966, 51.7652205], [34.4334912, 51.7652645], [34.4335046, 51.7652902], [34.4335476, 51.7653102], [34.4335811, 51.7653367], [34.4335771, 51.7653533], [34.4335315, 51.7653807], [34.4334644, 51.765384], [34.4334295, 51.765394], [34.4334014, 51.7654181], [34.4334148, 51.7654521], [34.4334, 51.7654786], [34.4333692, 51.7654961], [34.4333236, 51.7655044], [34.4332941, 51.7655135], [34.4332378, 51.7655177], [34.4331895, 51.7655044], [34.4331694, 51.7654936], [34.4331747, 51.7654662], [34.4331761, 51.7654446], [34.4331962, 51.7654305], [34.4332042, 51.7654073], [34.4331881, 51.7653907], [34.4331881, 51.7653541], [34.4331868, 51.7653284], [34.43316, 51.7652861], [34.4331238, 51.765257], [34.4331023, 51.7652404], [34.4330581, 51.7652288], [34.4330111, 51.765228], [34.4329508, 51.7652089], [34.432873, 51.7651956], [34.4328193, 51.7652023], [34.4327644, 51.7652247], [34.4326946, 51.7652255], [34.4326463, 51.7652172], [34.4326101, 51.7651898], [34.4325618, 51.7651823], [34.4325136, 51.7652014], [34.4324546, 51.7651906], [34.432421, 51.7651732], [34.4323781, 51.7651442], [34.4323567, 51.7651193], [34.4323406, 51.7650894], [34.432303, 51.7650753], [34.432244, 51.7650827], [34.4322065, 51.7650985], [34.4321501, 51.7650985], [34.432075, 51.7650512], [34.4319879, 51.7650379], [34.4319624, 51.7650238], [34.4318926, 51.7649591], [34.4318108, 51.7649458], [34.4316338, 51.76493], [34.4315507, 51.7649284], [34.4314581, 51.7649665], [34.4313683, 51.7649723], [34.4312677, 51.7650097], [34.4311792, 51.765028], [34.4310786, 51.765018], [34.4308707, 51.7650188], [34.4305158, 51.765005], [34.4304295, 51.7649748], [34.4303638, 51.7649748], [34.4303289, 51.7650031], [34.4302551, 51.7650321], [34.4301921, 51.7650429], [34.4300888, 51.7650329], [34.430054, 51.7650562], [34.4298789, 51.7651638], [34.4297388, 51.765267], [34.4296302, 51.765428], [34.4295725, 51.7655733], [34.4295846, 51.7657069], [34.4296007, 51.7657766], [34.429653, 51.7658297], [34.4297886, 51.7658903], [34.4300976, 51.7659815], [34.4301255, 51.7659768], [34.4302042, 51.7659501], [34.4302538, 51.7659335], [34.4303276, 51.7659418], [34.430359, 51.7659815], [34.4304107, 51.7660522], [34.4304764, 51.7660638], [34.430573, 51.766087], [34.4306132, 51.7661194], [34.4306146, 51.7662182], [34.4305783, 51.7662655], [34.4305301, 51.7662763], [34.4305274, 51.766307], [34.4305488, 51.7663451], [34.4305877, 51.7663626], [34.4305971, 51.7664207], [34.4306387, 51.7664564], [34.4306347, 51.7664987], [34.4306615, 51.7665468], [34.4306417, 51.7665707], [34.4305649, 51.766658], [34.4304751, 51.766658], [34.4304255, 51.7667029], [34.4303919, 51.7668124], [34.4304577, 51.7669012], [34.4304174, 51.7669867], [34.4304872, 51.7670714], [34.4306253, 51.7671884], [34.4306387, 51.767239], [34.430683, 51.7672788], [34.4307004, 51.7673494], [34.4306937, 51.7673959], [34.4307017, 51.7676482], [34.4307514, 51.7677727], [34.4308038, 51.7679106], [34.4307862, 51.7679843], [34.4307232, 51.7680822], [34.4306213, 51.7681594], [34.4304737, 51.7682042], [34.4303973, 51.7682341], [34.4303142, 51.7682466], [34.4302055, 51.7682432], [34.4301693, 51.7682748], [34.43018, 51.7683138], [34.4302015, 51.768342], [34.4302203, 51.7683935], [34.4301894, 51.7684599], [34.4300862, 51.768542], [34.4299695, 51.7686109], [34.4299842, 51.7686881], [34.4299735, 51.7687785], [34.4299386, 51.7688317], [34.4298756, 51.7688997], [34.4298998, 51.7689578], [34.4299065, 51.7689952], [34.4298716, 51.7690151], [34.4298904, 51.7691072], [34.4298743, 51.7691636], [34.4298904, 51.7692035], [34.4298528, 51.7692018], [34.4298474, 51.7692699], [34.4298689, 51.7693304], [34.42994, 51.7693794], [34.4299462, 51.7694319], [34.4298783, 51.7695346], [34.4299051, 51.7695719], [34.4298488, 51.7696408], [34.4297957, 51.7696738], [34.4297764, 51.7697155], [34.4297402, 51.7697321], [34.4296812, 51.7697338], [34.4296061, 51.7697263], [34.4295702, 51.7697691], [34.4295238, 51.7697944], [34.4294732, 51.7697954], [34.4294206, 51.769768], [34.4293777, 51.7697239], [34.4293066, 51.7696883], [34.429307, 51.7696425], [34.4293639, 51.769587], [34.4293673, 51.7695479], [34.4293311, 51.7695188], [34.4292761, 51.7694997], [34.4292024, 51.7694881], [34.4291179, 51.7695529], [34.4290455, 51.76965], [34.428961, 51.7697396], [34.4288926, 51.7698217], [34.4288564, 51.7698408], [34.4288, 51.76984], [34.4287531, 51.7698383], [34.4287142, 51.7698151], [34.4286686, 51.7697753], [34.4286042, 51.7697346], [34.4285332, 51.7697288], [34.4284795, 51.7697338], [34.428446, 51.7697554], [34.4284192, 51.7697985], [34.428387, 51.7698583], [34.4283293, 51.7698773], [34.4282301, 51.7699454], [34.4281965, 51.7699794], [34.4281677, 51.7700056], [34.4281288, 51.770013], [34.4280799, 51.7700056], [34.4280282, 51.7700097], [34.4280007, 51.7700267], [34.4279887, 51.7700541], [34.42799, 51.7701305], [34.4279954, 51.7702384], [34.4279729, 51.7703374], [34.4279578, 51.7704458], [34.427982, 51.7705653], [34.4279357, 51.7706405], [34.4278881, 51.7707794], [34.4278774, 51.7708658], [34.4279122, 51.7709471], [34.4279927, 51.7710566], [34.4280383, 51.7711446], [34.4280624, 51.771284], [34.4281035, 51.7714435], [34.4283186, 51.7716661], [34.4283959, 51.7718678], [34.4283623, 51.7719946], [34.4281563, 51.7722118], [34.4281349, 51.772323], [34.4281563, 51.7723429], [34.4281617, 51.7724359], [34.4281338, 51.7724625], [34.4279355, 51.7726392], [34.4277809, 51.7730489], [34.4278036, 51.7732831], [34.4278385, 51.773323], [34.427828, 51.7733837], [34.4277641, 51.7734565], [34.4277138, 51.7734931], [34.4277044, 51.7735553], [34.4276775, 51.773669], [34.4275931, 51.773718], [34.427467, 51.7737337], [34.4273838, 51.7737346], [34.4273777, 51.7737642], [34.4273037, 51.7738536], [34.4270517, 51.7739077], [34.4269145, 51.7738483], [34.4268179, 51.7737869], [34.4267669, 51.7737321], [34.4267022, 51.7736873], [34.4265644, 51.7736769], [34.4263998, 51.7737226], [34.4262989, 51.7738141], [34.4262063, 51.7738201], [34.4261473, 51.7738001], [34.4261232, 51.7737503], [34.4260335, 51.7736852], [34.4259394, 51.773706], [34.425899, 51.7738058], [34.425815, 51.7738619], [34.4256369, 51.773889], [34.4254588, 51.7739555], [34.4252706, 51.7740366], [34.425171, 51.7740574], [34.4250522, 51.7740532], [34.4249779, 51.7740242], [34.4248947, 51.7739545], [34.4246657, 51.7738308], [34.4245514, 51.7738167], [34.4244307, 51.7738184], [34.4243529, 51.7738483], [34.4243061, 51.7738973], [34.4243315, 51.773981], [34.4244227, 51.7740209], [34.4245407, 51.7740507], [34.4246748, 51.7740972], [34.4247329, 51.7741531], [34.4246963, 51.7743511], [34.4245756, 51.7744955], [34.424471, 51.7745387], [34.4243342, 51.7745586], [34.4241314, 51.7745565], [34.4238424, 51.7745336], [34.4236958, 51.7745337], [34.4236153, 51.7745951], [34.4235724, 51.7747013], [34.4235265, 51.7748122], [34.4233786, 51.7748164], [34.4232879, 51.7747644], [34.4231962, 51.774821], [34.4230065, 51.7749818], [34.4227919, 51.7750864], [34.4226819, 51.7751444], [34.4225988, 51.7752009], [34.4225585, 51.7752473], [34.4226041, 51.7752789], [34.4226605, 51.775332], [34.4225344, 51.7753884], [34.4223413, 51.7754349], [34.4220462, 51.7755892], [34.4218907, 51.775722], [34.4218746, 51.7757917], [34.4219309, 51.7758796], [34.4219255, 51.7759543], [34.4218558, 51.7760489], [34.4218424, 51.7760854], [34.4218719, 51.7761186], [34.4219765, 51.7761983], [34.4220167, 51.7762647], [34.4222018, 51.7763559], [34.4222957, 51.7764804], [34.4223869, 51.7765866], [34.422462, 51.7766397], [34.422631, 51.7766729], [34.4227061, 51.7767542], [34.4226766, 51.7768223], [34.4226551, 51.7768289], [34.4227034, 51.7768986], [34.4226283, 51.7769335], [34.422529, 51.7769202], [34.4225451, 51.7769965], [34.4224942, 51.7771094], [34.4224459, 51.7771824], [34.4223922, 51.7772322], [34.422403, 51.7772886], [34.4223627, 51.7774114], [34.4223574, 51.7774811], [34.4224486, 51.7775309], [34.4219872, 51.7777549], [34.4217941, 51.7777931], [34.4217297, 51.7777052], [34.4216627, 51.7776819], [34.4214669, 51.7776852], [34.4213489, 51.7777118], [34.4212496, 51.7777583], [34.4211343, 51.7778529], [34.4209036, 51.777896], [34.4207856, 51.7780105], [34.420791, 51.7781018], [34.4208392, 51.7781798], [34.4208822, 51.7782694], [34.4208768, 51.7783474], [34.4208339, 51.7784254], [34.4207963, 51.7785216], [34.4207695, 51.7786195], [34.4208205, 51.7787423], [34.4208017, 51.778817], [34.4206488, 51.778895], [34.4204718, 51.7789199], [34.4203833, 51.7788967], [34.4203699, 51.7788635], [34.4203457, 51.7787954], [34.4202438, 51.7787457], [34.4202626, 51.7786627], [34.4201472, 51.7785664], [34.4199219, 51.7785067], [34.4197084, 51.7785308], [34.419305, 51.7785996], [34.4189912, 51.7785996], [34.418782, 51.7786793], [34.4186318, 51.7786627], [34.4185325, 51.7787058], [34.4182874, 51.7788337], [34.4179505, 51.7788419], [34.4175965, 51.7788137], [34.4172746, 51.7788403], [34.417119, 51.7789199], [34.4168079, 51.7789946], [34.4166148, 51.7791008], [34.4164297, 51.7791506], [34.416199, 51.7791788], [34.415912, 51.7791871], [34.4158021, 51.7791771], [34.4157484, 51.779139], [34.4156626, 51.779119], [34.4155312, 51.7791788], [34.4153997, 51.7793497], [34.4153112, 51.7794642], [34.4151744, 51.7795571], [34.4149277, 51.7798127], [34.4146541, 51.7802442], [34.4145253, 51.7803603], [34.4143483, 51.7804632], [34.4141847, 51.7805379], [34.4138172, 51.7806358], [34.4134927, 51.7807685], [34.413144, 51.7809776], [34.4129106, 51.7811104], [34.4125807, 51.7812315], [34.4123286, 51.7812912], [34.4119853, 51.7813078], [34.4115105, 51.7813045], [34.4112316, 51.7813012], [34.411025, 51.7813327], [34.4106066, 51.781424], [34.4104108, 51.7815036], [34.4102794, 51.7816181], [34.4101426, 51.7816978], [34.4100568, 51.7817559], [34.410046, 51.7818339], [34.4100058, 51.7819201], [34.4099522, 51.7819666], [34.4098093, 51.782019], [34.4095418, 51.7819998], [34.4093969, 51.7820745], [34.4093138, 51.7821641], [34.4092816, 51.7822437], [34.4092709, 51.7823549], [34.409236, 51.7825739], [34.4093165, 51.7828328], [34.4093755, 51.7830435], [34.4095123, 51.7836193], [34.4095257, 51.7838815], [34.4096222, 51.78421], [34.4097429, 51.7844058], [34.4098341, 51.7847393], [34.4098207, 51.7849965], [34.4097805, 51.7852105], [34.4096866, 51.7853665], [34.4096008, 51.7855308], [34.4094318, 51.7857332], [34.4092602, 51.7858925], [34.4091341, 51.7860634], [34.4086593, 51.7865164], [34.4084367, 51.7867586], [34.4083375, 51.7871684], [34.4082785, 51.7875367], [34.4081712, 51.7876446], [34.4079432, 51.7878171], [34.4076586, 51.7881641], [34.4075863, 51.7882698], [34.4075648, 51.7885508], [34.4078672, 51.7888293], [34.4080022, 51.7889852], [34.4079995, 51.7890748], [34.4079005, 51.7894446], [34.4076317, 51.7898853], [34.4073292, 51.7901347], [34.4072015, 51.7903135], [34.4071612, 51.7904632], [34.4073427, 51.7906835], [34.4075221, 51.7908533], [34.4077688, 51.7910009], [34.4080263, 51.7911718], [34.4082838, 51.791283], [34.4084394, 51.7913261], [34.4085386, 51.7914306], [34.408603, 51.7915285], [34.4086406, 51.7917973], [34.4088498, 51.7918852], [34.4089678, 51.7919648], [34.4089839, 51.7920461], [34.4092548, 51.792222], [34.4092655, 51.7923746], [34.4093728, 51.7924045], [34.4094399, 51.7924758], [34.4093701, 51.7926732], [34.4093567, 51.7929519], [34.4093138, 51.793224], [34.4092011, 51.7933766], [34.4090509, 51.7934679], [34.4088471, 51.7935657], [34.4085842, 51.7936653], [34.4083697, 51.7937283], [34.4081694, 51.7939718], [34.4083038, 51.7942212], [34.4090297, 51.7946285], [34.4097556, 51.7948863], [34.4103867, 51.7950422], [34.4106549, 51.79514], [34.410738, 51.7952064], [34.4107756, 51.7953142], [34.4108051, 51.7954071], [34.4108158, 51.7955232], [34.4107917, 51.7956078], [34.4106951, 51.7957405], [34.4106844, 51.7958948], [34.4107354, 51.7959993], [34.4107997, 51.7961934], [34.4109768, 51.7963178], [34.4110787, 51.7963925], [34.4111055, 51.796638], [34.4111565, 51.7968221], [34.4112316, 51.7969183], [34.4108963, 51.7973131], [34.4108376, 51.7974094], [34.4109821, 51.7977942], [34.4110653, 51.797902], [34.4111913, 51.7980048], [34.4113335, 51.7981027], [34.4114542, 51.7981657], [34.41154, 51.7981674], [34.411658, 51.7981392], [34.411945, 51.7982006], [34.4120416, 51.7982553], [34.4121864, 51.7984593], [34.4122991, 51.7987015], [34.412342, 51.7988077], [34.4124547, 51.7989188], [34.4125888, 51.7990913], [34.4127524, 51.7993401], [34.4130689, 51.7996138], [34.4133049, 51.7997515], [34.4135866, 51.8000197], [34.4138756, 51.8005558], [34.4139728, 51.800823], [34.4142759, 51.8011879], [34.4142893, 51.8013405], [34.4142973, 51.8014748], [34.4143832, 51.8016954], [34.4143242, 51.8017701], [34.414241, 51.8018414], [34.4141605, 51.801931], [34.4140962, 51.8020587], [34.4139755, 51.8021068], [34.413954, 51.8022262], [34.4138682, 51.8023108], [34.4135544, 51.8024203], [34.4135061, 51.802485], [34.4135141, 51.8025894], [34.4136241, 51.8026956], [34.4137502, 51.8027619], [34.4138092, 51.802825], [34.413844, 51.8029411], [34.4139352, 51.8030373], [34.4140479, 51.8031633], [34.4140586, 51.8032529], [34.4141042, 51.8033176], [34.4142276, 51.8034154], [34.4143993, 51.8034602], [34.4145146, 51.8035382], [34.4146192, 51.8036592], [34.4147667, 51.8037604], [34.4148123, 51.8038251], [34.4149438, 51.8038367], [34.4150805, 51.8039379], [34.4151583, 51.8040059], [34.4151905, 51.8041087], [34.4152173, 51.8042132], [34.4151905, 51.8043724], [34.4151154, 51.8045847], [34.4150645, 51.8048749], [34.4150725, 51.8050391], [34.4151878, 51.8052149], [34.41533, 51.8053294], [34.4153568, 51.8055002], [34.4152763, 51.8056942], [34.4153032, 51.8059181], [34.4153649, 51.8059911], [34.415448, 51.8061238], [34.4155955, 51.806283], [34.4157618, 51.8064953], [34.4158489, 51.8066153], [34.4158986, 51.8067308], [34.4160274, 51.8068187], [34.4160569, 51.8069248], [34.4161078, 51.8071769], [34.416199, 51.8074224], [34.4163465, 51.8076313], [34.4163546, 51.8077176], [34.4162956, 51.8078021], [34.4163358, 51.8078834], [34.4164565, 51.8081106], [34.4166926, 51.8083046], [34.4169393, 51.808575], [34.4169581, 51.8087043], [34.4169313, 51.8088337], [34.4168267, 51.8089962], [34.4167811, 51.8091206], [34.4168588, 51.8092416], [34.4169849, 51.8093478], [34.4170305, 51.809507], [34.4169286, 51.8096678], [34.4169688, 51.809958], [34.4169876, 51.8101587], [34.4168803, 51.8102897], [34.416747, 51.810397], [34.416876, 51.8109363], [34.4169018, 51.8110958], [34.4166128, 51.8111947], [34.4162411, 51.8112649], [34.4163719, 51.8115195], [34.4164376, 51.8116527], [34.4161238, 51.8118648], [34.4159925, 51.8120475], [34.4160059, 51.8121155], [34.4160113, 51.8122067], [34.4161373, 51.8122465], [34.4163281, 51.8122822], [34.4165909, 51.8122732], [34.4167406, 51.8123273], [34.4167661, 51.8125439], [34.41658, 51.8126568], [34.4163427, 51.8127109], [34.4163318, 51.8128486], [34.4164814, 51.8129997], [34.41635, 51.8131193], [34.4161785, 51.8132637], [34.4162661, 51.8133246], [34.4164194, 51.8133878], [34.4164814, 51.8134668], [34.4165727, 51.8136653], [34.4165106, 51.8138413], [34.4163208, 51.8139338], [34.4162551, 51.8141482], [34.4161092, 51.8142272], [34.4160193, 51.8142347], [34.4158718, 51.8141974], [34.4158208, 51.8141493], [34.4156055, 51.8141121], [34.4152978, 51.8140705], [34.4152478, 51.8140873], [34.4151422, 51.8141004], [34.4148339, 51.8140962], [34.4147974, 51.8141391], [34.4147694, 51.814233], [34.414823, 51.8143264], [34.4148047, 51.8144527], [34.4146733, 51.8145475], [34.41452, 51.8145926], [34.4144543, 51.8146919], [34.4143832, 51.8147139], [34.4143295, 51.814757], [34.4140908, 51.8147752], [34.4139245, 51.8147902], [34.4138762, 51.8148598], [34.4139031, 51.8149129], [34.413954, 51.8149576], [34.4139215, 51.8149965], [34.4138414, 51.815009], [34.4137475, 51.8150041], [34.4137019, 51.8150803], [34.4136938, 51.8152146], [34.4138387, 51.8153771], [34.4138736, 51.8154932], [34.4138923, 51.815606], [34.4138816, 51.8156905], [34.4137958, 51.8157867], [34.4137877, 51.8158762], [34.4138467, 51.815979], [34.4139218, 51.8160918], [34.4139862, 51.8161664], [34.4139862, 51.8162891], [34.4139191, 51.8164632], [34.4137448, 51.8166274], [34.4137984, 51.8166937], [34.4137984, 51.8167318], [34.4137369, 51.8167487], [34.4135799, 51.8167767], [34.4133666, 51.8168015], [34.4132405, 51.8167998], [34.4131842, 51.81676], [34.4131923, 51.8166506], [34.4131654, 51.8165942], [34.4130689, 51.8165776], [34.4130069, 51.8165917], [34.412777, 51.8167857], [34.4127417, 51.8168711], [34.412621, 51.8168727], [34.4125915, 51.8169722], [34.4125995, 51.8171148], [34.4125727, 51.8172325], [34.4125653, 51.8172775], [34.4123901, 51.8173136], [34.4121821, 51.8172324], [34.4118968, 51.817201], [34.4116902, 51.8171878], [34.4115642, 51.8172558], [34.4113845, 51.817463], [34.4113442, 51.8175608], [34.4113308, 51.8176786], [34.4113764, 51.8178079], [34.4114381, 51.8180118], [34.4115213, 51.818108], [34.4116124, 51.8181627], [34.4116768, 51.8182307], [34.4116312, 51.8182838], [34.4115454, 51.8182987], [34.4114676, 51.8183335], [34.4114703, 51.8184181], [34.4114783, 51.8186137], [34.4114944, 51.8187629], [34.4115266, 51.8188491], [34.4115669, 51.8189022], [34.41176, 51.8189155], [34.4119531, 51.8188856], [34.412114, 51.8188127], [34.4122106, 51.8187646], [34.4123152, 51.8187745], [34.4123755, 51.8188004], [34.4125351, 51.8188806], [34.4125915, 51.8189768], [34.4126371, 51.8190862], [34.4126612, 51.8191608], [34.4127658, 51.819252], [34.4128624, 51.8192935], [34.412975, 51.8192985], [34.4132137, 51.8193134], [34.4133183, 51.8193814], [34.4133961, 51.8194908], [34.4135007, 51.8195521], [34.4137207, 51.8196052], [34.4139299, 51.8196218], [34.4141015, 51.8195803], [34.4142759, 51.8195588], [34.4144741, 51.8195629], [34.4146085, 51.8196118], [34.4147077, 51.8196698], [34.4148713, 51.8197909], [34.4148874, 51.8199185], [34.4147935, 51.8199683], [34.4147533, 51.8202219], [34.4146112, 51.8204706], [34.4145307, 51.8205469], [34.4143859, 51.8206082], [34.4142705, 51.8206911], [34.4142383, 51.820716], [34.4141552, 51.8207541], [34.4140559, 51.8207956], [34.4140184, 51.8208271], [34.4140452, 51.8209034], [34.4139755, 51.821036], [34.4139191, 51.82123], [34.4138414, 51.8213974], [34.4137931, 51.8215798], [34.413844, 51.8217373], [34.4139889, 51.821918], [34.4141149, 51.8220423], [34.4142008, 51.8221949], [34.4142839, 51.8222943], [34.4143966, 51.8223391], [34.4146004, 51.8223922], [34.4147144, 51.8224353], [34.4147895, 51.8224709], [34.4148673, 51.8225596], [34.4148834, 51.8226359], [34.414866, 51.8227212], [34.4146648, 51.8228133], [34.4146541, 51.8228978], [34.4145656, 51.822926], [34.4145012, 51.822926], [34.4143188, 51.8230172], [34.4142893, 51.8230636], [34.4143161, 51.8231299], [34.4143751, 51.8231498], [34.4143939, 51.8232095], [34.414469, 51.8232476], [34.4145817, 51.8232576], [34.4147238, 51.823294], [34.414764, 51.8233819], [34.4147506, 51.8234432], [34.4147989, 51.8235328], [34.4148579, 51.8237101], [34.4148982, 51.8237765], [34.4149008, 51.8238279], [34.4148123, 51.8238627], [34.4146266, 51.8238833], [34.4145039, 51.8239141], [34.4144395, 51.8239489], [34.4144475, 51.8240019], [34.4144824, 51.8240749], [34.4145575, 51.8241229], [34.4146192, 51.8242174], [34.4146407, 51.8242954], [34.4146326, 51.8243799], [34.4146219, 51.8245822], [34.4146621, 51.8246932], [34.4147667, 51.8248623], [34.414815, 51.8249518], [34.4149867, 51.8250165], [34.4151712, 51.8250461], [34.4153059, 51.8251127], [34.4154373, 51.8251856], [34.4155231, 51.8252817], [34.4155526, 51.825426], [34.4155741, 51.8255752], [34.4155875, 51.8256995], [34.4155526, 51.8257791], [34.4154963, 51.8258321], [34.4154373, 51.8258586], [34.415338, 51.8258885], [34.414815, 51.8259299], [34.4146487, 51.8259531], [34.4145226, 51.8259946], [34.4143805, 51.8260891], [34.4142625, 51.82623], [34.4141176, 51.8263261], [34.4139513, 51.8263825], [34.4137448, 51.8263924], [34.4133398, 51.826404], [34.4131279, 51.8264488], [34.4130287, 51.8265251], [34.4128865, 51.8266278], [34.4127819, 51.8266892], [34.4126531, 51.8267091], [34.4125029, 51.8267256], [34.4123561, 51.8266699], [34.4120711, 51.8266643], [34.4119075, 51.8266311], [34.4117653, 51.8266975], [34.4116285, 51.8267605], [34.4115615, 51.8268665], [34.4115669, 51.8270124], [34.4115561, 51.8271069], [34.4114864, 51.8272246], [34.4113791, 51.8272594], [34.4111994, 51.8273108], [34.411025, 51.8273937], [34.4108078, 51.827528], [34.410722, 51.8276291], [34.4106495, 51.827702], [34.4106227, 51.8277534], [34.4106576, 51.8278048], [34.4106925, 51.8278993], [34.4107166, 51.8280269], [34.4106951, 51.8281032], [34.4107461, 51.8281811], [34.4108346, 51.8282888], [34.4109312, 51.828438], [34.4108373, 51.8285822], [34.4106549, 51.8287977], [34.4103304, 51.8288674], [34.4098127, 51.8289204], [34.4095659, 51.8290696], [34.4093326, 51.8292155], [34.4091153, 51.8294558], [34.409059, 51.8296978], [34.4090536, 51.829779], [34.4090188, 51.8299349], [34.4087398, 51.8301387], [34.4083321, 51.8303957], [34.4080988, 51.8305764], [34.4079512, 51.8307073], [34.407801, 51.8309493], [34.4076723, 51.8311664], [34.4073826, 51.8313123], [34.4070416, 51.8314523], [34.4067294, 51.8315991], [34.4062746, 51.8316662], [34.4059285, 51.8316537], [34.4057465, 51.8316753], [34.4056027, 51.8317334], [34.4054165, 51.83174], [34.4052181, 51.8317002], [34.4049901, 51.831556], [34.4048372, 51.8314864], [34.4046977, 51.831493], [34.4044965, 51.8315924], [34.4042096, 51.8316952], [34.4039172, 51.8318477], [34.40359, 51.8318543], [34.4033191, 51.8318162], [34.4031018, 51.8318344], [34.4029704, 51.8319256], [34.4029114, 51.8320068], [34.4029087, 51.8321112], [34.4028363, 51.8323234], [34.4027826, 51.8324444], [34.4026163, 51.8325322], [34.4022784, 51.8326334], [34.4021067, 51.832703], [34.4020906, 51.8329102], [34.4021255, 51.8331124], [34.4021711, 51.8333328], [34.402324, 51.8334389], [34.4023079, 51.8335682], [34.4022864, 51.8336444], [34.401994, 51.8337472], [34.4015783, 51.8338814], [34.401404, 51.834014], [34.4011009, 51.8340505], [34.4009399, 51.8341284], [34.4008434, 51.8342958], [34.4007656, 51.8344632], [34.40072, 51.8345925], [34.4007093, 51.8347367], [34.4007951, 51.8347731], [34.4009131, 51.8348046], [34.4009882, 51.8348444], [34.4010606, 51.8348991], [34.4010097, 51.8349952], [34.4009963, 51.835151], [34.4009989, 51.8351941], [34.4009614, 51.8352356], [34.401007, 51.8352902], [34.4009212, 51.8354112], [34.4008461, 51.8354792], [34.400669, 51.8355737], [34.4003955, 51.8356151], [34.4002533, 51.8356698], [34.3998831, 51.8356134], [34.3994517, 51.8355675], [34.3990865, 51.8356714], [34.3989524, 51.835688], [34.39888, 51.8357609], [34.3987942, 51.8358438], [34.398711, 51.83593], [34.39823, 51.8359659], [34.3980539, 51.8359201], [34.3979815, 51.8359283], [34.3978876, 51.8359018], [34.3977213, 51.8359134], [34.3974745, 51.8359002], [34.3971419, 51.8358869], [34.3970427, 51.8358173], [34.3969408, 51.8357576], [34.3968603, 51.8357725], [34.3966243, 51.8357344], [34.3962753, 51.8357059], [34.3961924, 51.8356781], [34.3960583, 51.8356748], [34.3957686, 51.8356549], [34.3956238, 51.8356118], [34.3954629, 51.8356118], [34.3951705, 51.835688], [34.3949345, 51.8356897], [34.3946904, 51.8356648], [34.3944946, 51.8356085], [34.3941888, 51.8355355], [34.3925235, 51.8356877], [34.3899782, 51.8358513], [34.3896999, 51.8362707], [34.3892316, 51.8367194], [34.3888628, 51.8372737], [34.3876389, 51.8377498], [34.3875691, 51.8378973], [34.3875584, 51.8380348], [34.3876415, 51.8381641], [34.3877488, 51.8383646], [34.3876684, 51.8384773], [34.3874377, 51.8388303], [34.387604, 51.8391021], [34.3876174, 51.8392794], [34.387663, 51.8394021], [34.3878883, 51.8396208], [34.3879661, 51.8397534], [34.3879599, 51.8399159], [34.3875664, 51.840165], [34.3872768, 51.8403086], [34.3870729, 51.8403517], [34.3868959, 51.8404776], [34.3868798, 51.840587], [34.3868932, 51.8406649], [34.3867832, 51.8407212], [34.386735, 51.8408555], [34.3865338, 51.8409897], [34.3864372, 51.8412333], [34.3864775, 51.8413592], [34.3864936, 51.8414786], [34.386515, 51.8415531], [34.3865204, 51.8415929], [34.3866518, 51.8416012], [34.3868396, 51.8420354], [34.3868583, 51.8421563], [34.3868288, 51.8422425], [34.3868583, 51.8423784], [34.3869388, 51.8424347], [34.3869978, 51.8424811], [34.3870541, 51.8425889], [34.3870783, 51.8426535], [34.3870595, 51.8427082], [34.3871748, 51.8427761], [34.387258, 51.8429186], [34.3872312, 51.8430926], [34.3872634, 51.8431639], [34.3873036, 51.8431755], [34.3873063, 51.8432981], [34.3872848, 51.8434489], [34.3873653, 51.8434804], [34.3874055, 51.8435384], [34.3874994, 51.8436312], [34.3876094, 51.8436594], [34.3877032, 51.8437372], [34.3876925, 51.8437869], [34.3875048, 51.8438715], [34.3872392, 51.8439046], [34.3870649, 51.8439063], [34.3870005, 51.8439991], [34.3868718, 51.8440952], [34.3867001, 51.8441631], [34.3865526, 51.8442261], [34.3864292, 51.844347], [34.3862334, 51.8443785], [34.3859303, 51.8443056], [34.3857908, 51.8441797], [34.3856648, 51.8440521], [34.3853885, 51.8438814], [34.385182, 51.8438085], [34.3850881, 51.8438433], [34.3850237, 51.8439361], [34.3849325, 51.8440587], [34.3847313, 51.84413], [34.3842754, 51.8441117], [34.3839079, 51.8440223], [34.3835995, 51.8439228], [34.3830121, 51.8438731], [34.3828002, 51.8438698], [34.3827063, 51.8439725], [34.3825883, 51.8440057], [34.3822664, 51.8441134], [34.3819499, 51.8441813], [34.3815047, 51.8442078], [34.3811238, 51.8441681], [34.3807697, 51.8442062], [34.3801743, 51.8442592], [34.3799061, 51.8442609], [34.3795995, 51.8441811], [34.3793938, 51.844183], [34.3792006, 51.8441217], [34.3790156, 51.8440703], [34.3789431, 51.844014], [34.3789807, 51.8439311], [34.3789995, 51.8437289], [34.3788949, 51.8435566], [34.3787983, 51.8435003], [34.3786481, 51.8434738], [34.3784603, 51.8435168], [34.3782404, 51.8436295], [34.3778944, 51.8437339], [34.3773741, 51.8437671], [34.3769073, 51.8437505], [34.3761617, 51.8438731], [34.3753302, 51.8438383], [34.3747991, 51.8438383], [34.3743056, 51.8438383], [34.3739569, 51.8438847], [34.3732274, 51.8439212], [34.3728518, 51.8440007], [34.3726373, 51.8441001], [34.3722939, 51.8441797], [34.3721491, 51.8442228], [34.3719828, 51.844289], [34.3718702, 51.8444084], [34.3717468, 51.8444879], [34.3713739, 51.8444067], [34.371264, 51.8444514], [34.3711406, 51.8445857], [34.370926, 51.8446122], [34.3705988, 51.8445774], [34.3704191, 51.8446403], [34.3700597, 51.844642], [34.3698585, 51.8446785], [34.3696949, 51.8447928], [34.3692014, 51.844874], [34.3691397, 51.8449585], [34.3692443, 51.8451375], [34.3693837, 51.8452518], [34.3695769, 51.8453711], [34.3697378, 51.8454622], [34.3699336, 51.8455815], [34.3699497, 51.8456743], [34.3698665, 51.8457837], [34.3698639, 51.8458997], [34.3698049, 51.8459809], [34.3695098, 51.8460554], [34.369424, 51.8461549], [34.3693702, 51.8461927], [34.3694133, 51.8463653], [34.3692952, 51.8464747], [34.3691584, 51.846536], [34.3690538, 51.8465277], [34.3684772, 51.8464399], [34.3684101, 51.8464863], [34.368394, 51.8465757], [34.3684208, 51.8466602], [34.3686059, 51.8469022], [34.3687212, 51.847053], [34.36874, 51.8471756], [34.3687481, 51.8473429], [34.3687105, 51.8475103], [34.3685871, 51.847608], [34.3684396, 51.847734], [34.3684396, 51.8478267], [34.3685871, 51.8479361], [34.3685871, 51.8480289], [34.3684745, 51.8481134], [34.3684664, 51.848183], [34.368445, 51.8483305], [34.3683055, 51.8483454], [34.3683028, 51.8483719], [34.3682465, 51.8484183], [34.3681285, 51.8484183], [34.3680748, 51.8483835], [34.3679702, 51.8483802], [34.3678495, 51.8483901], [34.3677905, 51.8484282], [34.3676859, 51.8485359], [34.3675357, 51.8486867], [34.3674123, 51.8488656], [34.3671817, 51.8490827], [34.3670905, 51.8492053], [34.367179, 51.8493544], [34.367187, 51.8496493], [34.3673962, 51.8499708], [34.3674552, 51.850279], [34.3678125, 51.8513217], [34.3682349, 51.8514996], [34.3686327, 51.8515928], [34.3688822, 51.8516376], [34.3690109, 51.851727], [34.3691128, 51.8518728], [34.3691853, 51.8520236], [34.3691021, 51.8521164], [34.3688849, 51.8522075], [34.3687427, 51.8523085], [34.3683752, 51.8523168], [34.367871, 51.8522754], [34.3676269, 51.8522472], [34.3674928, 51.8524096], [34.3674713, 51.8525256], [34.3675491, 51.852625], [34.3677154, 51.8527161], [34.3677503, 51.8528056], [34.3675947, 51.8528851], [34.3674043, 51.8529182], [34.3671575, 51.8529497], [34.366903, 51.8530867], [34.3661835, 51.8533466], [34.3654114, 51.8535544], [34.3652397, 51.853841], [34.3650781, 51.8540644], [34.364824, 51.8544573], [34.3646926, 51.8545451], [34.3646899, 51.8546015], [34.3645611, 51.8546976], [34.3642366, 51.854898], [34.3635124, 51.8550388], [34.363215, 51.855364], [34.3632829, 51.8555548], [34.363381, 51.8556402], [34.363389, 51.8557214], [34.3633702, 51.8558788], [34.3634346, 51.8561471], [34.3634695, 51.8563227], [34.3634373, 51.8564602], [34.3635258, 51.8565729], [34.3635017, 51.8567104], [34.3636331, 51.8568661], [34.3637994, 51.8570152], [34.3638048, 51.857156], [34.3639684, 51.8573001], [34.3641239, 51.8573946], [34.3642285, 51.8574144], [34.3643653, 51.857431], [34.3645252, 51.8574973], [34.3646362, 51.8576074], [34.3646805, 51.8576853], [34.3646456, 51.8577623], [34.3645222, 51.8578203], [34.364427, 51.8578352], [34.364301, 51.8578319], [34.3640609, 51.8577938], [34.3638508, 51.8577783], [34.363495, 51.8578066], [34.362933, 51.8581231], [34.3627058, 51.8583326], [34.3626762, 51.8584698], [34.3626321, 51.8584915], [34.3627288, 51.8586007], [34.362832, 51.8587822], [34.3628559, 51.858947], [34.3627979, 51.8590067], [34.3627205, 51.859063], [34.362599, 51.8590852], [34.3623803, 51.8591454], [34.3623062, 51.8591603], [34.3621736, 51.8592046], [34.361739, 51.8593053], [34.3610154, 51.8596373], [34.3608542, 51.8598137], [34.3603566, 51.8599673], [34.3600489, 51.8600875], [34.3594427, 51.8601568], [34.3591055, 51.860267], [34.3588613, 51.8603904], [34.3586978, 51.8603941], [34.3586449, 51.860352], [34.3583229, 51.8603159], [34.3580565, 51.8603064], [34.3580189, 51.860372], [34.357934, 51.8604218], [34.3578875, 51.860398], [34.3577643, 51.8604782], [34.3575935, 51.8606365], [34.3570875, 51.8608313], [34.3569035, 51.8608394], [34.3566172, 51.8610301], [34.3554581, 51.8613929], [34.3547122, 51.8616587], [34.3545414, 51.8617013], [34.3544165, 51.8617175], [34.3543147, 51.8617033], [34.3542358, 51.8616911], [34.3540847, 51.8617479], [34.3538941, 51.8618048], [34.3537726, 51.8618514], [34.35372, 51.8619224], [34.353559, 51.8620097], [34.3532962, 51.8620766], [34.3530341, 51.8621705], [34.352846, 51.8622816], [34.3527442, 51.8623749], [34.3526001, 51.8624771], [34.3524419, 51.8625535], [34.3523368, 51.8626326], [34.3521889, 51.8626427], [34.3520247, 51.8625819], [34.3518768, 51.8625859], [34.3517984, 51.8626562], [34.3517348, 51.8627434], [34.3517107, 51.8627831], [34.3516704, 51.8628047], [34.351598, 51.8628196], [34.3515264, 51.8628401], [34.3513791, 51.8629347], [34.3510938, 51.8629806], [34.3509197, 51.8630155], [34.3507082, 51.8630136], [34.3503347, 51.8630614], [34.3493772, 51.8630929], [34.3492296, 51.8631508], [34.3489802, 51.8631624], [34.3487317, 51.863169], [34.3483123, 51.8633049], [34.3467425, 51.8637106], [34.3465064, 51.8638504], [34.3464712, 51.8640575], [34.3463725, 51.8642144], [34.3463026, 51.8642918], [34.3461541, 51.8643511], [34.346139, 51.8644368], [34.3460773, 51.8645447], [34.3459326, 51.8646324], [34.3458224, 51.8646981], [34.3456531, 51.8646982], [34.3455534, 51.8646988], [34.3453976, 51.8646529], [34.3454289, 51.8647706], [34.3452586, 51.8648715], [34.3449369, 51.8649142], [34.3448357, 51.864974], [34.3447708, 51.8649998], [34.3445667, 51.8650389], [34.344172, 51.8650997], [34.3440981, 51.8652282], [34.3440681, 51.8652633], [34.34402, 51.8652906], [34.3439095, 51.8652989], [34.3438538, 51.8654106], [34.3437494, 51.8655067], [34.3436298, 51.8655629], [34.3434368, 51.8657237], [34.3431123, 51.8659483], [34.3428871, 51.8660673], [34.3420108, 51.8663301], [34.3416062, 51.8663946], [34.3396677, 51.8670326], [34.3293909, 51.8709925], [34.3289074, 51.8711461], [34.3288472, 51.8711558], [34.328826, 51.8711592], [34.3287694, 51.8711745], [34.3287269, 51.8711876], [34.3286815, 51.8711964], [34.3286596, 51.8712007], [34.3286136, 51.8712095], [34.328557, 51.8712182], [34.328511, 51.8712248], [34.3284756, 51.8712306], [34.3284579, 51.8712335], [34.3284119, 51.8712379], [34.3283694, 51.8712423], [34.3283093, 51.8712466], [34.3282562, 51.8712466], [34.3282102, 51.8712466], [34.3281571, 51.8712488], [34.3281111, 51.8712532], [34.3280615, 51.8712619], [34.3280084, 51.871275], [34.3279341, 51.8713034], [34.3277825, 51.871368], [34.3277541, 51.8713981], [34.3277337, 51.8714257], [34.3277053, 51.8714583], [34.3276728, 51.8714935], [34.3276484, 51.8715361], [34.3276321, 51.8715713], [34.327628, 51.8716014], [34.327628, 51.8716466], [34.327628, 51.8716918], [34.3275814, 51.8718169], [34.3275467, 51.8719101], [34.3272256, 51.8723092], [34.327002, 51.8725552], [34.3269694, 51.8725854], [34.3269491, 51.872613], [34.3269206, 51.8726531], [34.3269003, 51.8726858], [34.3268841, 51.8727234], [34.32688, 51.8727636], [34.3268759, 51.8727987], [34.3268759, 51.8728701], [34.3268759, 51.8729468], [34.3268759, 51.8729794], [34.3268719, 51.8730171], [34.3268719, 51.8730497], [34.3268719, 51.8730823], [34.3268333, 51.8731439], [34.3267946, 51.8732154], [34.3265877, 51.8737862], [34.3265547, 51.8739393], [34.3265405, 51.8739656], [34.3265193, 51.8739983], [34.3265016, 51.8740224], [34.3264874, 51.874053], [34.3264697, 51.8740792], [34.3264414, 51.8740988], [34.3264096, 51.8741273], [34.3263742, 51.8741447], [34.3263352, 51.87416], [34.3262928, 51.874171], [34.3262326, 51.8741819], [34.3261901, 51.8741906], [34.3261335, 51.8741906], [34.3260875, 51.8741906], [34.3260379, 51.8741863], [34.3259929, 51.8741794], [34.3259459, 51.8741775], [34.3258928, 51.874171], [34.3258397, 51.87416], [34.3257973, 51.8741513], [34.3257477, 51.8741425], [34.3257053, 51.8741338], [34.3256628, 51.8741316], [34.325549, 51.8741529], [34.3254575, 51.8741688], [34.3253729, 51.8742001], [34.3252702, 51.8742736], [34.32464, 51.8748966], [34.3244393, 51.875095], [34.3242909, 51.875242], [34.3242075, 51.8753246], [34.3240544, 51.8753782], [34.3237889, 51.8753385], [34.3233973, 51.8752358], [34.323062, 51.8750984], [34.3228018, 51.8749344], [34.3225159, 51.8747723], [34.3223378, 51.8746678], [34.3221071, 51.8746181], [34.3218014, 51.8745535], [34.3215036, 51.8745237], [34.3211657, 51.8749005], [34.3206239, 51.8754726], [34.3201303, 51.8759487], [34.320066, 51.876], [34.3199413, 51.8760588], [34.3196154, 51.8761648], [34.3193552, 51.8762534], [34.3185425, 51.8765738], [34.3178639, 51.8768967], [34.3168339, 51.8774216], [34.3156618, 51.8780028], [34.3141249, 51.8787578], [34.3129072, 51.879344], [34.3118691, 51.8798539], [34.3115446, 51.8800725], [34.3078217, 51.8828756], [34.3075293, 51.8830743], [34.3068024, 51.8834137], [34.3057001, 51.8839071], [34.3043241, 51.8845196], [34.303763, 51.8848561], [34.3036495, 51.8849742], [34.3036428, 51.8851504], [34.3037528, 51.8852994], [34.3037608, 51.8854368], [34.3037796, 51.8860179], [34.3038118, 51.8860908], [34.3037742, 51.8862894], [34.303624, 51.8864153], [34.3035275, 51.8865311], [34.3035757, 51.8866437], [34.3036938, 51.8868093], [34.3037367, 51.8870013], [34.3036616, 51.8872099], [34.2749056, 51.8882313], [34.2749888, 51.8878158], [34.2749217, 51.8872066], [34.2747903, 51.8870361], [34.2743611, 51.8869003], [34.2737496, 51.8865775], [34.2732775, 51.8863573], [34.2728671, 51.8859534], [34.2725104, 51.8857497], [34.272159, 51.8855395], [34.2717567, 51.8853358], [34.2713249, 51.8851206], [34.2711908, 51.8849253], [34.2711478, 51.8847018], [34.2709359, 51.8843988], [34.2706034, 51.8840627], [34.2703646, 51.8838359], [34.269737, 51.883422], [34.2696378, 51.8832862], [34.2692837, 51.8830577], [34.2689189, 51.8829104], [34.2686561, 51.8828375], [34.2681894, 51.8824319], [34.2680526, 51.8821753], [34.267838, 51.8818905], [34.2678219, 51.8816719], [34.2675, 51.8814054], [34.2674142, 51.8813093], [34.2672721, 51.8812232], [34.267036, 51.881162], [34.2668134, 51.8810643], [34.2665291, 51.8809567], [34.2663896, 51.8807712], [34.2660838, 51.8805278], [34.2658666, 51.8804467], [34.2657217, 51.8804302], [34.2655581, 51.8802977], [34.2653435, 51.8802497], [34.2652899, 51.8801768], [34.2651746, 51.8801354], [34.2650002, 51.8800063], [34.2648715, 51.8799516], [34.2646837, 51.8798357], [34.2644638, 51.8798374], [34.2642224, 51.8797], [34.2640775, 51.8795294], [34.2638415, 51.8794566], [34.2638576, 51.8792397], [34.2636698, 51.8791618], [34.2636082, 51.8789963], [34.2635867, 51.8787512], [34.2635277, 51.878627], [34.2633453, 51.8785475], [34.2633227, 51.8784844], [34.2633024, 51.8784482], [34.2632353, 51.8784581], [34.2631388, 51.8784432], [34.2630798, 51.8784068], [34.2629301, 51.8784043], [34.2453611, 51.8816703], [34.2476249, 51.8831306], [34.2483383, 51.8835014], [34.248907, 51.8838425], [34.2492235, 51.8840677], [34.2496526, 51.8845511], [34.2499477, 51.8848623], [34.2506826, 51.8853557], [34.2521685, 51.8862398], [34.2534292, 51.8870212], [34.2536652, 51.8872198], [34.2545557, 51.8877065], [34.255532, 51.888137], [34.2565674, 51.8884945], [34.2589438, 51.8892991], [34.2545128, 51.8940863], [34.2548186, 51.8955462], [34.2548776, 51.8961718], [34.2553496, 51.8964234], [34.2556554, 51.8966783], [34.2560148, 51.896718], [34.2563957, 51.89692], [34.2567283, 51.897102], [34.2568195, 51.8972311], [34.2568356, 51.8973238], [34.2567283, 51.8975059], [34.2568892, 51.8976581], [34.2572379, 51.897731], [34.2574847, 51.8977972], [34.2579138, 51.8981083], [34.2581016, 51.8982341], [34.2578709, 51.8983268], [34.2579514, 51.8983996], [34.2581552, 51.8983831], [34.2583108, 51.8983467], [34.2583859, 51.8983897], [34.258182, 51.8986148], [34.2580372, 51.8988829], [34.2578494, 51.8990285], [34.2575705, 51.8991709], [34.2573988, 51.8993496], [34.2574686, 51.8994291], [34.257195, 51.8996442], [34.2565566, 51.9000646], [34.255988, 51.9005379], [34.255929, 51.9007299], [34.2560899, 51.9007895], [34.2562723, 51.9010179], [34.256503, 51.9010278], [34.2567337, 51.9011205], [34.2568517, 51.9012893], [34.2566693, 51.9015442], [34.2563581, 51.9016865], [34.2562777, 51.9018354], [34.2561865, 51.902279], [34.2557251, 51.9023584], [34.2556071, 51.902504], [34.2556554, 51.9028185], [34.2558593, 51.9030766], [34.2557841, 51.9032223], [34.2557949, 51.9034308], [34.256047, 51.9035466], [34.2560899, 51.9037386], [34.2562884, 51.9041159], [34.2560685, 51.9045826], [34.2560738, 51.904801], [34.2564762, 51.9051849], [34.2567337, 51.905496], [34.2564923, 51.9056019], [34.2563742, 51.905784], [34.257651, 51.9062804], [34.2574632, 51.9064988], [34.2574364, 51.9068066], [34.2576778, 51.9070416], [34.2583752, 51.9069655], [34.2588311, 51.9069522], [34.2593032, 51.9071277], [34.2595607, 51.9072898], [34.2600059, 51.9076141], [34.2601079, 51.9077763], [34.2600113, 51.9078392], [34.2596519, 51.9076704], [34.2594266, 51.9074387], [34.2589009, 51.90726], [34.2582464, 51.9073659], [34.2576671, 51.9076439], [34.2574954, 51.9078822], [34.2573934, 51.9081917], [34.2614916, 51.9092818], [34.2500873, 51.9161826], [34.2325645, 51.9129186], [34.2191173, 51.9203863], [34.2256683, 51.928502], [34.2219361, 51.9289025], [34.2213714, 51.9293158], [34.2214036, 51.9294745], [34.2215967, 51.9295738], [34.2218488, 51.9296184], [34.2219266, 51.9296846], [34.2217925, 51.9297706], [34.2215136, 51.9298384], [34.2210495, 51.9298053], [34.2207277, 51.9298583], [34.2204916, 51.9300303], [34.2202127, 51.9302221], [34.21951, 51.930543], [34.2188072, 51.9307084], [34.2181849, 51.9307017], [34.2181688, 51.9306488], [34.2183888, 51.9305959], [34.2185444, 51.9305562], [34.2185068, 51.93049], [34.2182976, 51.9304636], [34.2181206, 51.9304867], [34.2178363, 51.9305132], [34.217509, 51.9306488], [34.2170209, 51.9308374], [34.2170048, 51.930973], [34.2172891, 51.9310358], [34.2177343, 51.9310656], [34.217906, 51.9312012], [34.2177612, 51.9314096], [34.218024, 51.9316048], [34.2178523, 51.9318165], [34.2175519, 51.9318098], [34.2177665, 51.9320414], [34.2182493, 51.9321605], [34.2185604, 51.9323391], [34.2186355, 51.9325508], [34.2184532, 51.9327823], [34.2180025, 51.9326632], [34.2177129, 51.9324251], [34.2174446, 51.9322001], [34.217163, 51.9319454], [34.2171362, 51.9318164], [34.2169243, 51.9317453], [34.2167607, 51.9317801], [34.2167821, 51.9319107], [34.2168009, 51.9320281], [34.2165783, 51.9320314], [34.2162859, 51.9320166], [34.2163074, 51.9321935], [34.2164361, 51.9323986], [34.2164683, 51.9324383], [34.2161894, 51.9326764], [34.2156637, 51.9327294], [34.2152667, 51.9326037], [34.2148375, 51.9323986], [34.2142045, 51.932478], [34.2133355, 51.9327029], [34.2125416, 51.9329014], [34.2119729, 51.9330866], [34.2116403, 51.9333446], [34.2112863, 51.9336886], [34.211415, 51.9340458], [34.2122519, 51.9344758], [34.2125952, 51.9347139], [34.212091, 51.9348131], [34.2119408, 51.9349322], [34.2120159, 51.935038], [34.2121875, 51.935005], [34.2128312, 51.9349587], [34.213196, 51.9350446], [34.2132604, 51.9352166], [34.2134589, 51.9353291], [34.213829, 51.9353159], [34.2139041, 51.9354614], [34.2138237, 51.9355705], [34.2136145, 51.9356797], [34.2132014, 51.9357657], [34.2130458, 51.9357326], [34.2129385, 51.9355771], [34.2125362, 51.9353919], [34.212386, 51.9354415], [34.2123914, 51.9356532], [34.2124075, 51.9358384], [34.2124289, 51.9360269], [34.2122734, 51.9361625], [34.2120051, 51.9362089], [34.2117852, 51.9361559], [34.2116028, 51.9360468], [34.2116028, 51.9358715], [34.2115116, 51.9356466], [34.2110825, 51.9355871], [34.2108786, 51.9357127], [34.2110127, 51.9359806], [34.2112434, 51.9361295], [34.2113346, 51.9362353], [34.2116511, 51.9365164], [34.2118281, 51.9366057], [34.2119783, 51.936619], [34.2122465, 51.9365727], [34.2125308, 51.9363875], [34.2128581, 51.9362287], [34.2132765, 51.9361427], [34.2134374, 51.9363147], [34.2135018, 51.9365958], [34.213416, 51.9367711], [34.213078, 51.9369034], [34.2127508, 51.9369001], [34.2123216, 51.9368538], [34.2119139, 51.9368505], [34.2114472, 51.9371415], [34.2110932, 51.937168], [34.210825, 51.9370357], [34.2107284, 51.9368902], [34.2106533, 51.9365859], [34.2107606, 51.9363279], [34.2105997, 51.9361626], [34.2101383, 51.9362882], [34.2100739, 51.9365859], [34.2096555, 51.9368174], [34.2093336, 51.9371283], [34.2090118, 51.9376376], [34.2086041, 51.9378625], [34.2082071, 51.9381866], [34.2082018, 51.9383751], [34.2080784, 51.9387191], [34.2079067, 51.9388348], [34.2076921, 51.938815], [34.2076117, 51.938643], [34.2074829, 51.9384545], [34.2072952, 51.9384016], [34.2070109, 51.9384082], [34.2070001, 51.9385273], [34.207204, 51.9386199], [34.2072952, 51.9388348], [34.2074132, 51.9390134], [34.207145, 51.9393441], [34.2068553, 51.9394169], [34.2065978, 51.9392714], [34.2065334, 51.9390266], [34.2065334, 51.938643], [34.2059433, 51.938643], [34.2053318, 51.9388481], [34.2052567, 51.9392978], [34.2054713, 51.9397344], [34.2053318, 51.9400386], [34.2044949, 51.9399063], [34.2036474, 51.9398204], [34.2036044, 51.9405545], [34.203465, 51.9410175], [34.2030144, 51.9414011], [34.2028749, 51.9418443], [34.2028212, 51.9423998], [34.2028749, 51.9431141], [34.2030358, 51.9435506], [34.2033899, 51.9450122], [34.2035797, 51.9454149], [34.2023277, 51.9469929], [34.2016572, 51.9475781], [34.201287, 51.9479782], [34.1990125, 51.9497769], [34.1989267, 51.9500547], [34.1982883, 51.9505076], [34.1950571, 51.953645], [34.1945386, 51.9557039], [34.1925323, 51.9582471], [34.1921782, 51.9586867], [34.1917437, 51.9588553], [34.1912502, 51.9594437], [34.1912287, 51.9599297], [34.1913414, 51.9604883], [34.1913736, 51.9609048], [34.1913414, 51.9614006], [34.1911697, 51.9616948], [34.1900164, 51.966504], [34.1901237, 51.9668478], [34.1899145, 51.9681235], [34.1899896, 51.9682425], [34.1899306, 51.9683879], [34.1898018, 51.9686259], [34.1896141, 51.9690423], [34.1874307, 51.9691051], [34.1871571, 51.9692175], [34.1865563, 51.969234], [34.1859823, 51.9692241], [34.1855425, 51.969353], [34.1850275, 51.969353], [34.1845769, 51.9695149], [34.1822219, 51.9699214], [34.1818464, 51.9700503], [34.1814655, 51.9700041], [34.1806823, 51.9701362], [34.178617, 51.9704337], [34.1769862, 51.9707642], [34.1756773, 51.9707576], [34.1724586, 51.970665], [34.1695511, 51.9705659], [34.1684031, 51.970546], [34.1678452, 51.9706022], [34.1671801, 51.9705328], [34.1663486, 51.9704535], [34.1655868, 51.9704634], [34.1652542, 51.9704139], [34.1645086, 51.9701164], [34.1634464, 51.9699512], [34.1625774, 51.9699148], [34.1616654, 51.9699809], [34.1609788, 51.9699346], [34.1591924, 51.9698355], [34.1557646, 51.9696141], [34.1548258, 51.9695149], [34.1540801, 51.9693596], [34.1535062, 51.9691745], [34.1529322, 51.9690126], [34.1501534, 51.9685598], [34.149853, 51.9684507], [34.1495687, 51.9682756], [34.1466129, 51.9680872], [34.1453791, 51.9680806], [34.143244, 51.9680607], [34.1421338, 51.9727955], [34.13726, 51.9728412], [34.1372198, 51.9729932], [34.1372064, 51.9731898], [34.1370749, 51.973593], [34.1369006, 51.9740226], [34.1366914, 51.9742737], [34.1363856, 51.9747942], [34.1362354, 51.9751461], [34.1360316, 51.9756583], [34.1357419, 51.9760648], [34.1350365, 51.9769504], [34.1346019, 51.9773651], [34.1341916, 51.9777682], [34.133293, 51.9788702], [34.1308442, 51.9820751], [34.1306081, 51.9824221], [34.1303399, 51.982764], [34.130069, 51.9829656], [34.1299725, 51.9832051], [34.1297284, 51.9836247], [34.129369, 51.9840228], [34.129267, 51.9843119], [34.1292, 51.9845167], [34.1291906, 51.9847306], [34.134972, 51.9889157], [34.1349828, 51.9889849], [34.1350526, 51.9890295], [34.1350204, 51.9890642], [34.1349158, 51.9891038], [34.1348621, 51.9891286], [34.1349345, 51.9892013], [34.1350284, 51.9892492], [34.1350204, 51.9894011], [34.1351062, 51.9895068], [34.1351384, 51.9896225], [34.1352215, 51.9898801], [34.1350982, 51.9900139], [34.1350687, 51.9900899], [34.1350901, 51.9902353], [34.1351438, 51.9903426], [34.135184, 51.9904731], [34.135139, 51.9906836], [34.1352242, 51.9907886], [34.1355219, 51.9908579], [34.135758, 51.9910231], [34.1359994, 51.9913055], [34.1363293, 51.9916772], [34.1364017, 51.9919447], [34.1364419, 51.9922338], [34.1365244, 51.9923362], [34.1365451, 51.9923612], [34.1366914, 51.9925385], [34.1368872, 51.992792], [34.1374057, 51.9939535], [34.1380727, 51.9959233], [34.1391938, 51.9972339], [34.1393403, 51.9983132], [34.1395694, 51.9984665], [34.1395158, 51.9986185], [34.1397464, 51.9988596], [34.1402292, 51.9988464], [34.1406315, 51.9991469], [34.1405296, 51.9992625], [34.140358, 51.9993946], [34.1400951, 51.9993946], [34.1401166, 51.9994838], [34.1402185, 51.9995399], [34.1402829, 51.9996027], [34.1400254, 51.9997018], [34.1398483, 51.9997051], [34.1395235, 51.9997387], [34.1393495, 51.9998801], [34.1390973, 51.99989], [34.139033, 51.9999759], [34.1389149, 52.000141], [34.1387111, 52.0002335], [34.1384482, 52.0002104], [34.1382766, 52.0003293], [34.1379601, 52.0004515], [34.1376972, 52.0004316], [34.1371071, 52.0006793], [34.1368979, 52.0007388], [34.1368818, 52.0008015], [34.1370159, 52.0009072], [34.1366512, 52.0010294], [34.1359699, 52.0012474], [34.1357553, 52.0013696], [34.1346824, 52.0017989], [34.1345805, 52.001898], [34.1344759, 52.0019789], [34.1344196, 52.0020862], [34.1343793, 52.0021804], [34.1342372, 52.0022315], [34.1342086, 52.0022773], [34.1341943, 52.0023125], [34.1341594, 52.002357], [34.1340628, 52.0024297], [34.1341406, 52.0024693], [34.1341969, 52.0025453], [34.1342211, 52.0026097], [34.1341647, 52.0026642], [34.1341138, 52.0027021], [34.134087, 52.0027533], [34.1341352, 52.0027831], [34.1341567, 52.0028607], [34.1340762, 52.0029234], [34.1341192, 52.0030439], [34.134146, 52.0031562], [34.1340092, 52.0033577], [34.1340199, 52.0034997], [34.1340038, 52.0035575], [34.1339341, 52.0035575], [34.133749, 52.0035971], [34.1337624, 52.0036483], [34.1338348, 52.0037061], [34.1337651, 52.0037622], [34.1336927, 52.003782], [34.1337302, 52.0038613], [34.1336873, 52.0038828], [34.1336015, 52.0038283], [34.1334942, 52.0038151], [34.1334298, 52.0038629], [34.1334674, 52.0039009], [34.1335639, 52.0039851], [34.1335291, 52.0040231], [34.1333547, 52.0040677], [34.1333091, 52.0041981], [34.1332072, 52.0042576], [34.1330436, 52.004279], [34.1329685, 52.004317], [34.1329819, 52.0043715], [34.1329953, 52.004431], [34.1328987, 52.0044854], [34.1327485, 52.0044953], [34.1325393, 52.0044623], [34.1323704, 52.0045333], [34.1320807, 52.0045564], [34.1318232, 52.0045796], [34.1315711, 52.0046043], [34.1313297, 52.0046836], [34.1309515, 52.0047694], [34.1307959, 52.0047694], [34.1305491, 52.0047992], [34.1304874, 52.004857], [34.1303131, 52.0048867], [34.1302004, 52.0048338], [34.1300637, 52.0047843], [34.1298786, 52.0048206], [34.1295602, 52.00483], [34.1293287, 52.0047777], [34.1290551, 52.0047579], [34.1287225, 52.0047777], [34.1285026, 52.0047843], [34.1283256, 52.0047909], [34.1280842, 52.0048966], [34.1278589, 52.0050353], [34.1277194, 52.005098], [34.1275209, 52.0051773], [34.1273546, 52.0052532], [34.1273171, 52.0053754], [34.1271561, 52.0055009], [34.1270059, 52.005557], [34.1267753, 52.0056396], [34.1266411, 52.0056858], [34.1265365, 52.0057799], [34.1262898, 52.0058361], [34.1260645, 52.0058807], [34.1259277, 52.0059087], [34.1258606, 52.00595], [34.1258928, 52.0060144], [34.1259465, 52.0060722], [34.1260242, 52.0061333], [34.1260189, 52.0061993], [34.1258848, 52.0061993], [34.1258204, 52.0061779], [34.1257654, 52.0061952], [34.1257399, 52.0061564], [34.1256903, 52.0061589], [34.1256072, 52.006149], [34.1254811, 52.0061011], [34.1253859, 52.0060846], [34.1253135, 52.0061044], [34.1252048, 52.0060532], [34.1250586, 52.006087], [34.1249607, 52.006092], [34.1248682, 52.006158], [34.1246872, 52.0062934], [34.1246496, 52.0063479], [34.1245893, 52.0063603], [34.1245504, 52.0064594], [34.1245557, 52.006532], [34.1246027, 52.0066005], [34.1245705, 52.006636], [34.1244484, 52.0066625], [34.1244015, 52.006655], [34.1243626, 52.0066327], [34.1243331, 52.006617], [34.1242285, 52.0065527], [34.1240743, 52.0064891], [34.1239429, 52.0064602], [34.123845, 52.0065097], [34.123802, 52.0065056], [34.1236652, 52.0064957], [34.1235727, 52.0064676], [34.1234292, 52.0064808], [34.123385, 52.0063925], [34.1233635, 52.0063198], [34.1233085, 52.0062769], [34.1232589, 52.0062604], [34.1230698, 52.0062711], [34.1228673, 52.0062794], [34.1227238, 52.0062621], [34.122473, 52.0061878], [34.1223402, 52.0061737], [34.1219312, 52.0062158], [34.1217304, 52.0062687], [34.1216335, 52.006343], [34.1214645, 52.0064371], [34.1213492, 52.0065064], [34.1212285, 52.00657], [34.1211037, 52.0066187], [34.1209401, 52.0067491], [34.1209415, 52.0067813], [34.1209736, 52.0067945], [34.1210058, 52.0068177], [34.1210099, 52.0068449], [34.120975, 52.0068523], [34.1209415, 52.0068309], [34.1209093, 52.006811], [34.1208677, 52.0068077], [34.1208892, 52.0068416], [34.1209254, 52.0068664], [34.1209307, 52.0068911], [34.120857, 52.0069085], [34.1208194, 52.0068796], [34.1207255, 52.0068507], [34.1206491, 52.0068408], [34.1205472, 52.0068573], [34.1204453, 52.0068647], [34.120338, 52.0068432], [34.1202736, 52.0068267], [34.1201301, 52.0068631], [34.1199866, 52.0068862], [34.119878, 52.0068986], [34.1198136, 52.0068754], [34.1197881, 52.00683], [34.1197304, 52.006811], [34.1196325, 52.0068119], [34.1196004, 52.0067607], [34.1196151, 52.0067054], [34.1195923, 52.006679], [34.1195065, 52.0066501], [34.1192771, 52.0065824], [34.119131, 52.0065419], [34.1190974, 52.006518], [34.1191028, 52.0064759], [34.1190183, 52.006461], [34.1189472, 52.0064577], [34.1188802, 52.0064296], [34.118797, 52.0064173], [34.1187045, 52.0064098], [34.1186026, 52.0064181], [34.1184255, 52.0064321], [34.1183907, 52.006395], [34.1183572, 52.0063653], [34.1183478, 52.0063033], [34.1182633, 52.0062753], [34.1181909, 52.0062943], [34.1181278, 52.0062844], [34.118093, 52.0062596], [34.1180849, 52.0062447], [34.1179508, 52.0062323], [34.1178435, 52.0062538], [34.1177925, 52.0062224], [34.1177925, 52.0061795], [34.1177362, 52.0061432], [34.1175833, 52.0062043], [34.1175216, 52.0061564], [34.1173822, 52.0061415], [34.1173634, 52.0060458], [34.1172481, 52.00595], [34.11713, 52.0059434], [34.1169879, 52.0059616], [34.1168377, 52.0058906], [34.1168404, 52.0057552], [34.1167599, 52.0056363], [34.1166902, 52.0055851], [34.1165373, 52.0055471], [34.1163468, 52.005524], [34.1162154, 52.0055422], [34.1160142, 52.0056429], [34.1157755, 52.0057387], [34.1155529, 52.005775], [34.1152713, 52.0057948], [34.1149145, 52.0058922], [34.114598, 52.006016], [34.1144156, 52.0060953], [34.1143164, 52.00613], [34.1142252, 52.0061349], [34.1142037, 52.0060672], [34.1141769, 52.0059252], [34.1140884, 52.0058295], [34.113965, 52.0057667], [34.1138953, 52.0057634], [34.1137853, 52.0058031], [34.1136941, 52.0059071], [34.1136351, 52.0060441], [34.11356, 52.006163], [34.1133884, 52.0062422], [34.1131228, 52.0061878], [34.1129673, 52.0061349], [34.1127527, 52.0061498], [34.1126534, 52.0063149], [34.1125166, 52.0064998], [34.1123208, 52.0067161], [34.1122404, 52.0067789], [34.1119936, 52.0067739], [34.1118702, 52.0067458], [34.1114255, 52.006476], [34.1113552, 52.0064618], [34.1113552, 52.0064387], [34.1113123, 52.0063595], [34.1112265, 52.0063562], [34.1110978, 52.0064107], [34.1109824, 52.0063875], [34.1109556, 52.0063496], [34.110961, 52.0062538], [34.1110173, 52.0062389], [34.1113901, 52.0062703], [34.1114545, 52.0061713], [34.1114229, 52.006048], [34.1111246, 52.005879], [34.1106659, 52.0057552], [34.1099662, 52.0057885], [34.1093195, 52.0056767], [34.1078883, 52.0056492], [34.1066025, 52.0052844], [34.1055734, 52.0050358], [34.1051781, 52.0048999], [34.1048336, 52.0046155], [34.104403, 52.0042856], [34.1042045, 52.0043633], [34.104057, 52.0042262], [34.1038236, 52.0042361], [34.1036868, 52.0041569], [34.1034669, 52.0041866], [34.1032764, 52.0043517], [34.1031852, 52.0044458], [34.1030082, 52.0045531], [34.1029224, 52.0046258], [34.1025817, 52.0047183], [34.1024503, 52.0047645], [34.1022491, 52.0047546], [34.101653, 52.004551], [34.1009673, 52.0044516], [34.1000645, 52.0047405], [34.0999934, 52.004743], [34.0999706, 52.0046943], [34.0999666, 52.0046695], [34.099862, 52.0046382], [34.0997869, 52.0046043], [34.099579, 52.0045218], [34.0992773, 52.0045143], [34.0989286, 52.0045531], [34.0988535, 52.0045845], [34.0987985, 52.0046109], [34.0986027, 52.0046233], [34.0984927, 52.0045928], [34.0984122, 52.004582], [34.0983358, 52.004563], [34.0983452, 52.0045317], [34.0984297, 52.0045102], [34.0984498, 52.0044879], [34.0984055, 52.0044541], [34.0983559, 52.0044293], [34.0983546, 52.0043996], [34.0983894, 52.0043666], [34.0984015, 52.0043393], [34.0983599, 52.004289], [34.0982674, 52.004284], [34.0982379, 52.004251], [34.0981118, 52.0042312], [34.0980032, 52.0042766], [34.0978517, 52.0042956], [34.0977001, 52.0042526], [34.0975727, 52.0042328], [34.0975352, 52.0042287], [34.0974949, 52.0042592], [34.0974936, 52.004322], [34.097558, 52.0043781], [34.0975566, 52.0044532], [34.097499, 52.0045432], [34.0974788, 52.0045895], [34.0974654, 52.0046085], [34.0974131, 52.0046258], [34.097385, 52.0046761], [34.097275, 52.0047017], [34.0971731, 52.0046927], [34.0970778, 52.0047009], [34.0970792, 52.0047315], [34.0971141, 52.0047843], [34.0970966, 52.0048355], [34.0969598, 52.0048503], [34.0967426, 52.0048487], [34.0967556, 52.004948], [34.0972806, 52.0081159], [34.0956022, 52.009461], [34.0941948, 52.0110429], [34.0920012, 52.0308856], [34.0926737, 52.0307099], [34.0927219, 52.0305877], [34.09284, 52.0304887], [34.0931457, 52.0303534], [34.0935802, 52.0303006], [34.0938377, 52.0302346], [34.0937304, 52.0301257], [34.0936875, 52.0300069], [34.0937519, 52.0298484], [34.0937948, 52.0296537], [34.0939772, 52.0293765], [34.0953559, 52.0313534], [34.0944815, 52.0314656], [34.0941328, 52.0318221], [34.0939397, 52.0322247], [34.0938914, 52.0330366], [34.0933657, 52.033459], [34.092899, 52.034053], [34.0924108, 52.0344655], [34.0921909, 52.0348253], [34.0920246, 52.0353401], [34.0919709, 52.0358252], [34.0920299, 52.0360232], [34.0922874, 52.0361354], [34.0924323, 52.0362872], [34.0925825, 52.0363598], [34.0927086, 52.0363449], [34.1013873, 52.0414992], [34.0985146, 52.0423535], [34.0962778, 52.0460756], [34.0936202, 52.0468112], [34.0929836, 52.0527727], [34.0870115, 52.0543492], [34.0827653, 52.0580449], [34.0807733, 52.0696379], [34.0805197, 52.0704191], [34.0625434, 52.069644], [34.0622838, 52.0729483], [34.0847035, 52.0847455], [34.0941193, 52.0850545], [34.0943963, 52.0857893], [34.0964099, 52.0911303], [34.0998705, 52.0933528], [34.0871132, 52.102015], [34.0885824, 52.105881], [34.0859547, 52.108772], [34.086231, 52.1088], [34.0865073, 52.1088362], [34.0867835, 52.1089169], [34.0869901, 52.1090965], [34.0871483, 52.1092678], [34.0873548, 52.1094062], [34.0875801, 52.1095067], [34.0878323, 52.1095594], [34.0881863, 52.1096236], [34.0886316, 52.1098131], [34.0888569, 52.109902], [34.0888944, 52.1100321], [34.0889427, 52.110131], [34.0890151, 52.1102265], [34.0891305, 52.1102644], [34.0892082, 52.1103303], [34.0893138, 52.1103618], [34.0895462, 52.1103781], [34.089793, 52.1104555], [34.0900183, 52.1105082], [34.0901926, 52.1106202], [34.0904152, 52.1106252], [34.0907264, 52.1106499], [34.0912467, 52.1107454], [34.0914988, 52.1108245], [34.0917349, 52.1108755], [34.091928, 52.1109233], [34.0920085, 52.1110221], [34.0921774, 52.1110732], [34.092443, 52.1111276], [34.0925986, 52.1112379], [34.0928051, 52.1113005], [34.0929204, 52.1112412], [34.0930679, 52.1112363], [34.093245, 52.1112906], [34.0935963, 52.1114043], [34.0936232, 52.1114718], [34.0936151, 52.1115492], [34.0936795, 52.1116662], [34.0937734, 52.1117288], [34.0938672, 52.1117716], [34.094063, 52.1117782], [34.0941274, 52.1117321], [34.0941381, 52.1116711], [34.0944198, 52.1116827], [34.0947014, 52.1117453], [34.0948758, 52.1117584], [34.0951306, 52.1118408], [34.0953156, 52.111877], [34.0955704, 52.1118639], [34.0957716, 52.1118985], [34.095962, 52.1119347], [34.0962517, 52.1119759], [34.0965173, 52.1119808], [34.0967828, 52.1120105], [34.096925, 52.1120484], [34.0970269, 52.1121324], [34.0972254, 52.1122246], [34.097456, 52.112218], [34.097617, 52.1121686], [34.0977564, 52.1120335], [34.0978879, 52.1118523], [34.0980032, 52.1117584], [34.0982044, 52.1117337], [34.0983653, 52.1117782], [34.0985852, 52.1118309], [34.0987059, 52.1119001], [34.0986952, 52.1119825], [34.0986523, 52.1120978], [34.098604, 52.1121192], [34.0985638, 52.112251], [34.0987167, 52.1123844], [34.0988588, 52.1123976], [34.099009, 52.1124124], [34.0991619, 52.1125343], [34.0992665, 52.1126512], [34.0993577, 52.1127995], [34.0993202, 52.112867], [34.0992773, 52.1129839], [34.0993939, 52.1130507], [34.0995401, 52.1131083], [34.0996756, 52.1131256], [34.0999666, 52.1132146], [34.1002214, 52.1132804], [34.1005459, 52.113488], [34.100672, 52.1136263], [34.1005969, 52.1138503], [34.1006184, 52.1140925], [34.1007203, 52.1142094], [34.1008303, 52.114249], [34.1008919, 52.1143758], [34.1009268, 52.1145075], [34.1010207, 52.1145899], [34.1010663, 52.1147414], [34.101195, 52.1148633], [34.1012346, 52.1150267], [34.1011856, 52.1150651], [34.1014552, 52.1154316], [34.1018656, 52.1159982], [34.1025522, 52.116881], [34.1027829, 52.1170407], [34.1035742, 52.1175019], [34.1051352, 52.1183616], [34.1055402, 52.1185807], [34.1059238, 52.1187635], [34.1062188, 52.1190089], [34.1089815, 52.1213936], [34.1107787, 52.1230097], [34.1132244, 52.1384165], [34.1165103, 52.1410444], [34.115282, 52.1416633], [34.1146249, 52.1419596], [34.1141608, 52.1421226], [34.1118836, 52.1431218], [34.1091585, 52.1443991], [34.1046202, 52.1468318], [34.0989822, 52.1500149], [34.0934998, 52.153043], [34.0904216, 52.1548341], [34.0760223, 52.1547153], [34.0666635, 52.1622187], [34.0626853, 52.163689], [34.0593057, 52.1665971], [34.054526, 52.1715824], [34.059825, 52.1780158], [34.0603817, 52.1785061], [34.0635768, 52.1813197], [34.0651722, 52.1822949], [34.0650864, 52.1831399], [34.0614076, 52.1848724], [34.0601472, 52.1882569], [34.0577073, 52.1913706], [34.0572639, 52.1919853], [34.0565048, 52.1930374], [34.0554896, 52.1942871], [34.0546823, 52.1954642], [34.0531883, 52.1972904], [34.052827, 52.2013946], [34.0477608, 52.2007673], [34.0414845, 52.2017464], [34.0385684, 52.2021889], [34.0363067, 52.2020416], [34.0331267, 52.2018134], [34.0288566, 52.201553], [34.0258418, 52.2015767], [34.0253774, 52.2015456], [34.0253116, 52.2015412], [34.0237508, 52.2014367], [34.0163436, 52.2018983], [34.0009863, 52.2088684], [33.9988438, 52.2109932], [34.0018975, 52.2204385], [34.0022457, 52.2227455], [34.0021527, 52.2242189], [34.0012253, 52.2265329], [34.0006256, 52.2272606], [33.9901328, 52.231624], [33.9822844, 52.2343483], [33.9785725, 52.2325143], [33.974562, 52.2304857], [33.9743614, 52.2306465], [33.9742514, 52.2306794], [33.9742058, 52.2307286], [33.9742327, 52.2308568], [33.974281, 52.2309455], [33.9742595, 52.2310441], [33.9741683, 52.2311886], [33.9738009, 52.231553], [33.9734602, 52.2316535], [33.9728031, 52.2316846], [33.9722371, 52.231854], [33.972044, 52.2320511], [33.972221, 52.2323862], [33.9722049, 52.2325866], [33.9719903, 52.2327148], [33.971706, 52.2327509], [33.9702739, 52.2327571], [33.9695871, 52.232948], [33.9690185, 52.2332536], [33.9683089, 52.233791], [33.9678948, 52.2339984], [33.9672375, 52.234226], [33.9662129, 52.2343542], [33.965141, 52.2343876], [33.9647376, 52.2344856], [33.9641298, 52.2348511], [33.9634846, 52.2356347], [33.9629218, 52.2361151], [33.9626938, 52.2364337], [33.9624685, 52.2364584], [33.9623103, 52.2365093], [33.962329, 52.2366325], [33.9623398, 52.2367064], [33.9623344, 52.2367623], [33.9620662, 52.2371976], [33.961983, 52.2374538], [33.9618355, 52.2380353], [33.9618382, 52.2382258], [33.9618301, 52.2383983], [33.9617121, 52.2385083], [33.9617416, 52.2386512], [33.9617979, 52.2387941], [33.9617845, 52.2389124], [33.9618248, 52.2389945], [33.9618328, 52.2390783], [33.9618087, 52.2391554], [33.9616773, 52.2392326], [33.9615431, 52.2394708], [33.961342, 52.2395496], [33.9611247, 52.2395759], [33.9608163, 52.2395644], [33.9606687, 52.2396351], [33.9605427, 52.2397155], [33.9605695, 52.239819], [33.9606875, 52.2398469], [33.9608538, 52.2398239], [33.9610094, 52.2398831], [33.9609852, 52.2399767], [33.9609504, 52.2400227], [33.9607653, 52.240026], [33.9605534, 52.2400588], [33.9604703, 52.240251], [33.9601725, 52.2403889], [33.9599445, 52.2403988], [33.9595959, 52.2404021], [33.9594832, 52.2403889], [33.9592284, 52.2403906], [33.9590165, 52.2404546], [33.9588958, 52.2405614], [33.958928, 52.2406337], [33.9590514, 52.2406961], [33.9591587, 52.2407684], [33.959281, 52.2408733], [33.9593223, 52.2409638], [33.9592257, 52.2411067], [33.9590943, 52.2411658], [33.9589655, 52.2411773], [33.9588717, 52.241179], [33.9586973, 52.2412134], [33.9587402, 52.2412693], [33.958869, 52.2413416], [33.958928, 52.2414188], [33.9588663, 52.2415222], [33.9588153, 52.2416438], [33.9587858, 52.2417111], [33.958818, 52.2418014], [33.9588207, 52.2418556], [33.9587724, 52.2418983], [33.9587134, 52.241918], [33.9585766, 52.2418852], [33.9584184, 52.2419098], [33.9583674, 52.2419772], [33.9584747, 52.2420117], [33.9584854, 52.2420774], [33.9584559, 52.2421316], [33.9583915, 52.2421792], [33.9582869, 52.2422219], [33.9581072, 52.2422235], [33.9579302, 52.2422219], [33.9578256, 52.2423237], [33.9578471, 52.2424108], [33.9578336, 52.2425077], [33.9577129, 52.2426555], [33.9575762, 52.2426982], [33.9574313, 52.2428591], [33.9575332, 52.2430069], [33.9578444, 52.2433124], [33.9578766, 52.2436474], [33.9577103, 52.2437526], [33.9573991, 52.2439102], [33.957324, 52.2440416], [33.9574259, 52.2441861], [33.95778, 52.2443241], [33.9579919, 52.2444571], [33.9585777, 52.2448909], [33.9588214, 52.2450766], [33.9592178, 52.2455505], [33.9592823, 52.2460481], [33.959402, 52.2462226], [33.9597084, 52.2462331], [33.9600465, 52.2462899], [33.9602289, 52.2463326], [33.9603791, 52.2463408], [33.9604783, 52.2463326], [33.9605185, 52.246303], [33.9605185, 52.2461864], [33.9605883, 52.2461733], [33.960709, 52.2461897], [33.9608377, 52.2463194], [33.9609396, 52.2463556], [33.9610845, 52.2464015], [33.9613071, 52.2463818], [33.9614949, 52.2464393], [33.9616826, 52.2465576], [33.9617684, 52.246615], [33.961865, 52.2466577], [33.9618194, 52.2467645], [33.9617524, 52.2468433], [33.9616451, 52.246886], [33.9615351, 52.2469254], [33.9613205, 52.2470174], [33.9612566, 52.2473726], [33.9610791, 52.2475987], [33.9608645, 52.2477104], [33.9605346, 52.2477925], [33.9603415, 52.2478533], [33.9600009, 52.247868], [33.959569, 52.2477547], [33.9593357, 52.2476184], [33.9591211, 52.2474805], [33.9589253, 52.2474723], [33.9586973, 52.2474854], [33.9572731, 52.2473081], [33.9565998, 52.2473343], [33.9558166, 52.2474936], [33.9549878, 52.2474476], [33.9548027, 52.2474033], [33.9546391, 52.247331], [33.9544058, 52.2472998], [33.9542314, 52.2473081], [33.9541778, 52.2473393], [33.9541724, 52.2474887], [33.9541858, 52.2475626], [33.9541724, 52.2476348], [33.9540571, 52.2477711], [33.9539096, 52.2479091], [33.953703, 52.248052], [33.9535367, 52.2481965], [33.9533973, 52.2484297], [33.9532632, 52.2486316], [33.9531344, 52.2487449], [33.9529493, 52.2488008], [33.95248, 52.2490077], [33.9518818, 52.2492934], [33.9516887, 52.2493328], [33.9515305, 52.2493033], [33.9514714, 52.2492162], [33.9514795, 52.2491161], [33.9515224, 52.2490701], [33.9516216, 52.2490077], [33.9516699, 52.2489157], [33.9514849, 52.248809], [33.9513668, 52.2487564], [33.9512703, 52.2487203], [33.951112, 52.2487532], [33.9509162, 52.2486678], [33.9508975, 52.2486136], [33.9508009, 52.2485036], [33.9506426, 52.2484067], [33.9504468, 52.2483771], [33.9501867, 52.2484494], [33.9501572, 52.2485216], [33.9501142, 52.2485528], [33.9499184, 52.248566], [33.9498702, 52.2484658], [33.9496529, 52.248451], [33.9492935, 52.2483607], [33.9488912, 52.248249], [33.9485156, 52.2481078], [33.9480007, 52.2480405], [33.9479685, 52.2479797], [33.947947, 52.2479288], [33.947821, 52.2478648], [33.9476654, 52.2478598], [33.947491, 52.2479107], [33.9474267, 52.2479698], [33.947432, 52.2480372], [33.9474589, 52.2481144], [33.9475286, 52.2481521], [33.9476734, 52.2481866], [33.9477968, 52.2482671], [33.9479256, 52.2483722], [33.9479738, 52.2484625], [33.9479256, 52.2485545], [33.947821, 52.2486415], [33.9478183, 52.2487499], [33.9477593, 52.2488041], [33.9476225, 52.248896], [33.9475232, 52.248919], [33.9474213, 52.2489157], [33.9473113, 52.248896], [33.9472201, 52.2488747], [33.9471397, 52.2488238], [33.9470941, 52.24874], [33.9470485, 52.2485676], [33.9470458, 52.2484707], [33.9469573, 52.2484444], [33.946791, 52.2484543], [33.9466622, 52.2485216], [33.9466274, 52.2486415], [33.9466622, 52.2487515], [33.9467052, 52.2488632], [33.946791, 52.2489814], [33.9468017, 52.2490553], [33.9467159, 52.2490964], [33.9466032, 52.2491358], [33.9465228, 52.2491374], [33.9463189, 52.2491062], [33.9462519, 52.2490783], [33.9461821, 52.2490258], [33.946166, 52.2489913], [33.9461821, 52.2489223], [33.9460856, 52.2488583], [33.9460131, 52.2488468], [33.9459005, 52.2488468], [33.9458388, 52.2488205], [33.9458173, 52.2487696], [33.9458388, 52.2487252], [33.9458951, 52.2486908], [33.9459112, 52.2486415], [33.9457825, 52.2485791], [33.9456913, 52.2486054], [33.9456403, 52.2486497], [33.9455733, 52.2487088], [33.9455277, 52.2487302], [33.9454204, 52.2486924], [33.9454311, 52.2486366], [33.945348, 52.2486218], [33.945246, 52.2486842], [33.9451092, 52.24885], [33.9450207, 52.2489354], [33.9448732, 52.2489831], [33.9445648, 52.2489896], [33.9443904, 52.2489634], [33.9441437, 52.2488927], [33.9440471, 52.2488188], [33.9439639, 52.248722], [33.9437681, 52.2486464], [33.9435858, 52.2485545], [33.9435375, 52.2485019], [33.9435308, 52.248442], [33.9434879, 52.2483943], [33.9434047, 52.2483549], [33.9433135, 52.2483467], [33.9432129, 52.2483968], [33.9431606, 52.2484436], [33.9430694, 52.2484699], [33.9429541, 52.2484691], [33.9428589, 52.2484822], [33.9427824, 52.2485077], [33.9427194, 52.2485397], [33.9427382, 52.2486185], [33.9427623, 52.2486842], [33.9427489, 52.2487564], [33.9425813, 52.2488139], [33.9424995, 52.2489042], [33.9423895, 52.2489913], [33.9423197, 52.2490512], [33.9422446, 52.2490832], [33.9422084, 52.2491185], [33.9421964, 52.249185], [33.9422272, 52.2492244], [33.9422138, 52.2492852], [33.942183, 52.2493246], [33.9421347, 52.2493599], [33.9420824, 52.2493969], [33.9420046, 52.2494092], [33.9418846, 52.2494061], [33.941845, 52.2494051], [33.9417082, 52.2494051], [33.9416519, 52.2494256], [33.9416116, 52.2494626], [33.9415392, 52.2495036], [33.9414105, 52.249525], [33.9412791, 52.2495266], [33.9411879, 52.2495118], [33.9411128, 52.249479], [33.9410564, 52.249502], [33.9410216, 52.2495282], [33.9410162, 52.2495709], [33.9410511, 52.2496153], [33.9411101, 52.2496908], [33.9410967, 52.249745], [33.9409786, 52.2497302], [33.9409438, 52.2496908], [33.9408687, 52.2496481], [33.940815, 52.2496268], [33.9405736, 52.2496103], [33.9405146, 52.2496103], [33.940343, 52.2496317], [33.9403027, 52.2496448], [33.9401767, 52.2496826], [33.9400855, 52.2496859], [33.9399406, 52.2496875], [33.9397716, 52.2496957], [33.9395973, 52.2497204], [33.9394659, 52.2497319], [33.9393371, 52.2497417], [33.9392164, 52.2497828], [33.9392084, 52.2498468], [33.9391011, 52.2499322], [33.9389697, 52.2499946], [33.9388356, 52.2500373], [33.938688, 52.2499946], [33.9385861, 52.2499913], [33.9384627, 52.2500389], [33.9383903, 52.250011], [33.9382803, 52.2500373], [33.9382133, 52.2500192], [33.938165, 52.2499831], [33.938157, 52.2499273], [33.9381462, 52.2498682], [33.9381221, 52.2498255], [33.9380416, 52.2498008], [33.9379249, 52.2498279], [33.9394712, 52.2526793], [33.9407158, 52.2544133], [33.9426837, 52.2580012], [33.9433613, 52.2679496], [33.9456748, 52.2738293], [33.9458486, 52.2747307], [33.9442683, 52.2807022], [33.9440354, 52.2812051], [33.9445314, 52.2825904], [33.9446059, 52.2829298], [33.944782, 52.2834725], [33.9417401, 52.28605], [33.938345, 52.2889892], [33.9377814, 52.2894612], [33.9356035, 52.2895859], [33.9326253, 52.2903139], [33.9312369, 52.2912659], [33.9300406, 52.2921747], [33.9287947, 52.2929533], [33.926661, 52.2944977], [33.9253699, 52.2951782], [33.92542, 52.2975777], [33.9249551, 52.2995762], [33.9236677, 52.301492], [33.9211781, 52.3050042], [33.9173484, 52.3063967], [33.9108777, 52.3086013], [33.9084036, 52.3080224], [33.9069913, 52.3060325], [33.9075272, 52.3035171], [33.9050505, 52.3021095], [33.8961056, 52.3076601], [33.8910386, 52.3076261], [33.8807158, 52.3075904], [33.8750869, 52.3065324], [33.8390248, 52.3203553], [33.8390937, 52.3205983], [33.8445425, 52.3255044], [33.8504433, 52.3287304], [33.854928, 52.3318906], [33.8552985, 52.332873], [33.8545046, 52.3340911], [33.8516663, 52.3367331], [33.843096, 52.3430068], [33.842944, 52.3450868], [33.8390585, 52.3469186], [33.8375616, 52.3503777], [33.8387847, 52.3536863], [33.8387225, 52.3581798], [33.8364718, 52.3613887], [33.8242435, 52.3640963], [33.823083, 52.3640892], [33.8187935, 52.3630739], [33.8121268, 52.3647364], [33.805038, 52.3662855], [33.7965727, 52.3665348], [33.7925746, 52.3667139], [33.7854851, 52.3666013], [33.7774352, 52.3655616], [33.7751699, 52.3645173], [33.7737942, 52.3638001], [33.7729448, 52.3634667], [33.7656039, 52.3627736], [33.7510917, 52.3613671], [33.7498429, 52.3594442], [33.7484264, 52.3572629], [33.7397668, 52.3568016], [33.736364, 52.3548503], [33.7356807, 52.3544539], [33.7341822, 52.3542931], [33.7320931, 52.3541045], [33.7268991, 52.3536491], [33.7245138, 52.353427], [33.7172398, 52.3628135], [33.7156019, 52.3628949], [33.7091316, 52.3629498], [33.70816, 52.3627881], [33.703677, 52.3611052], [33.7020427, 52.3598798], [33.6997703, 52.3587456], [33.6986045, 52.3586235], [33.6961009, 52.3584997], [33.6911468, 52.3575651], [33.6880936, 52.357778], [33.6853802, 52.3579178], [33.6839425, 52.3575902], [33.682336, 52.3567191], [33.6812848, 52.3564924], [33.6797047, 52.3558407], [33.6787455, 52.3552412], [33.6780226, 52.3543253], [33.6785308, 52.3534145], [33.678664, 52.3529115], [33.6785367, 52.3519837], [33.6789697, 52.3516893], [33.6791599, 52.351421], [33.6800641, 52.3512175], [33.6808597, 52.3509812], [33.6814168, 52.3507164], [33.681487, 52.3495658], [33.6798579, 52.348535], [33.679266, 52.3481687], [33.6779669, 52.3479778], [33.6760583, 52.3477551], [33.6741698, 52.3477418], [33.6732405, 52.3475442], [33.6728382, 52.3475147], [33.6726183, 52.3474262], [33.6723125, 52.3472558], [33.6717653, 52.3471018], [33.6713093, 52.3469773], [33.6710425, 52.3469892], [33.6707354, 52.3469084], [33.67013, 52.3465817], [33.6691501, 52.345982], [33.6683696, 52.34546], [33.6679874, 52.3451244], [33.6672192, 52.3446462], [33.6666799, 52.3443687], [33.6663473, 52.3442441], [33.6659767, 52.3442361], [33.6653763, 52.3443392], [33.664498, 52.344363], [33.6644161, 52.3444539], [33.6641908, 52.3444768], [33.6641103, 52.3444211], [33.6640674, 52.3443392], [33.6639762, 52.3441557], [33.6636865, 52.3439951], [33.6630517, 52.3437408], [33.6624205, 52.3435363], [33.6617875, 52.3433626], [33.6615032, 52.3433298], [33.6610365, 52.3433364], [33.6607951, 52.3432315], [33.6606824, 52.3431004], [33.6604625, 52.3428874], [33.660028, 52.3427858], [33.6596203, 52.342753], [33.6593252, 52.3426186], [33.6591643, 52.3424941], [33.6587834, 52.3423532], [33.6583704, 52.3423171], [33.6580217, 52.3422974], [33.6571473, 52.3419205], [33.6568737, 52.3417862], [33.6563694, 52.3416649], [33.6560529, 52.3416551], [33.6557794, 52.3416059], [33.655656, 52.3415305], [33.6554146, 52.341501], [33.6551249, 52.3415043], [33.6548299, 52.3415109], [33.654567, 52.3415469], [33.6543739, 52.3415568], [33.6541057, 52.3414978], [33.6539662, 52.3414027], [33.6536819, 52.3413765], [33.6533493, 52.3413372], [33.6529684, 52.3413011], [33.6527806, 52.3412651], [33.6526626, 52.341252], [33.6523622, 52.3412651], [33.6521637, 52.3412782], [33.6519921, 52.3411766], [33.6517829, 52.3410979], [33.6514932, 52.3411045], [33.6511928, 52.3411012], [33.6510104, 52.3410225], [33.6508012, 52.3409111], [33.6505598, 52.3408554], [33.6502433, 52.3407734], [33.6500716, 52.3406653], [33.6498088, 52.3405604], [33.6493796, 52.3404654], [33.6490685, 52.3404424], [33.648811, 52.3404391], [33.6484784, 52.3404096], [33.6481404, 52.340367], [33.6479366, 52.3403212], [33.6476791, 52.3402917], [33.6474431, 52.3401999], [33.6472875, 52.3400884], [33.6470649, 52.340054], [33.6469039, 52.3399524], [33.646735, 52.3399213], [33.6465928, 52.3399426], [33.6463648, 52.3400393], [33.6461771, 52.3400426], [33.6458847, 52.3399918], [33.6456567, 52.3399], [33.6454153, 52.3397984], [33.6452651, 52.3396984], [33.6449942, 52.339587], [33.6448091, 52.3395214], [33.6444738, 52.3394674], [33.6442029, 52.3394674], [33.643924, 52.3394837], [33.6436209, 52.3394755], [33.6433527, 52.3394821], [33.6431837, 52.3396001], [33.643004, 52.3396476], [33.6427358, 52.3396509], [33.6425641, 52.339664], [33.6423361, 52.3396378], [33.6422878, 52.3395985], [33.6422074, 52.3395313], [33.6420706, 52.3394346], [33.6416736, 52.3394182], [33.6413491, 52.3393789], [33.6412686, 52.3393494], [33.6409923, 52.33941], [33.6406463, 52.3394641], [33.6403567, 52.3395067], [33.639957, 52.3395329], [33.6395279, 52.3395395], [33.6391577, 52.3395772], [33.6390156, 52.3396312], [33.6386079, 52.3396968], [33.6382645, 52.3397673], [33.6380875, 52.3397525], [33.6378568, 52.3397083], [33.6377496, 52.3397246], [33.6374786, 52.3397574], [33.6372668, 52.3397591], [33.6371005, 52.3397361], [33.6368188, 52.3396058], [33.6366217, 52.3395591], [33.636446, 52.339496], [33.6362945, 52.3394698], [33.6361563, 52.3394698], [33.6360557, 52.339478], [33.6360168, 52.339623], [33.6357969, 52.3396165], [33.6355716, 52.3395018], [33.6351129, 52.3394018], [33.6349761, 52.3393035], [33.6349386, 52.3390232], [33.6348957, 52.3389888], [33.634775, 52.3389724], [33.6346489, 52.3389675], [33.6345577, 52.3390101], [33.6344907, 52.3390708], [33.63437, 52.3391806], [33.63415, 52.3392068], [33.633922, 52.3392117], [33.633678, 52.3392248], [33.6335063, 52.3391937], [33.6331325, 52.3390419], [33.6329484, 52.3390282], [33.6326936, 52.3390626], [33.6325062, 52.3390493], [33.6323503, 52.3390495], [33.6321518, 52.3390085], [33.6319613, 52.338902], [33.6319238, 52.338802], [33.6317253, 52.3387053], [33.6308938, 52.3384202], [33.6305934, 52.3384202], [33.6304593, 52.3384349], [33.6303976, 52.3385185], [33.6303413, 52.3386103], [33.6301026, 52.3386988], [33.6299095, 52.3387266], [33.6298344, 52.3387856], [33.6297968, 52.338861], [33.6297137, 52.3388823], [33.629593, 52.3388823], [33.6295259, 52.3388741], [33.6293757, 52.3388577], [33.6292335, 52.3388774], [33.6289702, 52.338951], [33.6284476, 52.3389708], [33.6280829, 52.3389413], [33.6276698, 52.338843], [33.6270153, 52.3388823], [33.6265647, 52.3389692], [33.6262321, 52.3390101], [33.6257493, 52.3389839], [33.6252505, 52.3389249], [33.6245838, 52.3387939], [33.6242983, 52.3387004], [33.6240891, 52.3385906], [33.6240005, 52.3385218], [33.6237189, 52.3384366], [33.6234426, 52.3381776], [33.6232227, 52.3378433], [33.622697, 52.3375483], [33.6181319, 52.3364503], [33.6179763, 52.3364093], [33.6178878, 52.3363454], [33.6176679, 52.3363339], [33.6174023, 52.3363486], [33.6171019, 52.3363355], [33.6169222, 52.3363241], [33.616713, 52.3362864], [33.616536, 52.3362421], [33.6164743, 52.3361176], [33.6164756, 52.3360061], [33.6164394, 52.3359119], [33.6163509, 52.335875], [33.6162047, 52.3358447], [33.6160357, 52.3358471], [33.6159056, 52.3358857], [33.615679, 52.3359627], [33.6155824, 52.3359897], [33.6155047, 52.3359766], [33.6154269, 52.3359447], [33.615384, 52.3359078], [33.6153531, 52.3358578], [33.6153303, 52.335798], [33.6153424, 52.3357701], [33.6153933, 52.3357168], [33.6154644, 52.3356611], [33.6155207, 52.3355874], [33.6154564, 52.3355538], [33.615341, 52.3355603], [33.6151694, 52.3355275], [33.6150581, 52.3354841], [33.6148851, 52.3354784], [33.6148033, 52.3354726], [33.6146638, 52.3354685], [33.6144438, 52.3355021], [33.6142427, 52.3355792], [33.6140791, 52.3356021], [33.6139664, 52.335657], [33.613784, 52.3357242], [33.6136419, 52.3356832], [33.6134943, 52.3356472], [33.6133656, 52.3355439], [33.6132261, 52.3355489], [33.6130598, 52.3355112], [33.6127219, 52.3353686], [33.6123839, 52.3352457], [33.6124805, 52.3350195], [33.6124617, 52.3349588], [33.6123732, 52.3349424], [33.6123517, 52.3349523], [33.6122954, 52.3349851], [33.6122015, 52.3350375], [33.6121237, 52.3350441], [33.6118019, 52.335026], [33.6115363, 52.3349785], [33.6102784, 52.3348523], [33.6098734, 52.3347917], [33.6096507, 52.3348294], [33.6094335, 52.334849], [33.6092645, 52.3348113], [33.6090097, 52.3348818], [33.6086717, 52.3349195], [33.6083284, 52.3349195], [33.6082064, 52.3348955], [33.6080763, 52.3348523], [33.6078, 52.3347835], [33.6074969, 52.3347867], [33.6073413, 52.3347556], [33.6067969, 52.334672], [33.6057883, 52.3345016], [33.6054102, 52.3344032], [33.6049488, 52.3342787], [33.6043641, 52.3341312], [33.6039618, 52.3340361], [33.6039805, 52.3339427], [33.6040288, 52.3338689], [33.6039859, 52.3337788], [33.6040986, 52.3336641], [33.60412, 52.3336018], [33.6042219, 52.3335215], [33.6042407, 52.3334166], [33.6041898, 52.3333035], [33.6042058, 52.3331822], [33.6042005, 52.3330888], [33.6040878, 52.3329789], [33.6037767, 52.3327593], [33.6034012, 52.3325921], [33.6030364, 52.3323299], [33.6026233, 52.3321332], [33.6022854, 52.3319759], [33.6020708, 52.3317595], [33.6018938, 52.331648], [33.60179, 52.3315822], [33.6011615, 52.3314022], [33.6008531, 52.3313743], [33.6007498, 52.3312375], [33.6007847, 52.3311424], [33.6008397, 52.331067], [33.6009335, 52.3309596], [33.5996166, 52.3301647], [33.5988575, 52.329668], [33.5981575, 52.3292107], [33.5973904, 52.3287206], [33.5970792, 52.3284763], [33.5968405, 52.3283026], [33.5967144, 52.328178], [33.5960251, 52.327778], [33.5957864, 52.3276633], [33.595376, 52.3274551], [33.5947457, 52.3271617], [33.5946451, 52.3271297], [33.5945554, 52.3270968], [33.5944758, 52.3270408], [33.5943742, 52.3269544], [33.5942128, 52.3268947], [33.5940674, 52.3268655], [33.5939379, 52.3268521], [33.5938363, 52.326846], [33.5937347, 52.3268582], [33.5936451, 52.3269057], [33.5936232, 52.3269471], [33.5935933, 52.3269739], [33.5935236, 52.3269252], [33.5934101, 52.3268935], [33.5930874, 52.3266707], [33.5929619, 52.3265453], [33.5927689, 52.3264093], [33.5928065, 52.3262458], [33.5927666, 52.3261777], [33.592667, 52.3261192], [33.5925276, 52.3260803], [33.5922388, 52.3260072], [33.5919559, 52.3259281], [33.5918185, 52.3258623], [33.5917706, 52.3257917], [33.5916551, 52.3257394], [33.5915894, 52.3257187], [33.5915037, 52.3257053], [33.5912886, 52.3256919], [33.5911352, 52.325659], [33.5910894, 52.3255568], [33.5911033, 52.325491], [33.5910735, 52.3254009], [33.5910097, 52.3253425], [33.5908723, 52.3252804], [33.5908105, 52.3252573], [33.590677, 52.3252341], [33.5902647, 52.3252378], [33.5901432, 52.3252268], [33.5900157, 52.3251428], [33.5898822, 52.3250308], [33.5897667, 52.3249213], [33.5896512, 52.3248531], [33.5895655, 52.3247727], [33.5895317, 52.3246364], [33.5895237, 52.3244988], [33.5895436, 52.324399], [33.5895018, 52.3243162], [33.5893623, 52.3241822], [33.5892906, 52.3240641], [33.5892809, 52.323956], [33.5892755, 52.323896], [33.5892727, 52.3238645], [33.5892388, 52.3237488], [33.5891492, 52.323666], [33.5890157, 52.3236405], [33.5888962, 52.3236076], [33.5887847, 52.3235613], [33.5885795, 52.3234712], [33.5883526, 52.3233823], [33.5881823, 52.3233044], [33.5880093, 52.3232118], [33.5878712, 52.3230822], [33.5877089, 52.3229519], [33.5875399, 52.322756], [33.5874675, 52.3227191], [33.5873345, 52.3226884], [33.5872309, 52.3227005], [33.5870576, 52.3227261], [33.5869579, 52.3226962], [33.5868385, 52.3226552], [33.5867031, 52.3225658], [33.5866025, 52.3224822], [33.5865663, 52.3224617], [33.5864979, 52.3224035], [33.5864523, 52.3223027], [33.5864644, 52.3222093], [33.5864443, 52.3221363], [33.5864122, 52.3220699], [33.5863664, 52.3220394], [33.5862807, 52.3220224], [33.5859481, 52.3219749], [33.5857907, 52.3219432], [33.5856055, 52.3219286], [33.5853644, 52.3219298], [33.5850417, 52.3219871], [33.5846812, 52.3220065], [33.5844302, 52.3220297], [33.5843605, 52.3220418], [33.5842509, 52.3220126], [33.5840238, 52.3219164], [33.5837589, 52.3218129], [33.5835617, 52.3216912], [33.5834003, 52.3216108], [33.5832748, 52.3215366], [33.5830717, 52.3214233], [33.5829601, 52.3213004], [33.5828485, 52.3211335], [33.5828207, 52.3210508], [33.5827629, 52.3209339], [33.5826553, 52.3208754], [33.582484, 52.3208145], [33.5823187, 52.3207878], [33.5821533, 52.320761], [33.5820956, 52.3207257], [33.5820418, 52.3206623], [33.5820378, 52.3205893], [33.5820637, 52.3205089], [33.5820637, 52.3204079], [33.5819621, 52.3203324], [33.5817569, 52.3201863], [33.5815597, 52.3200828], [33.5814143, 52.3200499], [33.5813207, 52.3200462], [33.581239, 52.3200584], [33.5811534, 52.320084], [33.5810896, 52.3201729], [33.5810558, 52.3202179], [33.5811013, 52.3203141], [33.5811415, 52.3204354], [33.5811576, 52.3205305], [33.5811308, 52.3205928], [33.5810906, 52.3206288], [33.5809538, 52.3206403], [33.5807767, 52.3206239], [33.5805032, 52.32056], [33.5803449, 52.3204878], [33.5802591, 52.320378], [33.5802081, 52.3203337], [33.5802028, 52.320296], [33.5802269, 52.3202288], [33.5802966, 52.3201255], [33.580294, 52.3200386], [33.5802537, 52.3199566], [33.5794164, 52.319547], [33.5785957, 52.3191696], [33.5775558, 52.3185486], [33.5772361, 52.3183456], [33.5774942, 52.3179221], [33.5818172, 52.3108275], [33.5781117, 52.3105618], [33.5725707, 52.3139647], [33.5694963, 52.3158526], [33.5648071, 52.3179166], [33.5642813, 52.3181504], [33.5641199, 52.3182259], [33.5639028, 52.3183063], [33.5637135, 52.3183623], [33.5516126, 52.323047], [33.5476046, 52.3227802], [33.5440911, 52.3241316], [33.5446822, 52.3214723], [33.5449019, 52.320824], [33.5451881, 52.3208133], [33.5454231, 52.3207098], [33.5458056, 52.3206368], [33.5460486, 52.3206757], [33.5461542, 52.3207257], [33.5461781, 52.320817], [33.5461422, 52.3209193], [33.5461681, 52.3209911], [33.5462379, 52.321024], [33.5463295, 52.3210301], [33.5464749, 52.3210203], [33.5466163, 52.3209777], [33.5466382, 52.3209205], [33.5465207, 52.3207817], [33.5468872, 52.3205235], [33.5475964, 52.3204213], [33.5484011, 52.3200462], [33.5488473, 52.3199294], [33.5493971, 52.320095], [33.550178, 52.3199488], [33.5515007, 52.3195884], [33.5525524, 52.3192231], [33.553397, 52.3186435], [33.5542815, 52.3177717], [33.5546719, 52.3172846], [33.5552934, 52.3169973], [33.55613, 52.3168219], [33.5565842, 52.3165199], [33.5568073, 52.3161595], [33.5576718, 52.3157552], [33.5581061, 52.3155311], [33.5584806, 52.3155092], [33.5589786, 52.3154313], [33.5603292, 52.3150221], [33.5605483, 52.3148322], [33.5607913, 52.31482], [33.5609546, 52.3148395], [33.561867, 52.3145448], [33.5622972, 52.3143767], [33.5626319, 52.3141429], [33.5635761, 52.3136802], [33.5638789, 52.3134999], [33.5640263, 52.3137411], [33.5641179, 52.3137045], [33.5642573, 52.3135779], [33.5645322, 52.3134805], [33.5646717, 52.3133221], [33.564584, 52.3131322], [33.5643968, 52.3128862], [33.5643171, 52.3127011], [33.5644247, 52.3125939], [33.5645243, 52.3125306], [33.5648071, 52.312326], [33.565094, 52.3119509], [33.5651418, 52.3118072], [33.5653689, 52.3114881], [33.5653729, 52.3113761], [33.5653649, 52.3113006], [33.5653609, 52.3111252], [33.5654426, 52.3109547], [33.5655482, 52.3108743], [33.5659187, 52.3108207], [33.5659525, 52.3106052], [33.565831, 52.3105431], [33.5661059, 52.3102349], [33.5655721, 52.3102995], [33.5655338, 52.3099021], [33.5598732, 52.3022553], [33.5367804, 52.3041282], [33.5358518, 52.304203], [33.5315673, 52.3045618], [33.5253078, 52.3074842], [33.5179171, 52.3069772], [33.5114229, 52.3065336], [33.5045537, 52.3060518], [33.4981663, 52.312021], [33.494771, 52.3109938], [33.4940707, 52.3109092], [33.4935968, 52.3107477], [33.4930642, 52.3106221], [33.4925232, 52.3105734], [33.4921081, 52.3106528], [33.4915335, 52.3106272], [33.4911645, 52.3109836], [33.4906193, 52.3107887], [33.4905941, 52.3106554], [33.4903928, 52.3104195], [33.4898393, 52.3104093], [33.4891767, 52.31044], [33.4889649, 52.310458], [33.4886693, 52.31059], [33.4883925, 52.3105894], [33.4832172, 52.3131167], [33.4817381, 52.3138678], [33.4792387, 52.3162654], [33.4790657, 52.316429], [33.4792922, 52.3165264], [33.4804455, 52.316693], [33.4826304, 52.3169699], [33.4830581, 52.316975], [33.4835739, 52.3169904], [33.4835602, 52.3170631], [33.4834607, 52.3175903], [33.482752, 52.3176621], [33.4828107, 52.3180081], [33.4827855, 52.3180568], [33.4824584, 52.3180479], [33.4825507, 52.3183337], [33.4827017, 52.3186593], [33.4829826, 52.3193142], [33.4829659, 52.319427], [33.4828841, 52.3195744], [33.4828841, 52.3196757], [33.4829176, 52.3197397], [33.4830204, 52.3197346], [33.483163, 52.3197603], [33.4832175, 52.3198141], [33.4833852, 52.3198397], [33.4844043, 52.3198846], [33.4848908, 52.3198436], [33.4852241, 52.3197436], [33.4855177, 52.3197474], [33.4856645, 52.3198461], [33.4860021, 52.3200653], [33.4868827, 52.3210765], [33.4872644, 52.3215097], [33.4876481, 52.3219352], [33.4882268, 52.322535], [33.4883841, 52.3226491], [33.4884407, 52.3227504], [33.4885434, 52.3227965], [33.4886839, 52.3228093], [33.4887741, 52.3228606], [33.4888496, 52.324023], [33.4888643, 52.3244408], [33.4890026, 52.3252392], [33.489053, 52.3255121], [33.4891054, 52.3258505], [33.4890865, 52.3265169], [33.4890194, 52.3270141], [33.4889943, 52.3276574], [33.4889964, 52.3280034], [33.4889901, 52.328343], [33.488988, 52.328598], [33.4889775, 52.3288491], [33.488946, 52.3289401], [33.4888894, 52.3290926], [33.4889335, 52.3292438], [33.4890383, 52.3293745], [33.4891599, 52.3294463], [33.48941, 52.32983], [33.4902121, 52.3297612], [33.4904851, 52.3300703], [33.4904138, 52.3302651], [33.4909422, 52.3307777], [33.4913113, 52.3310621], [33.4915, 52.3312825], [33.4918229, 52.3314312], [33.492519, 52.3313748], [33.4932278, 52.3312723], [33.4937981, 52.3311954], [33.495463, 52.3313107], [33.496134, 52.3311672], [33.4970398, 52.3313312], [33.497866, 52.3315208], [33.4992247, 52.3314183], [33.5002354, 52.3315439], [33.5007386, 52.3314696], [33.5009022, 52.3316387], [33.5010699, 52.3318207], [33.5014558, 52.3319488], [33.5018038, 52.3319206], [33.501829, 52.3321], [33.5029068, 52.332305], [33.5033681, 52.3324588], [33.5046094, 52.3324895], [33.5054355, 52.3324819], [33.5057123, 52.332469], [33.5058465, 52.3327253], [33.5064211, 52.3327919], [33.5058214, 52.3330251], [33.5061652, 52.3330687], [33.5064169, 52.3331046], [33.5068362, 52.3332916], [33.5074024, 52.333366], [33.5080818, 52.3332045], [33.5085305, 52.3331994], [33.508845, 52.3333275], [33.5092099, 52.3334172], [33.5097718, 52.3334428], [33.5100905, 52.3332865], [33.5105581, 52.3333685], [33.510751, 52.3335031], [33.510923, 52.3335876], [33.5115688, 52.3336248], [33.5118225, 52.3335377], [33.512007, 52.3335466], [33.5123007, 52.3336038], [33.5128044, 52.333764], [33.5133814, 52.333979], [33.5128667, 52.3345768], [33.5124704, 52.3350803], [33.5128374, 52.3357543], [33.5134539, 52.3365371], [33.5137411, 52.3369919], [33.5138837, 52.3376018], [33.5139403, 52.3378785], [33.5143429, 52.3385639], [33.5145799, 52.3389688], [33.514756, 52.3390994], [33.5158862, 52.3398515], [33.5176957, 52.3411146], [33.5181298, 52.3414336], [33.5183835, 52.3418141], [33.5189161, 52.3422804], [33.51952, 52.3426775], [33.5190992, 52.3431818], [33.5191489, 52.3434308], [33.5192411, 52.3436357], [33.5196018, 52.3438484], [33.5197402, 52.3440098], [33.5188511, 52.3441174], [33.5188343, 52.344248], [33.5185659, 52.3442865], [33.5182724, 52.3448655], [33.518545, 52.3451319], [33.5183814, 52.3453804], [33.5181192, 52.3455638], [33.5176433, 52.345734], [33.5170579, 52.3458671], [33.5168624, 52.3459215], [33.5162187, 52.3462006], [33.5155633, 52.3466204], [33.5153578, 52.3469022], [33.5154039, 52.3471635], [33.5156597, 52.3474658], [33.5158275, 52.34764], [33.5156933, 52.3478603], [33.5155423, 52.3480063], [33.5158862, 52.3484187], [33.5162594, 52.3483829], [33.5164146, 52.3485084], [33.5166285, 52.348616], [33.5169094, 52.3486493], [33.5174462, 52.3489516], [33.5175595, 52.3491104], [33.5174085, 52.3491283], [33.5170814, 52.3493358], [33.5172365, 52.3495126], [33.5172491, 52.3497175], [33.5171862, 52.34982], [33.517052, 52.3497534], [33.5169094, 52.3496842], [33.517052, 52.350007], [33.5168675, 52.3501607], [33.5166159, 52.3504604], [33.5168088, 52.3507934], [33.5181508, 52.3515363], [33.519023, 52.3519692], [33.5188092, 52.352835], [33.5183961, 52.3548492], [33.509321, 52.358015], [33.5076273, 52.3579911], [33.5067924, 52.3573923], [33.504626, 52.3575235], [33.5028049, 52.3570192], [33.4954679, 52.3562052], [33.4916885, 52.3564304], [33.4916858, 52.3568244], [33.4911239, 52.3569571], [33.4904024, 52.3571127], [33.4897681, 52.3572093], [33.4894153, 52.3572536], [33.4887716, 52.3573658], [33.4885396, 52.3573961], [33.4882218, 52.3574141], [33.4876129, 52.3574837], [33.4871918, 52.3575288], [33.4865226, 52.357582], [33.4862141, 52.3575959], [33.4859017, 52.3576221], [33.4854242, 52.3576909], [33.4850836, 52.3577597], [33.4845337, 52.3578793], [33.4842266, 52.3579653], [33.4838927, 52.3580603], [33.4835802, 52.3581218], [33.4834112, 52.358148], [33.4832248, 52.358166], [33.482852, 52.3581865], [33.4825703, 52.3582012], [33.4720297, 52.3590633], [33.4656961, 52.3622956], [33.4637572, 52.3632841], [33.4624199, 52.3625289], [33.4622129, 52.3623339], [33.4617533, 52.3619011], [33.4601877, 52.3626876], [33.4579796, 52.3638419], [33.4551102, 52.365307], [33.4547484, 52.3648582], [33.4530044, 52.3626943], [33.4510891, 52.3602485], [33.4526932, 52.359664], [33.4521333, 52.35731], [33.4451872, 52.3573223], [33.4420086, 52.3560962], [33.4393772, 52.3529424], [33.4430634, 52.3511189], [33.4434433, 52.3509299], [33.4450202, 52.3499748], [33.4455705, 52.3495207], [33.4461247, 52.348052], [33.4465218, 52.3467567], [33.4468122, 52.3426564], [33.4287445, 52.3456787], [33.4276261, 52.3432736], [33.4264584, 52.3407613], [33.4257275, 52.3388993], [33.4243426, 52.3353637], [33.4227136, 52.3312476], [33.4211952, 52.3315927], [33.4180453, 52.3302479], [33.4161472, 52.328539], [33.4156716, 52.3267585], [33.4152433, 52.3257535], [33.4148011, 52.3249041], [33.414182, 52.3244792], [33.4128863, 52.3236101], [33.4112542, 52.3225617], [33.4095817, 52.3220895], [33.4073885, 52.3219327], [33.4050312, 52.3216621], [33.4054005, 52.3207829], [33.4052825, 52.3192812], [33.4043574, 52.3177934], [33.4034103, 52.3152379], [33.4018673, 52.3131851], [33.4008923, 52.312695], [33.4000461, 52.3124699], [33.3968759, 52.3128217], [33.3956379, 52.3133435], [33.3914739, 52.3154961], [33.3899376, 52.316284], [33.3884365, 52.3162992], [33.3873376, 52.3162199], [33.3866461, 52.3156866], [33.3868681, 52.3154058], [33.3878214, 52.3147873], [33.3887923, 52.3138245], [33.3890068, 52.3132079], [33.3890063, 52.3127752], [33.395766, 52.308659], [33.3969918, 52.3090248], [33.3979279, 52.308764], [33.3999355, 52.3061411], [33.4018398, 52.3035939], [33.4021306, 52.3027481], [33.4006362, 52.3027144], [33.3973602, 52.3012074], [33.3960718, 52.3018397], [33.395183, 52.3025963], [33.3863783, 52.2969451], [33.3861829, 52.2963342], [33.3910317, 52.2929674], [33.392783, 52.2917323], [33.3940483, 52.2908647], [33.3937593, 52.2905266], [33.3932308, 52.2901925], [33.392815, 52.2899938], [33.3923321, 52.2900399], [33.3918375, 52.2900087], [33.3913585, 52.2899141], [33.3906727, 52.2898608], [33.3901012, 52.2899993], [33.3897096, 52.2901667], [33.3893877, 52.2904718], [33.389136, 52.2907733], [33.3888006, 52.2909681], [33.3884007, 52.2911182], [33.387993, 52.2910756], [33.3870646, 52.2902396], [33.3858372, 52.2893441], [33.3855876, 52.2888889], [33.3854113, 52.2885201], [33.3855893, 52.2882284], [33.3859264, 52.2881056], [33.3864502, 52.2876711], [33.3865499, 52.287289], [33.3864202, 52.2869495], [33.3860779, 52.2866228], [33.3856395, 52.2862835], [33.3845303, 52.2857426], [33.3841495, 52.2850473], [33.3840982, 52.2843852], [33.384302, 52.2838467], [33.3847041, 52.2834419], [33.3847183, 52.2830013], [33.3846136, 52.2827829], [33.3843973, 52.2825504], [33.3843519, 52.2823494], [33.3845041, 52.2822414], [33.3848226, 52.2822648], [33.3851507, 52.2825275], [33.3856392, 52.2828], [33.3859278, 52.2830185], [33.3863462, 52.2831825], [33.3867162, 52.2830836], [33.3867618, 52.282849], [33.3866304, 52.2824699], [33.3864453, 52.2821138], [33.3864561, 52.2817791], [33.3866501, 52.2815767], [33.386507, 52.2811916], [33.3859308, 52.2810066], [33.3849643, 52.2808441], [33.3841471, 52.2806808], [33.3837113, 52.2803909], [33.3831078, 52.2797656], [33.3829305, 52.2794312], [33.3831104, 52.2792499], [33.3835942, 52.2792454], [33.3842163, 52.2792791], [33.3847877, 52.2795008], [33.3854924, 52.2800145], [33.3860299, 52.280342], [33.386547, 52.2804235], [33.3868986, 52.2803531], [33.3872098, 52.2802071], [33.3873173, 52.2796084], [33.387687, 52.2790369], [33.3875585, 52.2788089], [33.3870408, 52.2784906], [33.3866184, 52.2783893], [33.3860988, 52.2783753], [33.384492, 52.2779483], [33.3840214, 52.277585], [33.3836422, 52.2771498], [33.3829072, 52.2763], [33.3826026, 52.276106], [33.3820568, 52.275924], [33.3818593, 52.2761104], [33.381655, 52.2764494], [33.3818561, 52.2768987], [33.3818777, 52.2772725], [33.3816322, 52.2774765], [33.3811882, 52.2775673], [33.3805576, 52.27742], [33.3796513, 52.2768101], [33.3790843, 52.2765074], [33.3783846, 52.2763405], [33.3775844, 52.2760975], [33.3772758, 52.2758537], [33.3771847, 52.2754458], [33.3773259, 52.2750764], [33.3777792, 52.2749077], [33.3784701, 52.2748697], [33.3802999, 52.274842], [33.3811919, 52.2749426], [33.3822986, 52.2751425], [33.3833782, 52.2750289], [33.3840522, 52.2748061], [33.384667, 52.2744108], [33.3848919, 52.274051], [33.3848626, 52.2736327], [33.3845705, 52.2732947], [33.3838735, 52.273088], [33.3824546, 52.2722549], [33.3819706, 52.2721955], [33.381265, 52.2725499], [33.3807842, 52.2726032], [33.3801833, 52.272421], [33.3799358, 52.272145], [33.3798123, 52.2716971], [33.3801398, 52.2715165], [33.3808318, 52.2715583], [33.3820212, 52.2720096], [33.3832507, 52.2721167], [33.3841285, 52.2713552], [33.3863535, 52.2694618], [33.3863565, 52.2691428], [33.3865124, 52.2685973], [33.3864723, 52.2679657], [33.3861691, 52.2674942], [33.3856722, 52.2672403], [33.384386, 52.2670035], [33.383214, 52.2668399], [33.382149, 52.2667734], [33.3796719, 52.2639693], [33.3741994, 52.2577027], [33.3730644, 52.258081], [33.3649101, 52.2521873], [33.3653712, 52.2528633], [33.3647576, 52.2546586], [33.3631153, 52.2563872], [33.3611984, 52.2579004], [33.3590354, 52.2584295], [33.3588623, 52.2580751], [33.3585667, 52.2561813], [33.3591217, 52.2557728], [33.359009, 52.2551915], [33.3584458, 52.2547416], [33.3576451, 52.2542298], [33.3584082, 52.2536284], [33.3585155, 52.2528698], [33.3586764, 52.2520455], [33.3599319, 52.2516909], [33.3605486, 52.2512278], [33.3612025, 52.2503116], [33.3615886, 52.2488877], [33.3606717, 52.2470758], [33.3610489, 52.2460569], [33.3619491, 52.2453672], [33.362965, 52.2451754], [33.3638948, 52.2452128], [33.365914, 52.2455841], [33.3670993, 52.2453531], [33.3681332, 52.2445635], [33.3683792, 52.2439111], [33.3672622, 52.2427803], [33.366167, 52.241592], [33.3647068, 52.2398579], [33.3632971, 52.2382216], [33.3624261, 52.2371563], [33.3624539, 52.236382], [33.3627808, 52.2359574], [33.3636162, 52.2356419], [33.3658337, 52.2349236], [33.3667774, 52.2338874], [33.3670937, 52.2333216], [33.3670655, 52.2327], [33.3661178, 52.2320852], [33.3634776, 52.2312198], [33.3621365, 52.2306909], [33.3604918, 52.2299605], [33.3592636, 52.2292112], [33.3587175, 52.2285736], [33.3578913, 52.2282278], [33.3570886, 52.227714], [33.3567345, 52.2272901], [33.3565092, 52.2267742], [33.3561491, 52.2253377], [33.3558814, 52.2242684], [33.3553287, 52.222566], [33.3554792, 52.2224675], [33.3553183, 52.2222099], [33.3546209, 52.2216742], [33.3540523, 52.2211484], [33.3536285, 52.2208756], [33.3531243, 52.2206817], [33.3527307, 52.2204965], [33.3522606, 52.2201888], [33.3519012, 52.2200475], [33.3513218, 52.2198996], [33.3504617, 52.2198641], [33.3491881, 52.219966], [33.3482982, 52.2202142], [33.3477598, 52.2205106], [33.3474194, 52.2208137], [33.3468693, 52.2210564], [33.3461881, 52.2211681], [33.3455361, 52.2212062], [33.3445787, 52.2212141], [33.3439082, 52.2211714], [33.3431591, 52.2210414], [33.3420032, 52.2208126], [33.3411885, 52.2205007], [33.3405121, 52.2201394], [33.3399296, 52.21971], [33.3380521, 52.2173776], [33.3369909, 52.2163384], [33.3358133, 52.2155383], [33.3353734, 52.2153378], [33.3341795, 52.2149386], [33.3334227, 52.2148166], [33.3316678, 52.2145792], [33.3312893, 52.214636], [33.3309632, 52.2145269], [33.3306366, 52.2146279], [33.3300358, 52.2147692], [33.3293706, 52.2148711], [33.3287144, 52.215076], [33.3278418, 52.2157158], [33.3273536, 52.216167], [33.3270907, 52.2163435], [33.3266222, 52.21709], [33.3263797, 52.217982], [33.3259379, 52.2202029], [33.3256889, 52.2207442], [33.3253688, 52.2211073], [33.325173, 52.2212798], [33.3248007, 52.2214772], [33.3243388, 52.2216167], [33.3240437, 52.2216397], [33.3237882, 52.2216398], [33.3235021, 52.2215736], [33.3229414, 52.2212782], [33.3214879, 52.2203362], [33.3193526, 52.2187362], [33.3167933, 52.2165959], [33.3151174, 52.2151143], [33.3145537, 52.2145158], [33.3174784, 52.2128294], [33.319979, 52.214603], [33.323945, 52.2130711], [33.3256112, 52.2125585], [33.3278468, 52.2114678], [33.326467, 52.2097158], [33.3253711, 52.2083128], [33.3300948, 52.2057115], [33.3299832, 52.2050489], [33.3296595, 52.2046099], [33.3297193, 52.204339], [33.3300143, 52.2040792], [33.330445, 52.2038349], [33.3305186, 52.2033724], [33.3305155, 52.2028596], [33.3309563, 52.2022528], [33.3313662, 52.202008], [33.3314603, 52.2017825], [33.3309571, 52.2010655], [33.330864, 52.2009844], [33.3303255, 52.2007751], [33.3299536, 52.2005234], [33.3296648, 52.1997475], [33.3296335, 52.1993393], [33.3296442, 52.1992101], [33.3297837, 52.1989404], [33.3301377, 52.1985064], [33.3302665, 52.19849], [33.3306454, 52.1982256], [33.330652, 52.1978888], [33.330455, 52.1977873], [33.3300077, 52.1977926], [33.329428, 52.1978449], [33.3289802, 52.1979348], [33.3286477, 52.1980359], [33.3276613, 52.1982], [33.327033, 52.1982684], [33.3268118, 52.1982713], [33.3265597, 52.1981365], [33.3265731, 52.1980543], [33.3266641, 52.197966], [33.3273134, 52.1978653], [33.3275145, 52.1978965], [33.3279276, 52.1977189], [33.328, 52.1975167], [33.3279534, 52.1973845], [33.3276628, 52.1970396], [33.3275747, 52.1965288], [33.3274099, 52.1964464], [33.3271015, 52.1964892], [33.3267837, 52.1965002], [33.3265892, 52.1963741], [33.3264604, 52.1963412], [33.3263317, 52.1962048], [33.3263719, 52.1960305], [33.3267607, 52.1959032], [33.326852, 52.1957625], [33.3270827, 52.1955327], [33.3269566, 52.1952857], [33.3267663, 52.1951579], [33.3264014, 52.1951624], [33.3259764, 52.1952117], [33.3253617, 52.1953973], [33.3251429, 52.19542], [33.3250308, 52.1953926], [33.3249021, 52.1952084], [33.3248779, 52.1949651], [33.3246063, 52.1945972], [33.3242835, 52.1944143], [33.3236063, 52.1941146], [33.3229614, 52.1938799], [33.3225987, 52.1939485], [33.3214996, 52.1938191], [33.3214683, 52.1931277], [33.321344, 52.1925933], [33.3214325, 52.1920349], [33.3216485, 52.1914399], [33.3216859, 52.1904413], [33.3213494, 52.1901009], [33.3203646, 52.1897772], [33.3190755, 52.1899848], [33.3181209, 52.190641], [33.3167483, 52.1916498], [33.316099, 52.1918675], [33.3151656, 52.1920648], [33.3141615, 52.192078], [33.3135617, 52.1919036], [33.3127226, 52.1917365], [33.3121686, 52.191363], [33.3118994, 52.1909831], [33.3116661, 52.1899214], [33.3120167, 52.1897233], [33.3119899, 52.189253], [33.3117431, 52.1889472], [33.311787, 52.1886234], [33.3119309, 52.1885361], [33.3124953, 52.1885169], [33.314222, 52.1864848], [33.3145246, 52.1857278], [33.3141249, 52.1854314], [33.3135809, 52.185168], [33.3121007, 52.1850187], [33.3111594, 52.1852395], [33.3102427, 52.1848036], [33.3109653, 52.1838856], [33.3118719, 52.1836224], [33.3130038, 52.1837014], [33.313449, 52.1839711], [33.3145373, 52.1843713], [33.3160508, 52.1837441], [33.3160078, 52.1824976], [33.3161312, 52.181945], [33.3176092, 52.1825383], [33.3183896, 52.1815042], [33.319249, 52.1805149], [33.3187236, 52.1796444], [33.3177931, 52.1787477], [33.3168897, 52.1776917], [33.3167479, 52.1765703], [33.3176172, 52.1754779], [33.3195945, 52.1743885], [33.3201384, 52.1742475], [33.3202833, 52.173958], [33.3196895, 52.1733886], [33.3221836, 52.1737044], [33.3227563, 52.1733724], [33.3215225, 52.1711517], [33.3246714, 52.1701844], [33.3249245, 52.1697698], [33.3287715, 52.169727], [33.328582, 52.1690493], [33.328743, 52.1687763], [33.3289683, 52.1686512], [33.3296657, 52.1690625], [33.3326937, 52.1664471], [33.3313005, 52.1644101], [33.3314666, 52.1636363], [33.3327942, 52.162952], [33.3360654, 52.1627186], [33.3363986, 52.1625966], [33.3371168, 52.1616458], [33.3373854, 52.1597948], [33.3375943, 52.158401], [33.3378571, 52.1573348], [33.3377518, 52.1548084], [33.3374055, 52.154372], [33.3352554, 52.154511], [33.3326429, 52.1545472], [33.3302718, 52.1545439], [33.328795, 52.1543965], [33.3289844, 52.1539416], [33.3290799, 52.1519652], [33.3287977, 52.1511141], [33.3276755, 52.1496363], [33.3262378, 52.1485205], [33.3258408, 52.1472795], [33.3256511, 52.1460252], [33.3253151, 52.1440073], [33.3251946, 52.1431875], [33.3249772, 52.1407152], [33.3243248, 52.1383898], [33.3236877, 52.1361603], [33.3288328, 52.1358886], [33.3359903, 52.1355328], [33.3419808, 52.1352333], [33.3423715, 52.1379584], [33.3374384, 52.138275], [33.3343819, 52.1384602], [33.3328521, 52.1386212], [33.3302727, 52.139096], [33.3291915, 52.1394281], [33.3289415, 52.1399382], [33.3291205, 52.1402275], [33.3290634, 52.1413024], [33.3298867, 52.1425169], [33.3292982, 52.1441357], [33.328574, 52.1457405], [33.3305132, 52.1462294], [33.334212, 52.1458985], [33.3369666, 52.1464894], [33.3393969, 52.1469302], [33.3432952, 52.1457451], [33.3441187, 52.1455372], [33.3498341, 52.1437069], [33.3518958, 52.1425489], [33.3586831, 52.1408673], [33.365457, 52.1392106], [33.3721203, 52.1370946], [33.3804255, 52.1344531], [33.398378, 52.1288747], [33.4081149, 52.1258547], [33.4172931, 52.1229878], [33.4101193, 52.1157531], [33.4110143, 52.1156358], [33.4168684, 52.1138271], [33.425342, 52.1113429], [33.4334185, 52.1094302], [33.4342482, 52.1089706], [33.4398967, 52.1021394], [33.4419102, 52.0995828], [33.4442126, 52.0981475], [33.4449467, 52.0974218], [33.4444964, 52.0956163], [33.4431495, 52.0937191], [33.4398414, 52.0902312], [33.4383431, 52.0886008], [33.4383976, 52.0878587], [33.4450763, 52.0887087], [33.4483233, 52.089153], [33.4498059, 52.0891854], [33.4526495, 52.0894218], [33.4589765, 52.089055], [33.4601306, 52.0871672], [33.4662698, 52.0865914], [33.4752103, 52.0852051], [33.4843981, 52.0838932], [33.4906554, 52.0828971], [33.4918314, 52.0831395], [33.492363, 52.083746], [33.4919337, 52.0868296], [33.4982011, 52.0894855], [33.4997424, 52.0892317], [33.5004441, 52.0884678], [33.5003898, 52.0863755], [33.5004791, 52.080554], [33.500716, 52.0741232], [33.5006681, 52.0698432], [33.5001106, 52.0696743], [33.4998901, 52.0692758], [33.50015, 52.062141], [33.5003148, 52.0575557], [33.499769, 52.0556557], [33.4999504, 52.0525541], [33.5001699, 52.0473408], [33.5001075, 52.0445066], [33.5000385, 52.0383243], [33.4981878, 52.0383321], [33.4858819, 52.0385167], [33.4765357, 52.0385548], [33.4692872, 52.0386029], [33.4647216, 52.0385829], [33.4604515, 52.0372871], [33.456429, 52.0360662], [33.4553357, 52.0358685], [33.4536479, 52.0355633], [33.4505252, 52.0348334], [33.4427998, 52.0333788], [33.4398341, 52.0328953], [33.4385659, 52.0325196], [33.4372258, 52.0310978], [33.4353227, 52.0288601], [33.431909, 52.0266469], [33.4309165, 52.0260609], [33.4287238, 52.0257264], [33.4271241, 52.0261317], [33.4233164, 52.0278576], [33.4193516, 52.0292985], [33.4131763, 52.0318694], [33.4105706, 52.0336096], [33.4041572, 52.0475187], [33.4026129, 52.050777], [33.4020634, 52.0514256], [33.3972761, 52.0509092], [33.3926128, 52.0504302], [33.3908518, 52.0501698], [33.3888398, 52.0494345], [33.3846288, 52.0476982], [33.3815939, 52.0463764], [33.374659, 52.0435071], [33.37144, 52.0422237], [33.3694273, 52.0413169], [33.3678193, 52.0408464], [33.365405, 52.0398456], [33.3638541, 52.0388042], [33.3625179, 52.0375908], [33.3595656, 52.0348605], [33.356863, 52.0324528], [33.3563644, 52.0318075], [33.3550288, 52.030613], [33.3496041, 52.0310478], [33.3456432, 52.0293473], [33.338987, 52.0300515], [33.3244381, 52.0311577], [33.3172152, 52.0318981], [33.3148505, 52.0293032], [33.3131907, 52.0256658], [33.3158617, 52.0204854], [33.3180595, 52.0189051], [33.3180037, 52.0174714], [33.3139651, 52.0152605], [33.3126152, 52.0149927], [33.310145, 52.0152398], [33.3085655, 52.0153978], [33.3073271, 52.0160364], [33.306019, 52.0175348], [33.3048635, 52.0159369], [33.3035427, 52.0152654], [33.3044998, 52.0127676], [33.3133834, 52.0106551], [33.3161552, 52.0099526], [33.3191444, 52.0095425], [33.3224079, 52.0089344], [33.3263773, 52.0080118], [33.328249, 52.0076538], [33.3302767, 52.0073054], [33.3368049, 52.0064118], [33.3394979, 52.0038169], [33.3409979, 52.0024619], [33.3436607, 52.0000192], [33.3443696, 52.0000172], [33.3444299, 51.9998458], [33.3453184, 51.9991583], [33.3463338, 51.9989461], [33.3476282, 51.9989423], [33.3489217, 51.9988243], [33.3490256, 51.996332], [33.3489534, 51.9949625], [33.3477122, 51.9938628], [33.3481996, 51.9931385], [33.3485939, 51.9923193], [33.3490499, 51.991519], [33.3495059, 51.9907186], [33.3497147, 51.9898429], [33.3495506, 51.9885498], [33.3494447, 51.986819], [33.3496789, 51.9852394], [33.3501609, 51.9838302], [33.3511408, 51.9830664], [33.3527067, 51.9823769], [33.3540906, 51.9820683], [33.356152, 51.9817197], [33.35849, 51.9812941], [33.3598104, 51.9807574], [33.3624194, 51.97957], [33.36571, 51.978875], [33.366452, 51.9791961], [33.3665495, 51.9798235], [33.3672918, 51.9801827], [33.3681828, 51.9798945], [33.370611, 51.9792211], [33.3725102, 51.9779215], [33.3730261, 51.9769878], [33.3730794, 51.9759793], [33.3726398, 51.9749725], [33.3720146, 51.9738711], [33.371573, 51.972617], [33.3716542, 51.971266], [33.3720499, 51.9706941], [33.3729407, 51.9704059], [33.3740197, 51.9705166], [33.3760902, 51.9713471], [33.3773276, 51.9719899], [33.3789945, 51.9724221], [33.3805676, 51.9726834], [33.3823218, 51.9725065], [33.3840714, 51.9717969], [33.3864896, 51.9700389], [33.3881373, 51.9682452], [33.3904932, 51.9664492], [33.3922962, 51.9648453], [33.394675, 51.9621931], [33.3962562, 51.959905], [33.3965546, 51.9588196], [33.3963618, 51.9579071], [33.3959242, 51.9571667], [33.3952332, 51.9556281], [33.3942383, 51.9545281], [33.3931246, 51.953923], [33.3907169, 51.9532082], [33.38896, 51.9529857], [33.3873886, 51.9528387], [33.3860032, 51.9528432], [33.3847425, 51.9530376], [33.3823468, 51.9537112], [33.3793371, 51.954615], [33.3776139, 51.9547347], [33.3761658, 51.9546062], [33.3742234, 51.954289], [33.372648, 51.9536662], [33.3713797, 51.9529473], [33.3699185, 51.9512208], [33.3697239, 51.9500229], [33.3701166, 51.9491085], [33.3707562, 51.9482695], [33.371898, 51.947784], [33.3719738, 51.9470787], [33.3716946, 51.9463016], [33.3703704, 51.9456529], [33.3695595, 51.9452861], [33.3686402, 51.9453452], [33.3671415, 51.945538], [33.3659936, 51.9456306], [33.3643579, 51.9458566], [33.361963, 51.946136], [33.3613566, 51.9462299], [33.3597999, 51.9450664], [33.3588812, 51.9436739], [33.3574054, 51.9414236], [33.3574211, 51.9392815], [33.3556529, 51.9387042], [33.3565849, 51.9363813], [33.3568812, 51.9356573], [33.3574737, 51.9341759], [33.3559115, 51.9325267], [33.3552, 51.9309872], [33.3517174, 51.9307938], [33.3439332, 51.9303441], [33.339734, 51.9300993], [33.3357559, 51.9298778], [33.3334299, 51.929746], [33.3311768, 51.9293982], [33.3287853, 51.9290127], [33.3273646, 51.9306287], [33.3261067, 51.9320444], [33.324923, 51.9325267], [33.3200796, 51.9334213], [33.3183188, 51.9336796], [33.3171509, 51.933892], [33.316845, 51.9341591], [33.3173152, 51.9353754], [33.3175058, 51.9362119], [33.3173859, 51.9366688], [33.316433, 51.9368426], [33.3157863, 51.9367872], [33.3116515, 51.9352383], [33.3078899, 51.9342209], [33.3049324, 51.933772], [33.3024061, 51.93336], [33.3014527, 51.9334576], [33.2987784, 51.933921], [33.2965051, 51.9345355], [33.2958168, 51.9328251], [33.2958392, 51.9315504], [33.2952762, 51.9301631], [33.2946248, 51.9293658], [33.2931123, 51.9286467], [33.2924584, 51.9274688], [33.2927901, 51.9264217], [33.2930602, 51.9253747], [33.2925336, 51.9248244], [33.2916044, 51.9238755], [33.2896625, 51.9233286], [33.2876904, 51.9228769], [33.2846122, 51.922637], [33.2787984, 51.9228412], [33.2756611, 51.9230007], [33.2728927, 51.9231023], [33.2703677, 51.9227657], [33.2690724, 51.922255], [33.268114, 51.9214772], [33.2672156, 51.920433], [33.2659181, 51.9195228], [33.2647164, 51.9192021], [33.2629636, 51.9193392], [33.2619204, 51.9198361], [33.2606983, 51.9213036], [33.2596307, 51.922904], [33.2588336, 51.9234003], [33.257609, 51.9244683], [33.2558302, 51.9254805], [33.2544796, 51.9260541], [33.2530044, 51.9263616], [33.2521423, 51.9262684], [33.2520474, 51.925812], [33.2524402, 51.9245176], [33.2529874, 51.9233369], [33.2516594, 51.9224457], [33.2487634, 51.921748], [33.246761, 51.9212766], [33.2455884, 51.9206322], [33.2454302, 51.9198336], [33.245917, 51.9188243], [33.2471747, 51.9181749], [33.2490791, 51.9176192], [33.2498155, 51.9172752], [33.2487042, 51.9165927], [33.2471656, 51.9165008], [33.243962, 51.9157275], [33.2416855, 51.9157132], [33.2388568, 51.9159853], [33.2382686, 51.9152826], [33.2380193, 51.9146744], [33.2378596, 51.9135523], [33.2378545, 51.9125821], [33.2377888, 51.9118023], [33.2371993, 51.9108333], [33.2362101, 51.9099031], [33.2349151, 51.9092969], [33.2333136, 51.9089006], [33.2315909, 51.9088469], [33.2299299, 51.9088312], [33.228149, 51.9094244], [33.2265536, 51.9102264], [33.2250215, 51.9114088], [33.2240421, 51.9123809], [33.2226314, 51.9132586], [33.221433, 51.9135082], [33.2202013, 51.9132442], [33.2193049, 51.9123708], [33.2194037, 51.9110364], [33.2195723, 51.9104299], [33.220214, 51.9095536], [33.2215012, 51.908619], [33.222666, 51.9077988], [33.2235242, 51.9072075], [33.22392, 51.9063887], [33.2233018, 51.9057621], [33.2225612, 51.9052689], [33.2208682, 51.9049677], [33.2195761, 51.904894], [33.2180701, 51.905087], [33.2169035, 51.9055267], [33.2162604, 51.9060986], [33.2154675, 51.9075268], [33.2152575, 51.9086306], [33.2156624, 51.9096952], [33.2159751, 51.9107599], [33.2157012, 51.9113692], [33.2152425, 51.9119407], [33.2144149, 51.912551], [33.2134322, 51.9128952], [33.2124176, 51.9129921], [33.2107258, 51.9129952], [33.2087857, 51.9125421], [33.2034876, 51.9108963], [33.2012077, 51.9100822], [33.1991458, 51.9098194], [33.198161, 51.9097069], [33.1972691, 51.9097274], [33.1962862, 51.9100524], [33.1942914, 51.911102], [33.1924796, 51.9117899], [33.1913747, 51.9123814], [33.1898995, 51.9126691], [33.1888536, 51.9126708], [33.1876839, 51.9124824], [33.1870978, 51.9120839], [33.1866012, 51.9110003], [33.1866248, 51.9092691], [33.18631, 51.9075195], [33.1849189, 51.9058095], [33.1843926, 51.9049543], [33.1844204, 51.9042314], [33.1842946, 51.9035657], [33.1840476, 51.9033188], [33.1835241, 51.9031674], [33.1829397, 51.9031303], [33.1811582, 51.9036847], [33.1793469, 51.9044865], [33.1787644, 51.904963], [33.178305, 51.9054393], [33.1776905, 51.9055924], [33.1766143, 51.9056701], [33.1756604, 51.9055383], [33.1746735, 51.9048359], [33.1737464, 51.9036769], [33.172543, 51.9026514], [33.1716477, 51.9017205], [33.1714903, 51.9007886], [33.1716421, 51.9002557], [33.1724708, 51.899855], [33.1748368, 51.8993569], [33.1766483, 51.8986313], [33.1778429, 51.89745], [33.1790965, 51.8956599], [33.179767, 51.894156], [33.1798834, 51.8925008], [33.1803407, 51.8915109], [33.1814705, 51.8895877], [33.1814657, 51.8883893], [33.1807839, 51.8870396], [33.1799187, 51.8859376], [33.177423, 51.8845146], [33.1744361, 51.8832064], [33.1719724, 51.8820306], [33.1689577, 51.8814262], [33.1646231, 51.8813182], [33.161334, 51.8813227], [33.1583503, 51.880737], [33.1548107, 51.8793911], [33.1521959, 51.8787667], [33.1504748, 51.8788069], [33.148138, 51.8785816], [33.1462917, 51.8779371], [33.1443238, 51.8777113], [33.1430003, 51.8771422], [33.1424757, 51.8764579], [33.142934, 51.8756013], [33.1438518, 51.8742685], [33.1441254, 51.873317], [33.1437545, 51.8726517], [33.1426166, 51.8724057], [33.1410187, 51.8724838], [33.1387154, 51.8730382], [33.1373949, 51.8733631], [33.1363489, 51.8730219], [33.1358547, 51.8721854], [33.1338548, 51.8714268], [33.134214, 51.8682114], [33.1343932, 51.86648], [33.1348478, 51.8643488], [33.1348441, 51.8630933], [33.1343199, 51.8624851], [33.133274, 51.8620868], [33.1317999, 51.8623358], [33.130206, 51.8636692], [33.1289182, 51.8646218], [33.1273527, 51.8651942], [33.1258471, 51.8651958], [33.1242478, 51.8647029], [33.1234764, 51.8635242], [33.1235346, 51.8623067], [33.1242374, 51.8608982], [33.1258016, 51.8598883], [33.1277963, 51.8590681], [33.1303431, 51.8579239], [33.131845, 51.8567047], [33.1319047, 51.8561339], [33.1315043, 51.8557539], [33.1299676, 51.8555653], [33.1287392, 51.8556999], [33.1273261, 51.8557585], [33.1257889, 51.8553416], [33.1248041, 51.8547149], [33.1245551, 51.8535357], [33.1243364, 51.8522042], [33.1238418, 51.8510823], [33.1234057, 51.848857], [33.1234019, 51.8474873], [33.1227832, 51.8458709], [33.1229039, 51.8450528], [33.1237014, 51.8446905], [33.1251753, 51.8445368], [33.1259746, 51.8448213], [33.126376, 51.8455818], [33.1269921, 51.8462089], [33.127515, 51.8464747], [33.1283752, 51.8465498], [33.1292336, 51.8459592], [33.1297222, 51.8449694], [33.1306437, 51.8436581], [33.1288453, 51.8431036], [33.1277235, 51.8419406], [33.1276344, 51.8411684], [33.1284413, 51.8393255], [33.1281989, 51.8377415], [33.128336, 51.8373076], [33.1290168, 51.8367784], [33.1301808, 51.8363035], [33.130071, 51.8355843], [33.1288851, 51.8351907], [33.1288641, 51.8348881], [33.1297056, 51.834515], [33.1304465, 51.8337939], [33.1312684, 51.8337004], [33.1320975, 51.8333289], [33.1323911, 51.8336718], [33.1374549, 51.8335525], [33.1378047, 51.8331153], [33.1378054, 51.8334482], [33.1404413, 51.8332915], [33.1402656, 51.8316087], [33.1416286, 51.8303524], [33.1422685, 51.8282364], [33.1445919, 51.828365], [33.1448335, 51.8267091], [33.1443284, 51.8260576], [33.1436256, 51.8257047], [33.1442639, 51.8245843], [33.1449467, 51.8229519], [33.1467742, 51.8198018], [33.1470839, 51.8176087], [33.1468163, 51.8161736], [33.1457176, 51.8149006], [33.1446438, 51.8142955], [33.1425829, 51.8138186], [33.1403841, 51.8138934], [33.1379903, 51.8148936], [33.1360424, 51.8156723], [33.1343465, 51.8160366], [33.1335847, 51.8154886], [33.1320343, 51.8150481], [33.1310878, 51.8150018], [33.1305428, 51.8147404], [33.1299624, 51.8143334], [33.1252037, 51.811582], [33.1235804, 51.8111434], [33.1221755, 51.8105333], [33.1216445, 51.8072572], [33.1213214, 51.8062469], [33.1200155, 51.8055314], [33.1184926, 51.8040348], [33.1170424, 51.8028534], [33.1156412, 51.8011127], [33.1136475, 51.7983804], [33.1122641, 51.7972254], [33.1086916, 51.7957974], [33.1076165, 51.7952913], [33.1077718, 51.7939659], [33.1087967, 51.7925829], [33.108424, 51.791949], [33.1073681, 51.7914687], [33.1062954, 51.7911831], [33.1050113, 51.7912094], [33.1029741, 51.7905334], [33.1007528, 51.7890098], [33.1003433, 51.787458], [33.1002059, 51.7850505], [33.1020649, 51.7835501], [33.1027718, 51.7829615], [33.1023787, 51.782063], [33.1009962, 51.7824595], [33.0993893, 51.7830004], [33.0917021, 51.7855038], [33.0904686, 51.7852623], [33.0901436, 51.7845264], [33.0919014, 51.7840531], [33.0925109, 51.7827264], [33.0922002, 51.7814306], [33.0900011, 51.781217], [33.0886209, 51.7812466], [33.086413, 51.7814337], [33.0853087, 51.7813774], [33.0848485, 51.7812779], [33.0845489, 51.7809927], [33.0844099, 51.7804935], [33.0834415, 51.77921], [33.0827265, 51.7781547], [33.0816887, 51.7779414], [33.0809403, 51.7774425], [33.080422, 51.7770148], [33.0794337, 51.7766503], [33.0785363, 51.775798]]]}}, {"type": "Feature", "properties": {"name": "Сумы", "population": 267633}, "geometry": {"type": "Point", "coordinates": [34.8027723, 50.9119775]}}, {"type": "Feature", "properties": {"name": "Хотень", "population": 2561}, "geometry": {"type": "Point", "coordinates": [34.78001, 51.0786763]}}, {"type": "Feature", "properties": {"name": "Низы", "population": 3790}, "geometry": {"type": "Point", "coordinates": [34.779339, 50.779922]}}, {"type": "Feature", "properties": {"name": "Знобь-Новгородское", "population": 2178}, "geometry": {"type": "Point", "coordinates": [33.598251, 52.264019]}}, {"type": "Feature", "properties": {"name": "Середина-Буда", "population": 7500}, "geometry": {"type": "Point", "coordinates": [34.0306022, 52.1886906]}}, {"type": "Feature", "properties": {"name": "Хутор-Михайловский", "population": 5771}, "geometry": {"type": "Point", "coordinates": [33.9429257, 52.0476694]}}, {"type": "Feature", "properties": {"name": "Свесса", "population": 7758}, "geometry": {"type": "Point", "coordinates": [33.93299, 51.94816]}}, {"type": "Feature", "properties": {"name": "Ямполь", "population": 7200}, "geometry": {"type": "Point", "coordinates": [33.778454, 51.9481126]}}, {"type": "Feature", "properties": {"name": "Шостка", "population": 79611}, "geometry": {"type": "Point", "coordinates": [33.4728542, 51.864355]}}, {"type": "Feature", "properties": {"name": "Воронеж", "population": 7652}, "geometry": {"type": "Point", "coordinates": [33.4660287, 51.7778331]}}, {"type": "Feature", "properties": {"name": "Эсмань", "population": 1882}, "geometry": {"type": "Point", "coordinates": [34.06345, 51.767231]}}, {"type": "Feature", "properties": {"name": "Глухов", "population": 35800}, "geometry": {"type": "Point", "coordinates": [33.9093, 51.67831]}}, {"type": "Feature", "properties": {"name": "Шалыгино", "population": 3203}, "geometry": {"type": "Point", "coordinates": [34.099838, 51.575661]}}, {"type": "Feature", "properties": {"name": "Кролевец", "population": 23685}, "geometry": {"type": "Point", "coordinates": [33.3875984, 51.5548654]}}, {"type": "Feature", "properties": {"name": "Путивль", "population": 16361}, "geometry": {"type": "Point", "coordinates": [33.8715451, 51.3359821]}}, {"type": "Feature", "properties": {"name": "Конотоп", "population": 87881}, "geometry": {"type": "Point", "coordinates": [33.206675, 51.2397495]}}, {"type": "Feature", "properties": {"name": "Бурынь", "population": 8787}, "geometry": {"type": "Point", "coordinates": [33.8288042, 51.1960431]}}, {"type": "Feature", "properties": {"name": "Ворожба", "population": 9800}, "geometry": {"type": "Point", "coordinates": [34.2245008, 51.1722411]}}, {"type": "Feature", "properties": {"name": "Белополье", "population": 19200}, "geometry": {"type": "Point", "coordinates": [34.3121992, 51.1460449]}}, {"type": "Feature", "properties": {"name": "Терны", "population": 3817}, "geometry": {"type": "Point", "coordinates": [33.98346, 50.99407]}}, {"type": "Feature", "properties": {"name": "Ульяновка", "population": 2777}, "geometry": {"type": "Point", "coordinates": [34.293819, 50.974838]}}, {"type": "Feature", "properties": {"name": "Степановка", "population": 5543}, "geometry": {"type": "Point", "coordinates": [34.6422099, 50.9417042]}}, {"type": "Feature", "properties": {"name": "Угроеды", "population": 2360}, "geometry": {"type": "Point", "coordinates": [35.2702982, 50.8597669]}}, {"type": "Feature", "properties": {"name": "Недригайлов", "population": 6186}, "geometry": {"type": "Point", "coordinates": [33.8782826, 50.8358991]}}, {"type": "Feature", "properties": {"name": "Краснополье", "population": 8905}, "geometry": {"type": "Point", "coordinates": [35.2563391, 50.7712539]}}, {"type": "Feature", "properties": {"name": "Ромны", "population": 43344}, "geometry": {"type": "Point", "coordinates": [33.4877, 50.74207]}}, {"type": "Feature", "properties": {"name": "Боромля", "population": 4482}, "geometry": {"type": "Point", "coordinates": [34.967079, 50.619511]}}, {"type": "Feature", "properties": {"name": "Липовая Долина", "population": 5348}, "geometry": {"type": "Point", "coordinates": [33.7990004, 50.5637857]}}, {"type": "Feature", "properties": {"name": "Тростянец", "population": 21583}, "geometry": {"type": "Point", "coordinates": [34.96467, 50.48046]}}, {"type": "Feature", "properties": {"name": "Великая Писаревка", "population": 5399}, "geometry": {"type": "Point", "coordinates": [35.4838569, 50.4253238]}}, {"type": "Feature", "properties": {"name": "Ахтырка", "population": 49091}, "geometry": {"type": "Point", "coordinates": [34.8868923, 50.3115386]}}, {"type": "Feature", "properties": {"name": "Лебедин", "population": 26244}, "geometry": {"type": "Point", "coordinates": [34.4753069, 50.5809626]}}, {"type": "Feature", "properties": {"name": "Николаевка", "population": 4272}, "geometry": {"type": "Point", "coordinates": [34.3729195, 50.9395138]}}, {"type": "Feature", "properties": {"name": "Чупаховка", "population": 2732}, "geometry": {"type": "Point", "coordinates": [34.584534, 50.379852]}}, {"type": "Feature", "properties": {"name": "Дубовязовка", "population": 3016}, "geometry": {"type": "Point", "coordinates": [33.37846, 51.132481]}}, {"type": "Feature", "properties": {"name": "Кириковка", "population": 3356}, "geometry": {"type": "Point", "coordinates": [35.1304379, 50.3484654]}}]}